timestamp_ns,time_s,dt_s,phase,missing_sample_gap,p_n,p_e,p_d,v_n,v_e,v_d,q_w,q_x,q_y,q_z,ideal_acc_x,ideal_acc_y,ideal_acc_z,ideal_gyro_x,ideal_gyro_y,ideal_gyro_z,observed_acc_x,observed_acc_y,observed_acc_z,observed_gyro_x,observed_gyro_y,observed_gyro_z,true_ba_x,true_ba_y,true_ba_z,true_bg_x,true_bg_y,true_bg_z
10969214,0.010969214000000001,0.010969213928640606,stationary,0,0,0,0,0,0,0,1,0,0,0,0,0,-9.8066499999999994,0,0,0,-0.10000873531225427,-0.21375108069043439,-9.9209004829822334,-0.0033716464933314441,-0.01702023493157117,0.0061327991498067759,0.029999999999999999,-0.02,0.040000000000000001,0.001,-0.00080000000000000004,0.0015
19273004,0.019273004,0.008303790105964718,stationary,0,0,0,0,0,0,0,1,0,0,0,0,0,-9.8066499999999994,0,0,0,-0.37806062461197393,0.17564322610979671,-9.8303311447545205,-0.0073461919604808044,0.024311669430254607,-0.024380451775203829,0.029948774829497503,-0.019851479601229072,0.039927701637429619,0.00099776845403573003,-0.00079663962532495916,0.0014953279884810306
27969102,0.027969102000000003,0.0086960976452698305,stationary,0,0,0,0,0,0,0,1,0,0,0,0,0,-9.8066499999999994,0,0,0,0.12864487492412,0.38006658787395808,-10.035485111129038,0.012015538798725762,-0.010147723165341902,0.0093919153532488198,0.030005794075856847,-0.019899192469281783,0.039869756376739271,0.0010029485279820973,-0.00079970624920762694,0.0014938583784230479
38040134,0.038040134000000003,0.010071032487013628,stationary,0,0,0,0,0,0,0,1,0,0,0,0,0,-9.8066499999999994,0,0,0,0.4604631404438973,-0.0047232438723321842,-9.7314712078621284,-0.00014095684370778183,-0.0047481600260777827,0.0064380449703209846,0.03002705521536075,-0.020013328524026847,0.039895223565250201,0.00099917841475228968,-0.00079875438362346518,0.0014991649700658324
48529278,0.048529278000000002,0.010489144159810405,stationary,0,0,0,0,0,0,0,1,0,0,0,0,0,-9.8066499999999994,0,0,0,-0.0036856144627997675,-0.29797151001034261,-10.010007394029428,0.018984603887780255,0.022812587368140604,-0.013086547357918348,0.029993842931436622,-0.02013998378017224,0.039914567787040743,0.0010005618596347179,-0.00080618098774926442,0.0014993667976488322
58551520,0.058551520000000003,0.010022242480018716,stationary,0,0,0,0,0,0,0,1,0,0,0,0,0,-9.8066499999999994,0,0,0,-0.21067226378010295,0.1838132914659692,-9.118562387787545,-0.0060557363329029057,-0.0022052204114843084,0.030320755358774629,0.030018686952255555,-0.020159486512383133,0.039747731657589207,0.0010035609914062344,-0.0008054577597902704,0.0014974745570707146
70232802,0.070232802000000011,0.011681282206767294,stationary,0,0,0,0,0,0,0,1,0,0,0,0,0,-9.8066499999999994,0,0,0,-0.069564894195001822,-0.09992314899551677,-9.7961870134715063,0.0084991477308617724,0.02064949603051143,0.005381175995851575,0.029974426277951702,-0.020115763856667194,0.039797141527070728,0.0010086723237283336,-0.00080671877234875114,0.0014974565347288891
78602339,0.078602339000000007,0.0083695366796915811,stationary,0,0,0,0,0,0,0,1,0,0,0,0,0,-9.8066499999999994,0,0,0,-0.025269412264816375,-0.091977989670968707,-9.7790225537796722,-0.020168661690240855,0.022178053720880317,0.00057784764137897644,0.029956630880105341,-0.020122515517440983,0.03984886946792067,0.0010045581188410152,-0.0008098618608629618,0.0015022922791297457
90105545,0.090105545000000009,0.011503205737974869,stationary,0,0,0,0,0,0,0,1,0,0,0,0,0,-9.8066499999999994,0,0,0,0.22765309604913914,0.055335332299143974,-9.7686287022063016,0.00051615836760792518,-0.0077692259788807744,0.027211807807399669,0.029868454486506577,-0.020200234128378416,0.039873071394676947,0.0010059705996556642,-0.00081134693004183674,0.0014984115375799552
100867735,0.100867735,0.010762190053454228,stationary,0,0,0,0,0,0,0,1,0,0,0,0,0,-9.8066499999999994,0,0,0,-0.14137857093307041,-0.34219345001627899,-9.8640689702097806,-0.022555122084801531,-0.0054153830550869907,-0.026322796569150708,0.029839064573894059,-0.020076371819092272,0.039814438377401923,0.0010050189057293937,-0.00080881498830819877,0.0014932792453857741
110767024,0.11076702400000001,0.00989928862848952,stationary,0,0,0,0,0,0,0,1,0,0,0,0,0,-9.8066499999999994,0,0,0,0.26404281098322596,-0.31914548376644841,-9.6543873874707717,-0.0013516367346797739,-0.00170180569875681,0.0014890826958755615,0.029769916842926753,-0.020042849151244036,0.039749329969911255,0.0010027424429027978,-0.00080553771315585321,0.0015019232186266479
121331647,0.121331647,0.01056462333100355,stationary,0,0,0,0,0,0,0,1,0,0,0,0,0,-9.8066499999999994,0,0,0,-0.18498677438964919,-0.20383913255787645,-9.70300914777226,0.017233622217872942,0.015969457635401359,-0.0055788629140516247,0.02979262545031891,-0.020118947029771465,0.039728217853978981,0.0010013047432673565,-0.00080665808772886652,0.0014982800015383136
129665508,0.12966550800000001,0.0083338611966454462,stationary,0,0,0,0,0,0,0,1,0,0,0,0,0,-9.8066499999999994,0,0,0,0.25475550149862919,-0.21259774779619037,-10.172064689760392,0.019567532525907594,-0.0011199289039872577,0.015908025203641572,0.029795162720743614,-0.020247906090820233,0.039663744318886966,0.001003741627491297,-0.00080391614384231014,0.0014983500451206033
140508140,0.14050814,0.010842631883627576,stationary,0,0,0,0,0,0,0,1,0,0,0,0,0,-9.8066499999999994,0,0,0,0.27097439619854868,0.42917254992144299,-9.4550955205696479,0.016449420196479773,0.0073539493461423199,0.0076786277699515187,0.029787941310117468,-0.02024859232841885,0.039812715298731982,0.001001082706098105,-0.00080892689357487378,0.0014958312263276914
151572995,0.15157299500000002,0.011064855018225111,stationary,0,0,0,0,0,0,0,1,0,0,0,0,0,-9.8066499999999994,0,0,0,-0.3268888540601203,-0.16965667759482081,-9.6488387853434538,0.0090716116113317251,0.028135936926831608,-0.0042262893832694017,0.029802716983735204,-0.020144618251231986,0.039797594298986855,0.0010054377076739423,-0.00080590974308313479,0.0014913283243729665
160007310,0.16000731000000001,0.0084343145632250708,stationary,0,0,0,0,0,0,0,1,0,0,0,0,0,-9.8066499999999994,0,0,0,0.071553955933012628,0.2541756886383833,-9.7910601351821178,-0.011415263537071745,0.003361826813158345,0.016904517268140243,0.029756334278856208,-0.020219876341045696,0.039732633782958562,0.0010174862572344017,-0.00080223778269311564,0.0014959794108197085
170782115,0.17078211500000001,0.010774804629068062,stationary,0,0,0,0,0,0,0,1,0,0,0,0,0,-9.8066499999999994,0,0,0,0.25018246406104011,0.22456110439329485,-9.3407231765982175,-0.017854301106512642,0.0022943600752794312,0.027735522869210175,0.029779076548508126,-0.020285351688317275,0.039709446811150226,0.0010179177891028006,-0.00080118160162110763,0.0014937676023342116
181262243,0.18126224300000002,0.010480127667641552,stationary,0,0,0,0,0,0,0,1,0,0,0,0,0,-9.8066499999999994,0,0,0,0.31265682674507728,0.077020643223754695,-9.4882767665425956,-0.014833856373905866,0.025885685854354488,0.00032892048929886587,0.029727283618389187,-0.02013645492001076,0.039875609801406281,0.0010169349923733137,-0.00079906360045802773,0.0014919515305177791
193060807,0.193060807,0.011798563673950362,stationary,0,0,0,0,0,0,0,1,0,0,0,0,0,-9.8066499999999994,0,0,0,-0.42190812049626064,-0.039952026970325134,-9.7683150624358479,-0.006796328338742468,0.00047715777756590627,0.018699635980807951,0.029788132993526666,-0.020319463108446203,0.039914625673967329,0.0010231060239950923,-0.00079969085681328648,0.0014935577473705966
203849155,0.203849155,0.010788347855158675,stationary,0,0,0,0,0,0,0,1,0,0,0,0,0,-9.8066499999999994,0,0,0,0.40233381374395566,0.21280028869060988,-9.446322719190384,0.0038226473728137714,0.0022264251824779206,0.030935422840413965,0.030039794211488422,-0.020396178516781445,0.039711279587607645,0.0010261015538198461,-0.00080331247084930815,0.0014913098369020998
215018267,0.21501826700000001,0.01116911184963683,stationary,0,0,0,0,0,0,0,1,0,0,0,0,0,-9.8066499999999994,0,0,0,-0.39638118504948566,0.11066126556723452,-9.6556659640673264,0.0087440852301076035,-0.00089775416006176285,0.0023130184963312235,0.030081773323898161,-0.020341441480165999,0.039657577925711507,0.0010307231839647415,-0.00081437359874667243,0.0014932235458436621
224380058,0.22438005800000002,0.0093617913220525126,stationary,0,0,0,0,0,0,0,1,0,0,0,0,0,-9.8066499999999994,0,0,0,0.053837252581422954,-0.0019336958769601252,-10.101268683900157,-0.008934138142957012,0.0052713266960914915,-0.023775147219017606,0.030074176401376249,-0.020286599264661035,0.039574648050978982,0.0010343323508594162,-0.00080837814406792318,0.0014964793109095299
233636953,0.23363695300000001,0.0092568954464734288,stationary,0,0,0,0,0,0,0,1,0,0,0,0,0,-9.8066499999999994,0,0,0,0.10989614438231228,0.40101239435374803,-10.143919535124093,-0.013788558026997619,-0.0013879029943588644,-0.0076280989950827721,0.030081308027203008,-0.020351057341471173,0.039597974734969815,0.0010358412438430916,-0.0008112660305491917,0.0014985287151443344
245382657,0.245382657,0.011745704244238412,stationary,0,0,0,0,0,0,0,1,0,0,0,0,0,-9.8066499999999994,0,0,0,0.3528812297732804,-0.22683427132911346,-9.7006871915785098,0.013037512093655746,0.0080296945656305272,-0.014614766011734477,0.030104185799572882,-0.020450594122245893,0.039575605834593124,0.0010375548187566562,-0.00080970192895423127,0.0015001627565911662
253781672,0.25378167200000001,0.008399015245712859,stationary,0,0,0,0,0,0,0,1,0,0,0,0,0,-9.8066499999999994,0,0,0,-0.18707354057474249,-0.59089093514154423,-9.7120344804960066,0.010569254611403681,-0.02259462791906295,0.035026302421638962,0.030086389170105039,-0.020549400721760321,0.039515532437404931,0.0010301492375252887,-0.00080638575237364295,0.0014995821774443697
262440917,0.262440917,0.008659244834934134,stationary,0,0,0,0,0,0,0,1,0,0,0,0,0,-9.8066499999999994,0,0,0,-0.54002609487128239,0.29629935057068296,-9.6390742636799303,-0.004168803449489826,0.021648580575493185,-0.0035662806751718184,0.030060684410551292,-0.020565062538396052,0.039486451052898962,0.0010265845611899739,-0.00080579750644715659,0.0015079318240052641
274369888,0.27436988800000001,0.011928971184146188,stationary,0,0,0,0,0,0,0,1,0,0,0,0,0,-9.8066499999999994,0,0,0,-0.21493282663954619,-0.13243427128519866,-9.666671505331605,-0.0074389904432925393,-0.041564051812013503,0.011483910029297493,0.030180947214160789,-0.020402146949955003,0.039361881299586995,0.00102931346805352,-0.00080388414657393251,0.0015066545802078939
285525621,0.28552562100000001,0.01115573291003316,stationary,0,0,0,0,0,0,0,1,0,0,0,0,0,-9.8066499999999994,0,0,0,-0.26319990356935985,-0.17288809278089584,-9.8014075600284372,-0.01825164368286978,-0.0018074161334999501,0.0056515191978649647,0.030064607957660777,-0.020476257258397121,0.039441137374167941,0.0010226288186426051,-0.00080598521853858106,0.0015000778333231568
297460072,0.29746007200000002,0.011934450708101594,stationary,0,0,0,0,0,0,0,1,0,0,0,0,0,-9.8066499999999994,0,0,0,-0.17861617948033698,0.1078414836413772,-9.6658607587586083,-0.020781216650031853,0.0070993581287215942,-0.0091552612917024604,0.030034652349157809,-0.020529275823433713,0.039348066006676549,0.0010208500265984721,-0.00080876474217224381,0.0014969384258779078
306358048,0.30635804799999999,0.0088979760077227462,stationary,0,0,0,0,0,0,0,1,0,0,0,0,0,-9.8066499999999994,0,0,0,0.098174169451155091,-0.6870726337513211,-9.3998776222089635,0.016791403203279154,0.018422607237584859,-0.0034407496543160014,0.030120632721429289,-0.020554663025197276,0.03941118488076626,0.0010283141162620332,-0.00080780098563325721,0.0015021577130674938
318159928,0.31815992800000004,0.01180187960494623,stationary,0,0,0,0,0,0,0,1,0,0,0,0,0,-9.8066499999999994,0,0,0,0.0783841344759722,0.70968753977767496,-9.44055222678554,0.0040193071442777327,-0.016399566633731776,0.012511164919461604,0.030205406701354021,-0.020589538076415965,0.039332382924596281,0.0010252168827961882,-0.00080549302110090781,0.0015020464816060306
326956340,0.32695634000000001,0.0087964123177682717,stationary,0,0,0,0,0,0,0,1,0,0,0,0,0,-9.8066499999999994,0,0,0,-0.13397755286386351,0.17011001310918492,-9.8373842275982692,0.016128815768628076,-0.018626745615246434,0.010212195938770645,0.030103215172513631,-0.020536319859217021,0.039222274920910252,0.0010286668332133431,-0.00080324135209537901,0.0015027802025496322
337302341,0.33730234100000001,0.010346000617862628,stationary,0,0,0,0,0,0,0,1,0,0,0,0,0,-9.8066499999999994,0,0,0,0.14067348610839053,-0.038608796068242891,-10.127260843396851,0.001273527513270205,0.0067993359579904093,-0.0059599726101965678,0.03014187157325722,-0.020596307594767115,0.039111724189328859,0.0010264727355736025,-0.00080485407403664262,0.0015056887189959654
349194541,0.34919454100000002,0.011892200443150954,stationary,0,0,0,0,0,0,0,1,0,0,0,0,0,-9.8066499999999994,0,0,0,-0.48048703626686429,-0.28167433463243863,-9.8378618231262003,-0.019401397943131195,0.018958182393783485,-0.0011444641570823282,0.030116627709991,-0.020743314188530183,0.039088868444021235,0.0010266434690185127,-0.0008053265312376064,0.0015028814720848287
358295804,0.358295804,0.0091012633006628575,stationary,0,0,0,0,0,0,0,1,0,0,0,0,0,-9.8066499999999994,0,0,0,0.082817732079554091,-0.0089061064061757862,-9.8444618787697795,0.011476608407042406,-0.020009962764961236,0.023289730525881156,0.030154785802395903,-0.020669902665244069,0.039100054572140976,0.0010249363036137582,-0.00080105339856934076,0.0015041146056632671
369825429,0.36982542900000004,0.011529624683727287,stationary,0,0,0,0,0,0,0,1,0,0,0,0,0,-9.8066499999999994,0,0,0,-0.2191208742224206,-0.15667804537694127,-9.5822994182950616,-0.011177233617843303,-0.016704903518368945,-0.019647646107387159,0.030081788252728323,-0.020655227923533977,0.039102886461637142,0.0010285287358031672,-0.00079565674943789092,0.0015053764414263754
379783880,0.37978388000000002,0.0099584509623643243,stationary,0,0,0,0,0,0,0,1,0,0,0,0,0,-9.8066499999999994,0,0,0,-0.030763500263377486,0.23375277529250243,-9.8800963110423368,-0.0085495493338643216,-0.0093189331880387041,0.0045523902305022439,0.030144035909260722,-0.020635856939543885,0.039113747620621135,0.0010310222294830135,-0.00079814699738352441,0.001505401684311515
391324549,0.39132454900000002,0.011540668937037764,stationary,0,0,0,0,0,0,0,1,0,0,0,0,0,-9.8066499999999994,0,0,0,0.097446241695211863,0.06943978496354844,-8.9971186512843691,-0.0050070996577949436,-0.00471036502278543,0.0098078216378956248,0.030087237615043973,-0.020588255867679643,0.039124963285799515,0.0010318837760733906,-0.00079403084336596825,0.0015083441748164098
402461161,0.40246116100000001,0.011136611728781035,stationary,0,0,0,0,0,0,0,1,0,0,0,0,0,-9.8066499999999994,0,0,0,0.19889935511401333,-0.18084003257104356,-10.18703475243491,0.014265012042820241,-0.0080367872046316624,-0.0091254838558801742,0.030098640430028654,-0.020562544703718121,0.039178245826054087,0.0010300937309832209,-0.00079647549653575548,0.001505108106477528
413127788,0.41312778800000005,0.010666627302723133,stationary,0,0,0,0,0,0,0,1,0,0,0,0,0,-9.8066499999999994,0,0,0,0.023322679703385963,0.21259730734344068,-9.8446951033484087,0.028378865316103591,0.0034587527339890183,-0.0031286466143882162,0.030110360006269116,-0.020483214708944552,0.039027937003588767,0.0010292493843908088,-0.00079952285665916038,0.0015082067848221411
424960905,0.424960905,0.011833116538304881,stationary,0,0,0,0,0,0,0,1,0,0,0,0,0,-9.8066499999999994,0,0,0,-0.55057803592540866,0.36158294301005939,-9.4626033746233418,0.013865348266896046,0.00018214858382625864,-0.018404386351520838,0.029972857001809627,-0.020557862202842274,0.039052124957122125,0.0010271918846775016,-0.00079956885892144532,0.0015062254832119034
434335236,0.43433523600000001,0.0093743313457324059,stationary,0,0,0,0,0,0,0,1,0,0,0,0,0,-9.8066499999999994,0,0,0,0.13209086609442741,0.22572867217773351,-9.8209112312280098,0.019845916361939445,-0.00022702693454950394,-0.00078533390228065322,0.029809961133173097,-0.020435667001300676,0.039105587499719562,0.0010237206927551324,-0.00079333856248881604,0.0014982284934314464
444346221,0.44434622100000004,0.010010984827585369,stationary,0,0,0,0,0,0,0,1,0,0,0,0,0,-9.8066499999999994,0,0,0,-0.05217834370156374,0.071567012902338398,-9.6864744205319671,-0.0269122939669546,-0.00072096947016931669,0.025260620952908895,0.029698401539348218,-0.020339306601869736,0.039081862299813849,0.0010246052745968087,-0.00079197332927109191,0.0014996212186099219
455031106,0.45503110600000002,0.010684885133490602,stationary,0,0,0,0,0,0,0,1,0,0,0,0,0,-9.8066499999999994,0,0,0,-0.20252640668237645,-0.24736061525814984,-9.6415141750899771,0.018061801248239182,0.014859095887471486,-0.0021231586849473323,0.029648409709633117,-0.020411658239616253,0.039106491206258247,0.0010251702176959309,-0.00079137292736905008,0.0014977301762731812
465260011,0.46526001100000003,0.010228905377921746,stationary,0,0,0,0,0,0,0,1,0,0,0,0,0,-9.8066499999999994,0,0,0,-0.10265082922343488,-0.032006824605865798,-10.314593005958612,0.010771878336185625,0.0035975225665692513,0.0079841274900950623,0.029650711526066274,-0.020335369251954911,0.039040567298402086,0.0010254360482226926,-0.00079253894085125093,0.0014937231555261672
475706473,0.47570647300000002,0.01044646212337254,stationary,0,0,0,0,0,0,0,1,0,0,0,0,0,-9.8066499999999994,0,0,0,0.29685511848229723,-0.36196774501974105,-9.8880501455488385,0.0042507801597361401,0.0046602281652182798,-0.025774355274936326,0.029690776641831167,-0.020140180345580842,0.039079381256969886,0.0010263859269583847,-0.00079802738251329045,0.0014892915749199938
484880170,0.48488017000000005,0.009173697163695935,stationary,0,0,0,0,0,0,0,1,0,0,0,0,0,-9.8066499999999994,0,0,0,-0.52043070549997017,0.090368987436793974,-9.7584264032711321,0.0020165968813474627,0.002011775082961618,-0.0089297067707432964,0.029533233751027285,-0.020296369602451705,0.039075160644447125,0.0010192123310991796,-0.00080245751338046186,0.0014891153296498593
492965019,0.492965019,0.008084848646682628,stationary,0,0,0,0,0,0,0,1,0,0,0,0,0,-9.8066499999999994,0,0,0,-0.31664267471653101,0.065150019566935807,-9.8441605416078595,-0.0063099140502853035,0.010949064724736023,-0.0025681869701830854,0.029534150012211179,-0.020377859480984813,0.039086652448109514,0.0010229294240045182,-0.00080275593609475558,0.0014936773114502624
504877258,0.50487725800000005,0.011912239054989976,stationary,0,0,0,0,0,0,0,1,0,0,0,0,0,-9.8066499999999994,0,0,0,0.37321031038944774,0.32353592027325484,-9.8740512561552602,-0.0021398285073935728,-0.003571370085147841,-0.00031320421406372061,0.029506335649333089,-0.020434494948321707,0.039099744604218702,0.0010280036901020432,-0.00079953131454726868,0.0014942356293968905
513567849,0.51356784900000008,0.0086905910538593763,stationary,0,0,0,0,0,0,0,1,0,0,0,0,0,-9.8066499999999994,0,0,0,0.31439197630031657,0.38030911126340189,-9.2895696422556746,0.0032899946827051624,0.013030879299450267,-0.010651306266552078,0.029479133582320877,-0.02028131970649261,0.039067415072768383,0.0010203838635802376,-0.00079885122776730128,0.0014976923885409298
522144968,0.52214496799999999,0.0085771190981089474,stationary,0,0,0,0,0,0,0,1,0,0,0,0,0,-9.8066499999999994,0,0,0,0.1680507931924714,0.47957790075008666,-9.713668715215567,0.017009050548010295,-0.030984160186430448,0.0089738427482890671,0.029574895226175329,-0.020405509320629265,0.039060182402060474,0.0010194481234389434,-0.00080505206477400723,0.0014924086772767459
530780340,0.53078034000000007,0.0086353724793789017,stationary,0,0,0,0,0,0,0,1,0,0,0,0,0,-9.8066499999999994,0,0,0,0.15466285270825361,-0.30814950090526205,-10.512315739869933,-0.010625626951187687,0.0034767206315503745,-0.0033864907477652918,0.029421729851901845,-0.020389576400733574,0.039009728640768744,0.001015422086630576,-0.00080882596008928736,0.0014937579820965426
542053424,0.54205342400000001,0.01127308412099802,stationary,0,0,0,0,0,0,0,1,0,0,0,0,0,-9.8066499999999994,0,0,0,-0.26779069999699112,0.30428216587325924,-10.218994367027063,-0.010797202467627224,0.0096355788181094575,-0.023933125068862283,0.029536887161089643,-0.020349488205634283,0.038999131291234605,0.0010215084230139199,-0.00080439285400312876,0.0014928640080479859
552835486,0.55283548599999999,0.010782061572879326,stationary,0,0,0,0,0,0,0,1,0,0,0,0,0,-9.8066499999999994,0,0,0,0.28574945398470109,0.30147369656441592,-10.152489505789767,-0.0016027007743721635,0.010864484105250724,-1.6629536641734948e-05,0.029519629224654613,-0.020288213637406953,0.038995212088252379,0.0010195421848718748,-0.00080497450662078045,0.00148906267630253
562566626,0.56256662600000007,0.0097311395858662494,stationary,0,0,0,0,0,0,0,1,0,0,0,0,0,-9.8066499999999994,0,0,0,0.37394346547445639,-0.0097161479003900243,-9.9484431064728778,-0.016719303955518489,-0.0090877196317705831,0.0023375996222834263,0.029598676731227912,-0.020369350520538336,0.039001959130130326,0.0010122659114130007,-0.0008140073860259876,0.0014919651706221896
573893519,0.57389351900000007,0.011326893029015661,stationary,0,0,0,0,0,0,0,1,0,0,0,0,0,-9.8066499999999994,0,0,0,-0.4267665287329771,0.11719078049138384,-9.5808334797948689,-0.0027409925500244594,-0.0024232520698558389,-0.0016936309447090716,0.029649182550945632,-0.02046628054924627,0.039024448207976958,0.0010105465369111778,-0.00082008428862590486,0.0014982536146678975
584032372,0.58403237200000002,0.010138852794273904,stationary,0,0,0,0,0,0,0,1,0,0,0,0,0,-9.8066499999999994,0,0,0,0.067078068822062423,-0.56051507876560502,-9.6021342379093166,0.0062572120865517014,-0.013776283125694917,0.013927813269226003,0.02965320536259396,-0.020451761241491093,0.039002979008426905,0.0010106609244722718,-0.00082025669267536097,0.0014874961118101495
592836296,0.59283629599999998,0.0088039241218167055,stationary,0,0,0,0,0,0,0,1,0,0,0,0,0,-9.8066499999999994,0,0,0,0.68131409552444622,-0.22571811018577606,-9.4099788567718843,-0.026103601625630315,0.00019304257269422997,0.011452399601264481,0.029807137747033897,-0.020386224988354417,0.039119135750490669,0.0010123064841398664,-0.00082169369625350176,0.0014923188062928821
601879488,0.60187948800000002,0.0090431918177193218,stationary,0,0,0,0,0,0,0,1,0,0,0,0,0,-9.8066499999999994,0,0,0,0.16114381120821669,0.068893474759650492,-9.5061221735619217,-0.018845526900489337,0.0011372147141684536,0.011600179845129422,0.029855088115194845,-0.020443958871232789,0.03913559668058552,0.0010165611341008084,-0.00082080165517355085,0.0014922874373583998
611385098,0.61138509800000007,0.0095056098538924567,stationary,0,0,0,0,0,0,0,1,0,0,0,0,0,-9.8066499999999994,0,0,0,-0.032488453285986402,-0.46954965362529288,-9.7486860239300519,0.034241729345225909,0.0083782458752267568,-0.044786104672032714,0.029916375525935769,-0.020427169098244005,0.039256036791415275,0.0010182806932635946,-0.00082863486620461115,0.0014935324885105186
621838478,0.62183847800000003,0.010453380341596206,stationary,0,0,0,0,0,0,0,1,0,0,0,0,0,-9.8066499999999994,0,0,0,-0.117346509597303,0.24036936195994538,-9.5397444288141511,0.0039017067696838076,0.0085343700262716701,0.011546640143940001,0.02994985747704354,-0.020481103553293044,0.039393478825224079,0.0010175525208886943,-0.00082179518115807547,0.0014924096259888778
630243075,0.63024307499999999,0.0084045971862773353,stationary,0,0,0,0,0,0,0,1,0,0,0,0,0,-9.8066499999999994,0,0,0,-0.56445523126095998,-0.15450295803779401,-10.241374983144215,-0.0040693181156552065,0.012100889856720738,0.020225850833328132,0.030069826493263351,-0.020516074752365686,0.039405466780987879,0.0010201098047461672,-0.00082175088468537628,0.0015004943427346026
640462189,0.64046218900000007,0.010219113798370871,stationary,0,0,0,0,0,0,0,1,0,0,0,0,0,-9.8066499999999994,0,0,0,0.074046550105997741,-0.10116893485055931,-10.075346724103056,-0.0020320994370588933,-0.0065433168317797835,0.010785972266333984,0.030030320817902904,-0.020529771291837817,0.039352919910700154,0.0010212823415414636,-0.00082178630544973551,0.0014998740300837569
650530964,0.65053096399999999,0.010068775303615116,stationary,0,0,0,0,0,0,0,1,0,0,0,0,0,-9.8066499999999994,0,0,0,-0.045040207396894863,0.34870734304438888,-9.7135032975941211,0.010027737951131642,-0.011831985982952431,0.0070123997954975106,0.030115035468653319,-0.020461282080467016,0.039339542296631246,0.0010141579791462982,-0.00083062112426688013,0.0014978771314633087
658988152,0.65898815200000005,0.0084571875718635007,stationary,0,0,0,0,0,0,0,1,0,0,0,0,0,-9.8066499999999994,0,0,0,0.29262370714913849,0.05369533740300865,-9.5126614693522473,-0.0065166128585971541,0.00062277380441499379,-0.012863704247260245,0.030086135779987259,-0.02050049152973514,0.039334006062098276,0.0010102742502606824,-0.00082933474446817226,0.0014994891038641464
667771774,0.6677717740000001,0.0087836215652066212,stationary,0,0,0,0,0,0,0,1,0,0,0,0,0,-9.8066499999999994,0,0,0,0.1555208299844206,0.15672326512634852,-9.6153070243028864,-0.00049563485123663284,-0.027844847534714071,0.041688406804208711,0.030107054186513195,-0.020517050973061866,0.039372853089299366,0.0010038683538960481,-0.00083148834730236148,0.0015078406016009968
679491325,0.67949132500000009,0.011719550923514229,stationary,0,0,0,0,0,0,0,1,0,0,0,0,0,-9.8066499999999994,0,0,0,-0.361759187858752,-0.24127021987068964,-9.5747869644452397,-0.012236534196767812,-0.0020009987538045469,-0.010860212010350655,0.030062464935938418,-0.020370605637267537,0.039530470275830877,0.0010077631418740172,-0.00083178127247170869,0.0015051849594031046
688667483,0.68866748300000002,0.0091761581582559919,stationary,0,0,0,0,0,0,0,1,0,0,0,0,0,-9.8066499999999994,0,0,0,0.19548562033963601,0.19080155442644586,-9.9350094489549949,-0.010731367184994135,0.010448320703119948,-0.019900210487703397,0.030105981662069826,-0.020409256091981479,0.039494177313933877,0.0010077753167964875,-0.00083761167337474327,0.0015075234113530143
697764345,0.69776434500000006,0.0090968623753031504,stationary,0,0,0,0,0,0,0,1,0,0,0,0,0,-9.8066499999999994,0,0,0,0.0062982248621950704,0.41361362044862038,-9.4809580936508198,0.0075228281250111061,-0.020436925424364271,0.016899038861450368,0.030055362441493112,-0.020407761606911972,0.039557624789034525,0.0010057671979539955,-0.00083857991362895677,0.0015093758917771637
706215055,0.70621505500000004,0.0084507102634369859,stationary,0,0,0,0,0,0,0,1,0,0,0,0,0,-9.8066499999999994,0,0,0,0.37392753938749368,-0.14926829876459943,-9.7284296452948045,0.0092311938653384315,-0.020376533481327778,-0.011937450600189265,0.030219856195610208,-0.020422371713721486,0.039646040494315339,0.0010036712954547115,-0.00083271362426938771,0.0015081297862100424
717157844,0.71715784400000004,0.010942789472836846,stationary,0,0,0,0,0,0,0,1,0,0,0,0,0,-9.8066499999999994,0,0,0,0.45439975655031345,-0.028191322309038001,-9.8547684822712931,0.010929228454847457,0.0074634910784444793,0.012231580211706193,0.030241225543461852,-0.02045991420958965,0.039678687681110714,0.0010092135623049441,-0.00084027443423913132,0.0015060447071094654
725891944,0.72589194400000001,0.0087340998685652531,stationary,0,0,0,0,0,0,0,1,0,0,0,0,0,-9.8066499999999994,0,0,0,-0.0042529737195177129,0.48073631406829531,-9.5187726269272872,-0.0088793917061615359,0.019447599480738063,0.029346026414612314,0.030197374100256188,-0.020379249306558961,0.039736649536209083,0.0010099985665811284,-0.00083713402149785364,0.0015060181315227892
735530958,0.73553095800000001,0.0096390144015855751,stationary,0,0,0,0,0,0,0,1,0,0,0,0,0,-9.8066499999999994,0,0,0,-0.29816041953225469,0.4747278487234578,-9.6498965648962614,-0.027038250255477476,0.011461785685837703,0.0041282468557718747,0.030230717972220003,-0.020395973544501129,0.039683295179131294,0.001011563679771117,-0.00083120008338834726,0.0015036051356816613
744014806,0.74401480600000003,0.0084838478006296989,stationary,0,0,0,0,0,0,0,1,0,0,0,0,0,-9.8066499999999994,0,0,0,0.31935553770910519,0.18054695957330397,-10.313694881196565,-0.0099239963426292922,-0.0028359436450729825,0.016752586029622079,0.030130356441439462,-0.020444399785938507,0.039624321494886358,0.001013163710110132,-0.00083168844252810956,0.0015038461281019456
754452150,0.7544521500000001,0.01043734415911207,stationary,0,0,0,0,0,0,0,1,0,0,0,0,0,-9.8066499999999994,0,0,0,0.21607067685498946,0.2607005731969424,-9.3874776730459928,-0.003232257782715053,-0.011923353754358547,0.023606291337068312,0.030201405275018894,-0.020455672294553088,0.039727359773005691,0.0010058211505104941,-0.00082872953564098258,0.0015117913251200259
763571048,0.76357104800000009,0.0091188982024837766,stationary,0,0,0,0,0,0,0,1,0,0,0,0,0,-9.8066499999999994,0,0,0,-0.11207398609950782,0.23934238058287979,-9.6060863314268818,-0.0093686153982181063,-0.008514410523300488,-0.018559855277719577,0.030199791462376186,-0.020440493244215006,0.039745772464652079,0.00099741241443241898,-0.00082879527708899531,0.0015111932592376544
773109579,0.7731095790000001,0.009538531393868328,stationary,0,0,0,0,0,0,0,1,0,0,0,0,0,-9.8066499999999994,0,0,0,-0.19619658703436718,0.59715167153459536,-9.8176666155714791,-0.0082867690026397559,0.0052884030377513052,0.020789433702379533,0.030091581089413327,-0.020453345842440521,0.039728600900162676,0.00099984059228250418,-0.00083043087385653157,0.0015163055291562834
781602116,0.78160211600000007,0.0084925374000307426,stationary,0,0,0,0,0,0,0,1,0,0,0,0,0,-9.8066499999999994,0,0,0,-0.41583801076182891,-0.092079112812477854,-9.8084921300556918,0.017030186320836544,-0.032444620251457688,0.022767798794072414,0.030048772083174764,-0.020505247878193016,0.039599291171364438,0.00099664004919777934,-0.0008310865118714959,0.0015221380416847094
791361502,0.79136150199999999,0.0097593863283527357,stationary,0,0,0,0,0,0,0,1,0,0,0,0,0,-9.8066499999999994,0,0,0,0.010167822017366809,-0.41234525934963406,-9.5988440212052861,0.00093319838294904736,0.017810533981949983,-0.0047961303418717792,0.030122630821415679,-0.020560344834399915,0.039543621575625999,0.00099300316270205897,-0.00082926139947024505,0.0015236811295629784
801873500,0.80187350000000002,0.01051199813512846,stationary,0,0,0,0,0,0,0,1,0,0,0,0,0,-9.8066499999999994,0,0,0,-0.096123831850673108,-0.35954998030678853,-9.6615748834301556,0.018824837717436659,-0.01899800552748537,0.01653893261102405,0.030213046595046762,-0.020740187123946572,0.039483223837148924,0.00099116746142932665,-0.00083103721931338675,0.0015269735851880745
813539914,0.81353991400000003,0.011666413696873854,stationary,0,0,0,0,0,0,0,1,0,0,0,0,0,-9.8066499999999994,0,0,0,-0.31024666059013317,0.031218528795445573,-9.8408227829095782,0.036481426778032483,-0.0017733703374654959,-0.0026387427690826213,0.030269362250265393,-0.020736064508864116,0.039430943904571483,0.0009882840538930121,-0.00083614025813201509,0.0015222453101015024
824506575,0.82450657500000002,0.0109666614199095,stationary,0,0,0,0,0,0,0,1,0,0,0,0,0,-9.8066499999999994,0,0,0,-0.050232856422819147,-0.52646760959152583,-10.165541399880516,0.010330263684480336,0.0071672036767954422,0.0038486546072010897,0.030267066125154101,-0.020709674685739133,0.039418725805250104,0.00098574863252509442,-0.00083398792897368802,0.0015226967905199549
835079396,0.83507939600000003,0.010572820989373288,stationary,0,0,0,0,0,0,0,1,0,0,0,0,0,-9.8066499999999994,0,0,0,-0.099085109826463166,0.3944799329075887,-9.9961204012691152,0.0019161251608711908,0.017065001172377983,-0.0042733219207411058,0.030348836720285582,-0.020732512642581132,0.039362556153005254,0.00097632035193212269,-0.00083624589181300235,0.0015304294541835116
846774386,0.8467743860000001,0.011694990065856581,stationary,0,0,0,0,0,0,0,1,0,0,0,0,0,-9.8066499999999994,0,0,0,0.20767680262757254,0.2435092144176923,-10.045247347103713,-0.023826008671899962,-0.0085880660006516837,0.00044956929717207051,0.030282281723829012,-0.020799636499045211,0.039385906484812723,0.00097492461477160033,-0.00084058823145104189,0.0015292550692078131
857329051,0.85732905100000001,0.010554665032942102,stationary,0,0,0,0,0,0,0,1,0,0,0,0,0,-9.8066499999999994,0,0,0,0.43135670173332996,-0.36885661999965713,-9.8075629294322724,-0.0073823062013003054,-0.0015252839628289493,0.025108762660684455,0.030124562810767332,-0.020926392154815118,0.039408366416448869,0.00097095904042355629,-0.00084578978069622219,0.0015292364896858819
869126687,0.86912668700000006,0.01179763623262668,stationary,0,0,0,0,0,0,0,1,0,0,0,0,0,-9.8066499999999994,0,0,0,0.020295472341818836,0.073687309246520061,-9.9062360561378195,0.0036179188721534258,0.01211639514101928,0.0028612228286603973,0.030063079304014192,-0.02105141765595777,0.039400581897361182,0.00097848688016905893,-0.0008464559994590461,0.0015344605447036913
877379600,0.87737960000000004,0.0082529131796164456,stationary,0,0,0,0,0,0,0,1,0,0,0,0,0,-9.8066499999999994,0,0,0,-0.35510515238608825,0.34604467977987013,-9.8328248721496383,0.030546066095244871,0.013430577635252744,-0.0084060871942327094,0.030213045292696229,-0.021141330194652207,0.039540492725006385,0.00097655542688537887,-0.00084764203644827952,0.0015321784166285992
885431977,0.88543197700000009,0.0080523773209903934,stationary,0,0,0,0,0,0,0,1,0,0,0,0,0,-9.8066499999999994,0,0,0,0.31076304328452359,0.080311414786650978,-10.030374534788978,-0.016680982394538618,-0.021040884909405283,0.013536302953613147,0.0302425005953641,-0.021028897117423537,0.039589821968446272,0.00097730493512383299,-0.00084531631827851285,0.0015323868262338176
893704388,0.89370438800000007,0.0082724114662747691,stationary,0,0,0,0,0,0,0,1,0,0,0,0,0,-9.8066499999999994,0,0,0,0.21338093769174882,0.30027764093316966,-9.5699840836854708,0.0060739361073147693,0.019241996595603793,-0.009392525367199164,0.030366283889790794,-0.021051542780911134,0.039588203809590383,0.00097626174349989118,-0.00083569316806369749,0.0015319969007615353
904970148,0.90497014800000009,0.011265760172824794,stationary,0,0,0,0,0,0,0,1,0,0,0,0,0,-9.8066499999999994,0,0,0,-0.26390626496272035,0.53438109613371876,-9.5871502823157684,0.0050592448926260209,-0.011135899571689938,0.015553498395558271,0.030440532982711481,-0.021066484056454726,0.039623982505387428,0.0009820775612886779,-0.00083426185162277175,0.0015320088146513326
915765438,0.9157654380000001,0.010795289754227125,stationary,0,0,0,0,0,0,0,1,0,0,0,0,0,-9.8066499999999994,0,0,0,0.11790661414344608,-0.088707714304061838,-9.8661199842661986,-0.019204349462747978,-0.008947602506963687,-0.0062714723209900307,0.03039786115219871,-0.021025029012216725,0.039537929625115348,0.00097436454471274987,-0.00084047029821889897,0.0015258571663792988
926946588,0.92694658800000007,0.011181149908133381,stationary,0,0,0,0,0,0,0,1,0,0,0,0,0,-9.8066499999999994,0,0,0,0.27743192203618944,0.019509740857042646,-9.1778102595483659,0.002744083859804701,0.0085929601853033579,0.023601418840197324,0.030299157062324545,-0.020959320847589651,0.039424575516475671,0.00097868220651370938,-0.00084039728368335263,0.0015307662958197381
938420359,0.93842035900000009,0.011473770836330038,stationary,0,0,0,0,0,0,0,1,0,0,0,0,0,-9.8066499999999994,0,0,0,-0.2596293649790406,0.14652168122332099,-9.6244478161296918,-0.010396447479692062,-0.03096820105073271,0.0018824097172749227,0.030399777615589645,-0.020973238387613918,0.039389166761512662,0.00097601396233510686,-0.00083841657590116002,0.0015277646090972122
948014408,0.94801440800000003,0.009594049201616172,stationary,0,0,0,0,0,0,0,1,0,0,0,0,0,-9.8066499999999994,0,0,0,-0.81013104030183491,0.36834364813200582,-9.820984589809667,0.0033816793491262273,-0.02840701224532597,0.0045381065299492131,0.030380155229993735,-0.021007614919070518,0.039284894231417365,0.00098254137959647336,-0.00084033785764001633,0.0015264081375446659
959097063,0.95909706300000008,0.011082654903047799,stationary,0,0,0,0,0,0,0,1,0,0,0,0,0,-9.8066499999999994,0,0,0,0.42201565063001711,0.2729377924175288,-9.8530537869667931,0.024525281942094218,-0.012970214799148597,0.0096521132597839465,0.030368868168855007,-0.020947848813736993,0.039283656116704598,0.00097979283981592291,-0.00083974265238204995,0.0015197829329668888
967768120,0.96776812000000001,0.0086710572519085021,stationary,0,0,0,0,0,0,0,1,0,0,0,0,0,-9.8066499999999994,0,0,0,0.11347862495924592,0.088183950771658082,-9.7552268391765971,-0.012656492262554549,0.0030430918664225144,0.0060361935875014134,0.030274054293796884,-0.020940732140184319,0.039220558071991422,0.00098376190109152853,-0.00084143726818255125,0.0015187368647921722
976458508,0.97645850800000011,0.0086903879734623272,stationary,0,0,0,0,0,0,0,1,0,0,0,0,0,-9.8066499999999994,0,0,0,-0.034444549592972183,-0.26265592942354354,-9.9702163298252557,-0.0096398474733516513,0.014933205840658291,0.007674017724300492,0.030432599282987825,-0.020933116613553959,0.039308756215424852,0.00098673848049942283,-0.00083916278629768382,0.0015197896678446501
986433621,0.98643362100000009,0.00997511330403077,stationary,0,0,0,0,0,0,0,1,0,0,0,0,0,-9.8066499999999994,0,0,0,0.096649146504098532,0.77755703133694343,-9.4000889475229847,-0.018509445779087377,0.011378120801994919,0.017177421574410625,0.030366674035593511,-0.020912016252825488,0.039219839372424375,0.00098192168708665143,-0.00083578411529848583,0.0015205421795404135
997461156,0.99746115600000007,0.011027534859323358,stationary,0,0,0,0,0,0,0,1,0,0,0,0,0,-9.8066499999999994,0,0,0,-0.008140949797252342,0.09325543858726279,-9.5780005308360163,-0.0024627983725503777,-0.033698822330307042,0.0093190303554752333,0.030551959907019345,-0.021003957107698444,0.039196472634686522,0.00097951379989649322,-0.00083473430073704763,0.0015181983172721872
1009456086,1.0094560860000001,0.01199492980862962,stationary,0,0,0,0,0,0,0,1,0,0,0,0,0,-9.8066499999999994,0,0,0,0.45936843358695495,0.13845771992567124,-9.7306976778067256,0.011718909781068577,-0.011046941475876239,-0.013933572106836427,0.030450590740853212,-0.020974203213567404,0.03923240945278466,0.00097885387180335782,-0.00083854516293924793,0.0015103549773728753
1021123123,1.021123123,0.011667037206327998,stationary,0,0,0,0,0,0,0,1,0,0,0,0,0,-9.8066499999999994,0,0,0,0.17228362010422937,0.050429315512277445,-10.319627710589574,-0.013609456017885747,0.014806824022423488,0.016545556522600799,0.030515370208415965,-0.020959988787711523,0.039195426767023631,0.00098014218383430437,-0.00084240722107269952,0.0015123616739264013
1032813625,1.032813625,0.011690502479695998,stationary,0,0,0,0,0,0,0,1,0,0,0,0,0,-9.8066499999999994,0,0,0,0.17602166572131461,-0.027181132548464625,-9.6929273687765551,0.0086700319839442559,0.01372787622545271,-0.014651934016380397,0.030400979340556852,-0.020889335193956231,0.039064562638411848,0.00097957234979856051,-0.00084071390494218573,0.0015126632209469717
1043829869,1.0438298690000001,0.01101624394605309,stationary,0,0,0,0,0,0,0,1,0,0,0,0,0,-9.8066499999999994,0,0,0,0.0049583610859325992,-0.10493517154189011,-9.8272556329665619,-0.0073033476254916862,0.018955706315981685,0.014431347797743434,0.030339654068830813,-0.020827980245445375,0.039219541346420174,0.00097559108602957056,-0.00084130592934978364,0.0015111408081268092
1054955161,1.0549551610000001,0.011125292436908919,stationary,0,0,0,0,0,0,0,1,0,0,0,0,0,-9.8066499999999994,0,0,0,-0.3594000170663374,0.17918226096174322,-10.182102865289135,-0.022949076357267294,0.0062074124103719038,0.012227213022398363,0.03035643977651644,-0.020905282534890532,0.039427132139446062,0.00097430676811586484,-0.00084562458299548577,0.0015086152899272376
1065174253,1.0651742530000001,0.010219092457758767,stationary,0,0,0,0,0,0,0,1,0,0,0,0,0,-9.8066499999999994,0,0,0,0.76433536266479873,0.24454165926177002,-10.00938016537788,0.016647464933059918,-0.010536678276375224,0.023050187048159618,0.030155263835111683,-0.02070085068338496,0.039434107841281714,0.00096733507352977834,-0.00085847220790165324,0.0015074692022268173
1076182395,1.076182395,0.01100814203281178,stationary,0,0,0,0,0,0,0,1,0,0,0,0,0,-9.8066499999999994,0,0,0,-0.40757013662243757,0.0095056879749456508,-9.6904568430298728,0.00072164751580214986,-0.013496357553832442,-0.023764360799394132,0.030038999976432428,-0.020590425004227069,0.039420482181814896,0.00096618806248934452,-0.00085240522877743404,0.0015066422629776859
1087594073,1.087594073,0.011411677919206446,stationary,0,0,0,0,0,0,0,1,0,0,0,0,0,-9.8066499999999994,0,0,0,-0.066136801396978362,-0.13984197527927647,-9.4977835304908602,-0.0058098831855952588,-0.0091630061409871955,0.005086531290088141,0.03004568509452454,-0.0205219762508374,0.039491023540907326,0.00097005164994759605,-0.00084531867557855129,0.0015062161450765065
1099422131,1.0994221310000001,0.011828058313029431,stationary,0,0,0,0,0,0,0,1,0,0,0,0,0,-9.8066499999999994,0,0,0,0.17779355950101783,-0.029204158909177068,-10.055621515320553,0.0019982612895401474,-0.0076290090411803239,0.0067742570148369811,0.030062597725130581,-0.020546408801826236,0.039448203645219074,0.00096985604213053404,-0.00084264317039300202,0.0015046446098896003
1109324773,1.109324773,0.0099026421607084653,stationary,0,0,0,0,0,0,0,1,0,0,0,0,0,-9.8066499999999994,0,0,0,0.20600414435058001,0.013723541223524264,-9.9130192779093864,-0.024322721276337916,-0.0092523705925607238,0.0027395651303013004,0.030083647206047441,-0.020564342092455366,0.039316852012069609,0.00097335645892882223,-0.00084978124485987009,0.0014949484875286928
1117391119,1.1173911190000001,0.0080663457936855625,stationary,0,0,0,0,0,0,0,1,0,0,0,0,0,-9.8066499999999994,0,0,0,0.10995802859833234,0.1540208129288656,-9.5901666959687457,-0.0053164862682767156,0.020791103793193235,0.0018113357090263778,0.030213023296258863,-0.020623259404446915,0.039197216915586384,0.00097786182280550494,-0.00085217992876019072,0.0014928884874952507
1126453094,1.1264530940000002,0.0090619745350086194,stationary,0,0,0,0,0,0,0,1,0,0,0,0,0,-9.8066499999999994,0,0,0,0.12335929658047831,-0.03114227991392882,-9.8505851582712385,-0.014364780812175629,-0.020872844853462174,0.01513366963045377,0.030095432002441865,-0.020555971626523607,0.039278475031372877,0.00097039480950428974,-0.00085909638099116836,0.0014929790622126955
1135154022,1.135154022,0.0087009275814823456,stationary,0,0,0,0,0,0,0,1,0,0,0,0,0,-9.8066499999999994,0,0,0,-0.23575310212083386,0.23253649355095954,-9.9447127728216547,-0.016119797706750649,0.0024073078545438736,0.021185371633608875,0.030023233781870128,-0.020540556967874633,0.03937100881252082,0.00097161649568106739,-0.00085900579087031979,0.0014921981135400458
1144122929,1.1441229290000001,0.0089689066794576468,stationary,0,0,0,0,0,0,0,1,0,0,0,0,0,-9.8066499999999994,0,0,0,-0.39589350477737045,0.080508675056007228,-9.990250062930027,-0.0088065556358332825,-0.005399194861409053,-0.0062228961155560451,0.03009711324201169,-0.020551250336234075,0.039454619682737634,0.00096902303962763305,-0.00085162980929614661,0.0014882158342480855
1154726934,1.1547269340000001,0.010604004500481651,stationary,0,0,0,0,0,0,0,1,0,0,0,0,0,-9.8066499999999994,0,0,0,-0.20768841576153199,0.31384895633672166,-9.7082183423416435,0.0090748802612810112,0.0054366226925773318,0.005296036842467617,0.030026769075001455,-0.020552389989948985,0.039557378134880916,0.00096516717248087177,-0.00085133050582755765,0.0014926072153159265
1163802840,1.16380284,0.0090759064968844571,stationary,0,0,0,0,0,0,0,1,0,0,0,0,0,-9.8066499999999994,0,0,0,0.32745634856870182,0.45946216596505629,-9.5162294545358996,-0.012566963412819558,0.019032060366536582,-0.008227538837778622,0.030053082337323699,-0.020720465891701539,0.039497665145078235,0.00096984284999705327,-0.0008530634101604317,0.0014927237902401806
1174248381,1.1742483810000002,0.010445540906021341,stationary,0,0,0,0,0,0,0,1,0,0,0,0,0,-9.8066499999999994,0,0,0,-0.56452616656034882,-0.27012447898100062,-9.6895423752553089,0.021422315045899722,0.015055627587520361,-0.022091238175843429,0.030160668893380965,-0.020708541346706345,0.039409908280698271,0.00097087557897870824,-0.00085698972755874757,0.0014952589891768816
1185698910,1.1856989100000002,0.011450528996986587,stationary,0,0,0,0,0,0,0,1,0,0,0,0,0,-9.8066499999999994,0,0,0,0.40679917027121898,0.18944321065953584,-10.064921128110489,-0.018830658786163218,0.0014966349760709961,0.0093850738094925727,0.030273363252244997,-0.020705223414340938,0.039384945383570666,0.00096674150356277928,-0.00085328815491959886,0.0015039301153579074
1195306856,1.195306856,0.009607945552751131,stationary,0,0,0,0,0,0,0,1,0,0,0,0,0,-9.8066499999999994,0,0,0,0.53387017000937453,0.27536317269085703,-9.6316018292828094,0.003466036963008783,-0.024888002008091784,0.012649969649860118,0.030163889609042135,-0.020636596788103104,0.039591517794932161,0.00096756010852075284,-0.00085310319271017889,0.0015011307626955712
1204854340,1.20485434,0.0095474840156796331,stationary,0,0,0,0,0,0,0,1,0,0,0,0,0,-9.8066499999999994,0,0,0,-0.221334385327804,0.14666937688356105,-9.5259600953660648,0.0097365883951174483,-0.013552983178809035,0.00011648355274151371,0.030157983958406149,-0.020702713833329174,0.03968939444572283,0.00095929703517117144,-0.00085693894023520991,0.0014920331783357201
1216256185,1.216256185,0.011401844828243947,stationary,0,0,0,0,0,0,0,1,0,0,0,0,0,-9.8066499999999994,0,0,0,0.32370181466931874,0.39052888363317423,-9.1809630600679579,0.0060160588650674902,0.0014860275631374672,-0.0050716395044732776,0.030090543485908186,-0.020584007875604566,0.039693980571955306,0.00095924566438974142,-0.00085454905536004643,0.0014873796357272975
1224391278,1.2243912780000001,0.008135092657538057,stationary,0,0,0,0,0,0,0,1,0,0,0,0,0,-9.8066499999999994,0,0,0,-0.19040084508802996,-0.019149300463654245,-9.4865103565289832,0.0074697005136633394,0.014736198268522417,0.029896244550896966,0.02996993918112428,-0.02071793774395141,0.039656525745051227,0.00095998380728997107,-0.00085179806209214725,0.0014798725509751135
1234816202,1.234816202,0.010424924480749144,stationary,0,0,0,0,0,0,0,1,0,0,0,0,0,-9.8066499999999994,0,0,0,-0.10893325116185559,0.26754362715657987,-10.018227688964348,0.01553350512960568,0.017285879740907905,0.0011297514101408946,0.029903833493793747,-0.020748048358374231,0.039684078873708679,0.00096022369347011863,-0.00085448333394013657,0.0014796390553504493
1243864973,1.243864973,0.009048770945019045,stationary,0,0,0,0,0,0,0,1,0,0,0,0,0,-9.8066499999999994,0,0,0,-0.10940191791509979,-0.4627010367058898,-10.042784438154913,-0.0049864813657029498,-0.0017043327833592067,-0.0016337621329550328,0.029906205955436856,-0.020643286185797943,0.039692556765974288,0.00095587394855303699,-0.00084671988549731481,0.0014793591342856763
1255161367,1.2551613670000001,0.011296393641734509,stationary,0,0,0,0,0,0,0,1,0,0,0,0,0,-9.8066499999999994,0,0,0,-0.013737776577917839,0.004163669836973239,-9.2695144457349254,0.0067313870214624327,0.03559400877813023,-0.025410915411288894,0.029926371564292654,-0.020613746178816325,0.039590317901072737,0.000959353408796972,-0.00083754106993271188,0.0014796758502522904
1266543906,1.2665439060000001,0.011382539274677052,stationary,0,0,0,0,0,0,0,1,0,0,0,0,0,-9.8066499999999994,0,0,0,-0.12610653547919146,0.049764550120454179,-9.8126439590817736,-0.0033316016327448062,0.005245960792718809,-0.028663349741391821,0.029954030353086865,-0.02063640658618043,0.039390181719816272,0.00095081638917157555,-0.0008374664510608802,0.0014767473485621605
1275254561,1.2752545610000001,0.0087106552414335514,stationary,0,0,0,0,0,0,0,1,0,0,0,0,0,-9.8066499999999994,0,0,0,0.20652199322749717,0.18373015668067849,-9.7612289944256236,-0.0099180739283652782,-0.011283396343550774,0.016035159680629418,0.029905678854685421,-0.020638066026851896,0.03931471142597049,0.00094706149197189553,-0.00083497682812611366,0.0014839866137768764
1284315701,1.2843157010000001,0.0090611403037167988,stationary,0,0,0,0,0,0,0,1,0,0,0,0,0,-9.8066499999999994,0,0,0,-0.29177782293907489,-0.33772818468371668,-10.359570508554325,0.010290369280603544,-0.018012469600051172,-0.0017216978888438426,0.029912908184776231,-0.020565661510866945,0.03916135144316673,0.00094953496355788391,-0.00084167356445324763,0.0014809929876484565
1295139077,1.295139077,0.01082337574546949,stationary,0,0,0,0,0,0,0,1,0,0,0,0,0,-9.8066499999999994,0,0,0,0.72767268174080613,-0.023338050180531075,-9.5928213902855379,0.0072513914587249116,0.022276589166132042,0.0020528293416677444,0.029939528363049972,-0.020645168252317218,0.039257662964442407,0.00094722097392898447,-0.0008426754872442214,0.0014807596730955141
1305112299,1.3051122990000001,0.0099732216682907257,stationary,0,0,0,0,0,0,0,1,0,0,0,0,0,-9.8066499999999994,0,0,0,0.15680361254096684,0.34204021307235799,-10.428545630816838,-0.003652170854670038,0.012024589936670915,-0.0047397469950479412,0.029958919619007669,-0.020774851003221972,0.039268957814177344,0.00095162973148497009,-0.00084840285706732179,0.0014816062393672824
1314020999,1.314020999,0.0089087002271827347,stationary,0,0,0,0,0,0,0,1,0,0,0,0,0,-9.8066499999999994,0,0,0,0.14119980924856884,-0.14168663978619475,-9.832197314349159,-0.003049383364040236,-0.0040581503736461253,-0.011276502640687708,0.030098355868429322,-0.020845816539392145,0.039215038982221458,0.00095394236099462118,-0.00084544298908916372,0.0014821219057186512
1322415729,1.322415729,0.0083947296727167539,stationary,0,0,0,0,0,0,0,1,0,0,0,0,0,-9.8066499999999994,0,0,0,-0.082104237665046487,-0.18802199027666727,-9.401883358954203,0.0037167213605218859,-0.0094585667527302079,0.0018993410907685447,0.030200378787389549,-0.020849230892264786,0.039178593252101365,0.00095630021077185048,-0.00084061424778899413,0.0014889124252846127
1332720596,1.3327205960000001,0.010304867274877482,stationary,0,0,0,0,0,0,0,1,0,0,0,0,0,-9.8066499999999994,0,0,0,-0.23308809048944454,-0.30080644095245213,-9.9364030906345508,0.017150692426327115,-0.023856733357499292,-0.029517204867643115,0.030060084713699566,-0.0210759835661503,0.039252116826394561,0.00095565448303514867,-0.00084102751756362048,0.0014876020144928097
1342675543,1.3426755430000001,0.0099549468284486076,stationary,0,0,0,0,0,0,0,1,0,0,0,0,0,-9.8066499999999994,0,0,0,0.46557035438497063,0.81989467333482424,-9.9371576382878946,-0.013393002072963497,0.0055875004387608319,0.0077528936514207319,0.029971097809097288,-0.021192066131062191,0.039243939876255948,0.00095250778813542303,-0.00083915393311177148,0.001487676990317854
1351392480,1.3513924800000001,0.0087169367644857141,stationary,0,0,0,0,0,0,0,1,0,0,0,0,0,-9.8066499999999994,0,0,0,0.071521507850227511,-0.33311914768087458,-10.070549820191015,-0.045575311901562561,0.010209273900136366,0.016905336660788441,0.029939870502694102,-0.021209484226375717,0.039267380840500958,0.00095040059541680918,-0.00083745365450146121,0.0014911022224474166
1360692821,1.360692821,0.0093003414604337642,stationary,0,0,0,0,0,0,0,1,0,0,0,0,0,-9.8066499999999994,0,0,0,-0.35337940763697334,-0.47514137412713037,-10.031157538688731,-0.011193715505876601,-0.049427059029475702,-0.0095864591341742276,0.029931099521418671,-0.021160975227711782,0.039186517797830334,0.00095255310747444251,-0.0008315889200483362,0.0014902533340756981
1369148802,1.369148802,0.0084559812000621713,stationary,0,0,0,0,0,0,0,1,0,0,0,0,0,-9.8066499999999994,0,0,0,-0.10349180821506831,0.20365200535919289,-9.8874503293435936,-0.0037683923607709446,-0.0052555067184023464,0.011224758694753265,0.029849921785945151,-0.021162874312907979,0.039148106692401409,0.00095754871121045534,-0.00083344920042910278,0.0014979275002123856
1379077671,1.3790776710000001,0.009928869069781833,stationary,0,0,0,0,0,0,0,1,0,0,0,0,0,-9.8066499999999994,0,0,0,0.36958228280408734,-0.27652947879155004,-10.356292545839073,-0.045805987823542713,-0.0089533820437558091,0.0042548314049895754,0.029807595763753414,-0.021127549821790489,0.039224822286439365,0.00096424534045394517,-0.00083816660182280697,0.0015051268915192435
1388108532,1.3881085320000002,0.0090308607618556063,stationary,0,0,0,0,0,0,0,1,0,0,0,0,0,-9.8066499999999994,0,0,0,0.0026023372189507184,0.23519180086580513,-10.118234373640419,0.0067051022226982662,0.016802918593231814,0.0032713925536154622,0.029935849851926204,-0.021244492481776473,0.039266022240942569,0.000964420678278285,-0.00083835304359794157,0.0015031701920908661
1399764387,1.3997643870000001,0.011655854766939644,stationary,0,0,0,0,0,0,0,1,0,0,0,0,0,-9.8066499999999994,0,0,0,-0.29610939740304221,-0.25002248332125832,-9.8578083998850001,0.0064587640368030516,0.0099630221905455466,0.02462366944021822,0.02983638641729178,-0.021262326307856988,0.039204979947371543,0.00096482667072361077,-0.00083503597645339257,0.001502201777474646
1409289603,1.4092896030000002,0.0095252155908931383,stationary,0,0,0,0,0,0,0,1,0,0,0,0,0,-9.8066499999999994,0,0,0,0.13151792883984428,-0.067829668082090802,-9.6906180404858802,-0.0094713291821486752,0.017718780514805695,-0.018994274300231755,0.029777957928685237,-0.021340019807733975,0.039232413056993334,0.00096005086089676344,-0.00083120607178236848,0.0015041668231634011
1417419867,1.417419867,0.0081302642046774936,stationary,0,0,0,0,0,0,0,1,0,0,0,0,0,-9.8066499999999994,0,0,0,-0.77082245643414526,0.22816309709167354,-10.093209461189128,-0.0080146262806293847,0.015662125738174767,-0.0053416707722217585,0.029821625284750828,-0.021229301248327382,0.039187350446850899,0.0009585610984456501,-0.0008333374838555913,0.0015081852765617542
1427113215,1.4271132150000001,0.009693347993085466,stationary,0,0,0,0,0,0,0,1,0,0,0,0,0,-9.8066499999999994,0,0,0,0.1409830339589877,0.46190954687420632,-9.8057874506184799,-0.0090408335282806465,0.0086236159639116287,0.0021175281944640157,0.029760957390281586,-0.021234216208337726,0.039219240255665845,0.00096012447566066062,-0.00082885525369529327,0.0015078583085565698
1436524322,1.4365243220000001,0.0094111073906690684,stationary,0,0,0,0,0,0,0,1,0,0,0,0,0,-9.8066499999999994,0,0,0,0.18994567028502829,-0.24221209811132322,-9.5812078343123872,-0.011164207427239729,-0.0096660984809958817,0.0039311160624043058,0.029857188169251966,-0.02115221399519733,0.039275381913846351,0.0009640663513909854,-0.00082251609013514091,0.0015086874460614472
1446788076,1.446788076,0.010263754419019033,stationary,0,0,0,0,0,0,0,1,0,0,0,0,0,-9.8066499999999994,0,0,0,-0.002463418290367534,-0.46734321211322827,-9.9891818698879131,-0.0092401964594886147,-0.01687524587237943,0.015579967344731448,0.030016965494212348,-0.02106642166779945,0.039251101479753386,0.00096840589057097307,-0.0008223027915419584,0.0015084962738779952
1457042680,1.45704268,0.010254604139245815,stationary,0,0,0,0,0,0,0,1,0,0,0,0,0,-9.8066499999999994,0,0,0,0.48291962303902103,-0.011831031783016798,-9.6975371248637163,0.0016024711903350377,0.00030008556652093353,-0.017050895269142177,0.030023072876813609,-0.020993988355848914,0.039253892827509129,0.000967212186876711,-0.00081720783531424911,0.0015071858943255982
1468832503,1.468832503,0.011789822573090379,stationary,0,0,0,0,0,0,0,1,0,0,0,0,0,-9.8066499999999994,0,0,0,0.73417865780589009,-0.30628440049248246,-9.4822002379209778,-0.00039028288396437613,0.011425118123315103,0.0010114415799005985,0.030059926327457083,-0.021148111763254856,0.039180397144297864,0.00097467305550394618,-0.00081398805220356458,0.0015048403385914022
1480087403,1.4800874030000002,0.011254900432400976,stationary,0,0,0,0,0,0,0,1,0,0,0,0,0,-9.8066499999999994,0,0,0,0.31157065669180511,-0.06891989339071744,-9.2712739877871488,0.0036481571835803835,-0.019282984839530556,-0.0088705287664121862,0.030086747911316835,-0.021221096139964299,0.039180952793861711,0.00097766215619948154,-0.0008078015973112478,0.0015074106254853892
1489173963,1.489173963,0.0090865598330777883,stationary,0,0,0,0,0,0,0,1,0,0,0,0,0,-9.8066499999999994,0,0,0,0.44011864539991924,-0.20578095496856125,-9.4057221481885307,0.047156700333970139,0.00077534370893366151,0.0069652371463161692,0.030001307189994671,-0.021063341540085753,0.039259233109430344,0.00097439216643151606,-0.00081208300649683878,0.001507116420038154
1499593882,1.4995938820000001,0.010419919117617386,stationary,0,0,0,0,0,0,0,1,0,0,0,0,0,-9.8066499999999994,0,0,0,-0.048119754867650813,0.10584074921621905,-10.042851189103736,-0.005785421507793086,0.012179592078379226,0.0073919528037700924,0.029856503241626,-0.021053667232100455,0.039057247873597017,0.00097696115519296908,-0.00080322367486000831,0.0015100303165777402
1511333598,1.511333598,0.011739716131196148,stationary,0,0,0,0,0,0,0,1,0,0,0,0,0,-9.8066499999999994,0,0,0,-0.35599683384485564,-0.41458520743126476,-9.4695594885229788,-0.01135755157351993,-0.0055628713445619775,-0.0089405522464593226,0.029894283955369312,-0.021005556275799288,0.038948237744813957,0.00098190736596155985,-0.00080152729700301952,0.0015027982370445355
1522993855,1.5229938550000002,0.011660257429913716,stationary,0,0,0,0,0,0,0,1,0,0,0,0,0,-9.8066499999999994,0,0,0,0.026857174304267695,0.45767944953878387,-9.7403348383989243,0.015688085412521612,-0.0021982562762096693,0.0089625180611617415,0.029808967974942719,-0.020970606012670805,0.038776570643705738,0.00098028759551393421,-0.00080327296144179765,0.0015060844091549974
1534339132,1.5343391320000002,0.011345277326504021,stationary,0,0,0,0,0,0,0,1,0,0,0,0,0,-9.8066499999999994,0,0,0,0.15383435295953429,0.30804090949388624,-9.8638109108222398,-0.005101706652622176,-0.014629322865030145,-0.0085953492795780295,0.029814308954019597,-0.021060360017283373,0.038788972935531095,0.00097482959495691791,-0.00080395615028021697,0.0015063337888595808
1542454107,1.5424541070000002,0.0081149752642779953,stationary,0,0,0,0,0,0,0,1,0,0,0,0,0,-9.8066499999999994,0,0,0,-0.41975491396171616,0.019455915792314701,-10.306702616375528,0.011853951622769181,-0.011145228123997352,-0.024982345429989682,0.029831072419434078,-0.021117005086304836,0.038744892019440778,0.00098310520046411814,-0.00080007602050318253,0.0015106913940744096
1554038989,1.5540389890000001,0.011584881555450377,stationary,0,0,0,0,0,0,0,1,0,0,0,0,0,-9.8066499999999994,0,0,0,0.0697749337971212,0.44959001605833215,-9.3363050685834974,-0.022481713896702497,-0.010234812053761663,-0.017723901676881936,0.029724457522168197,-0.021049705432186355,0.038708334105759044,0.00098244360154107926,-0.00080154204455027355,0.001509683544449346
1562790222,1.5627902220000001,0.0087512330852865597,stationary,0,0,0,0,0,0,0,1,0,0,0,0,0,-9.8066499999999994,0,0,0,-0.0063620213272681247,-0.20101464063666222,-9.9081411675185169,-0.0024328604165816648,-0.011902786266398813,0.022302324239122998,0.02973579465565173,-0.021017239613884717,0.038619469215709294,0.00097609064946362078,-0.00080098060043022764,0.0015014316026435793
1573052112,1.5730521120000001,0.010261889699408385,stationary,0,0,0,0,0,0,0,1,0,0,0,0,0,-9.8066499999999994,0,0,0,-0.80994069430862281,0.43178320579456375,-9.9468208362781869,-0.010816813660126684,-0.0044818045475208523,-0.022157462434063933,0.029810537492431961,-0.021012825992909795,0.038589824675902044,0.00098081786166033156,-0.00080375156239428523,0.0015057356473482842
1581789394,1.5817893940000001,0.0087372822027829925,stationary,0,0,0,0,0,0,0,1,0,0,0,0,0,-9.8066499999999994,0,0,0,-0.15580794275675017,0.11314137883955576,-10.003734264186871,-0.018233793053357063,0.012676979145438491,0.0066283842111149295,0.029744641448612979,-0.021131377902500317,0.038510464459281989,0.00098279376568128035,-0.00080902393908940939,0.0015000186011853885
1593488874,1.5934888740000002,0.011699479713256432,stationary,0,0,0,0,0,0,0,1,0,0,0,0,0,-9.8066499999999994,0,0,0,0.63005399392795247,-0.20338898083596993,-9.3404138051590397,0.0083376113787518042,-0.0015736610183385558,0.012478393414873222,0.029828584371703045,-0.021226336911480265,0.038471210813548991,0.00098556238318252948,-0.00080708241778665551,0.001499617866599114
1602785795,1.6027857950000002,0.0092969210422804965,stationary,0,0,0,0,0,0,0,1,0,0,0,0,0,-9.8066499999999994,0,0,0,-0.051351036860342106,-0.50874320782902815,-9.7135153588553145,-0.00099348341663017402,-0.009764956141311041,-0.0002012341629553814,0.029919395791730908,-0.021312926375083439,0.038429502341927872,0.00098420151814830018,-0.00080408769930100533,0.0014933059358462129
1613810777,1.6138107770000001,0.011024981900018523,stationary,0,0,0,0,0,0,0,1,0,0,0,0,0,-9.8066499999999994,0,0,0,-0.1466253554563352,-0.078401023063961628,-10.570117171213102,0.0025882755777365844,-0.0090081725003828186,0.019976530131842644,0.029973711305167398,-0.021285584626719742,0.038326950937585508,0.00098969981812053868,-0.00080300385122767661,0.0014926769115989516
1622136040,1.62213604,0.0083252628917762535,stationary,0,0,0,0,0,0,0,1,0,0,0,0,0,-9.8066499999999994,0,0,0,-0.19970284798522256,0.16070087275111114,-9.895993097554534,0.0055140812514008538,0.0027273694373695207,0.040164324171147035,0.030020807321082251,-0.021237914838650559,0.038280311321753989,0.00099383136737711954,-0.0007999008361559936,0.0014894361145871662
1632520185,1.6325201850000002,0.010384144879884753,stationary,0,0,0,0,0,0,0,1,0,0,0,0,0,-9.8066499999999994,0,0,0,-0.19021514528528993,-0.017908510184558916,-9.3888582797477618,0.00072029271945795912,-0.043031181570738535,0.022042237690881775,0.029932681524204734,-0.02127204156387796,0.038228696152348425,0.00099144663932870347,-0.00080790110415533841,0.0014886204292918846
1642049209,1.6420492090000001,0.0095290239565195018,stationary,0,0,0,0,0,0,0,1,0,0,0,0,0,-9.8066499999999994,0,0,0,-0.048911259790054597,0.18383733428934179,-9.458870893021782,-0.0058022374119559095,-0.0081330537186709434,-0.023756650845046082,0.029974642497703742,-0.021238628579418141,0.038049865968024357,0.00098844486466230942,-0.00080600766639951258,0.0014847369389048286
1654020878,1.6540208780000001,0.011971669488615947,stationary,0,0,0,0,0,0,0,1,0,0,0,0,0,-9.8066499999999994,0,0,0,0.017756014392708474,0.26465812945933492,-10.17146548581473,0.010694644830384913,0.0055211565099755602,0.0072701749254888886,0.02993153325543918,-0.02127242525811418,0.038080714904884586,0.00098940850381434766,-0.00080612748956929484,0.0014839730738404309
1665347944,1.6653479440000001,0.011327065945722374,stationary,0,0,0,0,0,0,0,1,0,0,0,0,0,-9.8066499999999994,0,0,0,-0.17623602697071886,0.091604124349091265,-9.5900053766771514,0.018928484573046363,-0.02341844916577402,0.0053724906997700862,0.0299351898306125,-0.021178483089326187,0.038253683751692691,0.00098670389658442781,-0.00081175596510776058,0.0014856984448728119
1673665805,1.6736658050000002,0.0083178612749809262,stationary,0,0,0,0,0,0,0,1,0,0,0,0,0,-9.8066499999999994,0,0,0,0.047321864836412757,-0.010778791689596574,-10.114460513188691,-0.00077668917786932203,-0.015764948214407621,-0.013207942185087128,0.029952689359621903,-0.021181824118224606,0.038453296679263421,0.00098431915002342922,-0.00081139192998241016,0.0014827193713807241
1684265777,1.684265777,0.010599971726710828,stationary,0,0,0,0,0,0,0,1,0,0,0,0,0,-9.8066499999999994,0,0,0,-0.21848295303252252,0.0022331518837106525,-10.002407902428711,-0.019821294442979965,0.021392531574753553,0.00065308797336843252,0.029997574986136075,-0.021128526574151107,0.03845160781653973,0.00098819060140329989,-0.00080946024048019415,0.0014777368427343277
1693003160,1.6930031600000002,0.0087373827862988421,stationary,0,0,0,0,0,0,0,1,0,0,0,0,0,-9.8066499999999994,0,0,0,-0.47392614666430172,0.11548104845338059,-10.026734335872105,-0.017375850372955508,-0.010650195160276262,-0.0060226759351200126,0.029972318817512864,-0.021096158332900464,0.038480005501946753,0.00098562480653898278,-0.00081127193978191962,0.0014771237599597537
1703554314,1.703554314,0.010551153862176157,stationary,0,0,0,0,0,0,0,1,0,0,0,0,0,-9.8066499999999994,0,0,0,0.10436462814190717,0.34406831518148617,-9.8144464349656957,0.017517288206434542,-0.019654721636480493,0.00916837389071231,0.030161421180847518,-0.021118653981103803,0.038369886329112285,0.00099309285350264757,-0.00081130693264140922,0.0014774844718916712
1715101405,1.7151014050000002,0.011547090997058267,stationary,0,0,0,0,0,0,0,1,0,0,0,0,0,-9.8066499999999994,0,0,0,0.17090309652615041,0.20644449224114603,-9.8243612252814199,-0.0023598693348320125,-0.01821050627878025,0.0026106867589111744,0.030102763419241254,-0.021162947316975197,0.038239745261286234,0.00099135678791289258,-0.00080752612184244339,0.0014704107750470896
1725691481,1.7256914810000001,0.01059007586059359,stationary,0,0,0,0,0,0,0,1,0,0,0,0,0,-9.8066499999999994,0,0,0,-0.022226365811615637,0.54287265231789872,-9.7617062846311651,0.0057971257009581034,-0.010199788195653941,0.0072795917875841266,0.030212306864216196,-0.021140295834235021,0.038366812954822679,0.00098924401113182248,-0.00080749958982203219,0.0014694946730656178
1735144255,1.735144255,0.0094527743646232662,stationary,0,0,0,0,0,0,0,1,0,0,0,0,0,-9.8066499999999994,0,0,0,0.04774286506651107,0.56597151534974255,-9.9562133563834774,-0.0041723602804180481,-0.01514117509643071,0.014719060539177034,0.030183546326902819,-0.021101444341705237,0.038288726888979122,0.00098723223286041042,-0.00080504589489230848,0.0014680175695738647
1744971223,1.7449712230000001,0.0098269675185247967,stationary,0,0,0,0,0,0,0,1,0,0,0,0,0,-9.8066499999999994,0,0,0,0.020073703738158612,-0.077754941638917968,-10.250795859702915,-0.0049835701583864104,0.023350286443058935,0.025786766082220268,0.03022316299249769,-0.020971860051732277,0.038279343949047279,0.00098681422268639854,-0.00080003499924337449,0.001471975022953581
1753396607,1.7533966070000002,0.0084253839239131299,stationary,0,0,0,0,0,0,0,1,0,0,0,0,0,-9.8066499999999994,0,0,0,0.6398372143729657,0.27586383295079758,-9.4739288027140969,0.0027106785472199753,0.015857447200475248,0.036626231395130562,0.030203343077676092,-0.020890509633164123,0.038337035063892494,0.00098957815219110398,-0.00080316736170083132,0.0014764653925264431
1761427282,1.7614272820000001,0.0080306747194534341,stationary,0,0,0,0,0,0,0,1,0,0,0,0,0,-9.8066499999999994,0,0,0,0.23577771558479965,-0.080433093798172234,-9.620586050400723,-0.026476298113993595,0.029537980612679662,-0.030342968246338694,0.030314503003202688,-0.020858655048836886,0.038259174597535639,0.00098576399814970348,-0.0008031540840516331,0.0014755842714768391
1770453743,1.770453743,0.0090264613543197727,stationary,0,0,0,0,0,0,0,1,0,0,0,0,0,-9.8066499999999994,0,0,0,-0.25214660533640398,0.55055689615928971,-9.9046403147668975,-0.0059050655263598317,0.010438276545784648,-0.015594030517321441,0.030218899939621954,-0.020807824507989684,0.038246850986004825,0.00098921350525311828,-0.00080386302223960462,0.0014700577465811373
1780642608,1.7806426080000002,0.010188864567858507,stationary,0,0,0,0,0,0,0,1,0,0,0,0,0,-9.8066499999999994,0,0,0,-0.034898783638687363,-0.25021221738734417,-10.159978756924453,0.0017967195082304638,0.0010203123784035455,0.012697904044509663,0.030066879139733167,-0.020901760659254372,0.038252535116388139,0.0009890034802088664,-0.00080248614893836342,0.0014647267945503229
1789380647,1.7893806470000002,0.0087380391412459086,stationary,0,0,0,0,0,0,0,1,0,0,0,0,0,-9.8066499999999994,0,0,0,0.25459333925458033,0.64253636855144869,-9.6756132866612727,-0.026077451252805472,0.008739905727080997,-0.0033558860946263894,0.030254561476554056,-0.020855151570179878,0.03831947367163091,0.00098969283197461975,-0.00080853070299621854,0.0014638713262579909
1800412857,1.8004128570000002,0.011032209779889775,stationary,0,0,0,0,0,0,0,1,0,0,0,0,0,-9.8066499999999994,0,0,0,-0.21294937371107625,-0.62150022997354637,-10.347966900400136,-0.017425687314699422,0.017787420175465439,0.018419952482590554,0.030372069782242161,-0.02085820730415236,0.03828560162447206,0.00098700448726200276,-0.00081068236364669887,0.0014579554771648731
1812189885,1.8121898850000002,0.011777027922262701,stationary,0,0,0,0,0,0,0,1,0,0,0,0,0,-9.8066499999999994,0,0,0,0.054940855225484628,-0.55031153971414293,-9.5480461237104119,-0.012543668353942879,0.0035367935634804024,-0.003651385725228707,0.030584242879043898,-0.020646819610850707,0.038292105672431014,0.00098352127673381751,-0.00081588934894849053,0.0014564031130551798
1821557788,1.821557788,0.0093679029900413206,stationary,0,0,0,0,0,0,0,1,0,0,0,0,0,-9.8066499999999994,0,0,0,0.083534399161645179,-0.24463292751509591,-9.959309376145308,0.006467399171483838,0.00045512923224688207,0.0022319893117231887,0.030672551807934531,-0.020797204626740493,0.038317292963187061,0.00098749874307690238,-0.00081274598017298816,0.0014663838236617639
1829728573,1.8297285730000001,0.0081707846735449736,stationary,0,0,0,0,0,0,0,1,0,0,0,0,0,-9.8066499999999994,0,0,0,0.031721801770412075,0.20326227853027767,-10.066762688937144,-0.0018440925009505849,0.011943575834817201,-0.00079365957074473289,0.030606186257651508,-0.020837973988147476,0.038247740198487951,0.00099079073026198746,-0.00080674985582931881,0.0014668239211442643
1839916307,1.8399163070000002,0.010187734468368645,stationary,0,0,0,0,0,0,0,1,0,0,0,0,0,-9.8066499999999994,0,0,0,-0.051706808246427628,-0.2851905364223678,-10.023249477834222,-0.038477493730127474,0.016036818773470171,-0.011041414838434538,0.030557905704178497,-0.020923244498378915,0.038231013834049442,0.0009893394638353216,-0.00080847509799717918,0.0014690193880115305
1850162512,1.850162512,0.010246204949540896,stationary,0,0,0,0,0,0,0,1,0,0,0,0,0,-9.8066499999999994,0,0,0,-0.59274450150452962,-0.36815359096514505,-10.130842850317116,0.0012071770192311668,0.013132815534705805,-0.024958463914689782,0.030580933970228642,-0.020913344686274194,0.038161120999952641,0.00098797256019374875,-0.00080979835807193379,0.0014734307445570124
1858791949,1.8587919490000002,0.0086294370829617766,stationary,0,0,0,0,0,0,0,1,0,0,0,0,0,-9.8066499999999994,0,0,0,0.53145556090840418,-0.059763091479627953,-9.9468043371065757,-0.021334646414885628,-0.0043983132301732165,-0.038608018968631669,0.030482723920964298,-0.020832373168861298,0.038198509712386031,0.00098422117754745262,-0.00080889129439492527,0.0014743337700548001
1870086240,1.87008624,0.011294290612834386,stationary,0,0,0,0,0,0,0,1,0,0,0,0,0,-9.8066499999999994,0,0,0,0.33443534463917673,-0.273869435266968,-9.4849876301513838,0.0018562253318753874,0.013532811350846871,-0.0050991739354484811,0.030477953272466992,-0.020831768204717327,0.03807320420767784,0.00098277632266796405,-0.00081044279894706972,0.00147816802885063
1881100725,1.881100725,0.011014484823737913,stationary,0,0,0,0,0,0,0,1,0,0,0,0,0,-9.8066499999999994,0,0,0,-0.31523772816287321,-0.22089368180648117,-9.75019407920799,6.1898514210207626e-05,-0.0058692381923393325,-0.0032262526599616502,0.030470694693502182,-0.020784165425682694,0.037987445139809506,0.00098428652666127841,-0.00082231056593039112,0.0014792184172799101
1889672906,1.8896729060000002,0.0085721805477295236,stationary,0,0,0,0,0,0,0,1,0,0,0,0,0,-9.8066499999999994,0,0,0,0.1114455521084278,0.22889965794437264,-10.148524976819424,-0.025142288680789486,0.0060949324622104357,0.011030204147581822,0.030438800424187319,-0.020680729581192266,0.03780266442627974,0.00098005269318627653,-0.00081567137268047515,0.0014844439594129699
1901098948,1.901098948,0.011426042208875999,stationary,0,0,0,0,0,0,0,1,0,0,0,0,0,-9.8066499999999994,0,0,0,0.26627198667057872,0.10180145039987773,-9.6378341797404943,-0.0059652931238835267,-0.025472075333751964,0.0071773325597067564,0.030379062077813105,-0.02067114527783219,0.037757146877794516,0.00097864685160561947,-0.00081215547586403769,0.0014860072126054893
1910820148,1.9108201480000002,0.0097211996508573123,stationary,0,0,0,0,0,0,0,1,0,0,0,0,0,-9.8066499999999994,0,0,0,0.10981692009590217,0.29363094546244289,-9.7208731835122517,0.027754843947804385,-0.02220488756395033,0.00058807534453041209,0.030417041360615047,-0.020409905131906096,0.037854927084052102,0.00097356390701757063,-0.0008163837079015198,0.0014781699780975332
1919169489,1.9191694890000002,0.008349340786146053,stationary,0,0,0,0,0,0,0,1,0,0,0,0,0,-9.8066499999999994,0,0,0,0.66576208868892983,0.057278692944906777,-9.2620410840448688,0.0038475505587981366,0.00032317460886710644,-0.024888897447320608,0.030347669252564862,-0.020389850453767074,0.037889382937011565,0.00097231972760472107,-0.00081220016007341894,0.0014763273839038483
1931016748,1.9310167480000002,0.011847259106170002,stationary,0,0,0,0,0,0,0,1,0,0,0,0,0,-9.8066499999999994,0,0,0,0.16636038465898151,0.048884814077309838,-9.8715092559397846,-0.0026343432985345542,-0.033430722154297869,-0.03383326576488796,0.030229201494486144,-0.020417320465333084,0.037909297588463731,0.0009699939803649169,-0.0008115641905417746,0.0014750363993081995
1942496987,1.9424969870000002,0.011480238993472405,stationary,0,0,0,0,0,0,0,1,0,0,0,0,0,-9.8066499999999994,0,0,0,0.1112258972653213,-0.131970060215193,-9.4303968970071672,0.013977005232615027,0.037626475887357617,-0.019564449600871923,0.030220402512162067,-0.020279423502908081,0.038045861322625885,0.00097546695785024067,-0.00081288586009849043,0.0014742429496269057
1953290695,1.9532906950000002,0.010793707714802127,stationary,0,0,0,0,0,0,0,1,0,0,0,0,0,-9.8066499999999994,0,0,0,0.24938859578481484,-0.088795866150459007,-10.109366736092356,0.013446312750875914,-0.01862006118324247,0.01803819101428308,0.030187615500516147,-0.020188542715164123,0.038129401039740253,0.00097161234674491843,-0.00081629936447387918,0.001472747898943579
1962353268,1.9623532680000002,0.0090625731998153318,stationary,0,0,0,0,0,0,0,1,0,0,0,0,0,-9.8066499999999994,0,0,0,0.21243356575383804,-0.2565971635290874,-9.4753440473724755,0.016503266127205304,0.016720177672797661,0.01935210274461183,0.030239504586388397,-0.020269011360323882,0.0381096387623426,0.00096892605599609258,-0.00081343190436639133,0.0014697498076776225
1970742019,1.9707420190000002,0.0083887514612465408,stationary,0,0,0,0,0,0,0,1,0,0,0,0,0,-9.8066499999999994,0,0,0,-0.1895583788733588,-0.11717459109751895,-9.3309736613058973,-0.011871316283333131,-0.014119279176855131,0.00054206774396711645,0.030352774789892692,-0.020259435472463862,0.038087722455434132,0.00096706937940025913,-0.00081472194430780374,0.0014674382815803
1980145439,1.9801454390000002,0.0094034198871219866,stationary,0,0,0,0,0,0,0,1,0,0,0,0,0,-9.8066499999999994,0,0,0,-0.24880545134026938,-0.057538764327098819,-10.378991581068512,-0.019919447993087282,-0.033279550848766735,0.030553875061063475,0.030293023870114625,-0.020137411284487629,0.038119346869396553,0.00096669315637217185,-0.00081940339906754747,0.0014679082683520769
1991663087,1.9916630870000001,0.011517648242874453,stationary,0,0,0,0,0,0,0,1,0,0,0,0,0,-9.8066499999999994,0,0,0,-0.23285561184508993,-0.39449750729993216,-9.8582791546998365,0.010780081860156488,-0.002319580381760813,0.0110303738377611,0.030306724622301901,-0.020102239154192826,0.038076591041349264,0.0009581794412780231,-0.00081455365892761091,0.0014692021958044017
2001675263,2.0016752630000001,0.010012175564092552,stationary,0,0,0,0,0,0,0,1,0,0,0,0,0,-9.8066499999999994,0,0,0,-0.11906966038800128,-0.20607853257396264,-9.5922672691440081,0.0053719492292468567,-0.0081774157107186978,-0.0047664470556683155,0.030327682443790152,-0.020094928712606357,0.037874897975673859,0.00095834949926716683,-0.00082236066457633326,0.0014759043893736357
2013565605,2.0135656050000001,0.011890341774344393,accelerate,0,0.00010603517063303953,0,0,0.017835512661516589,0,0,1,0,0,0,1.5,0,-9.8066499999999994,0,0,0,1.7918872500117258,-0.24231951528425572,-9.8494758104220086,0.013017355520215698,0.019921449919503731,0.007041988528960522,0.030272371030580409,-0.019942348671134976,0.037743318899122615,0.00096364833860100628,-0.00082443535332557614,0.001473888544230059
2023502929,2.0235029290000002,0.0099373242096437199,accelerate,0,0.00035733525173141384,0,0,0.032741498975982171,0,0,1,0,0,0,1.5,0,-9.8066499999999994,0,0,0,1.7707612293794925,-0.080894060862201217,-9.5059984785659033,-0.018043701027785995,0.022408174768076657,-0.021004759616109443,0.030197142650476232,-0.019970701692858587,0.037466540511686422,0.00095893989195119423,-0.00082178222727010601,0.0014817892113183455
2033406167,2.0334061670000003,0.0099032376392916444,accelerate,0,0.00075513768356240136,0,0,0.047596355434919635,0,0,1,0,0,0,1.5,0,-9.8066499999999994,0,0,0,1.5730058491206924,-0.69045987815088006,-9.7527051925425461,0.015871631649109839,0.012848481669262104,-0.00035200610760526235,0.030249935720911104,-0.019858578125469747,0.037418932089289023,0.00096255432005999827,-0.0008170489600107841,0.0014912780826649655
2043413962,2.0434139620000003,0.010007795348101062,accelerate,0,0.0013065892438676597,0,0,0.062608048457071228,0,0,1,0,0,0,1.5,0,-9.8066499999999994,0,0,0,0.84649655105514687,0.29971319400639507,-10.028658544031341,-0.013148604469216601,0.0081772954854855296,0.0035635135391200445,0.030138961380694482,-0.019995442193989722,0.037347127687513339,0.00095566250961362075,-0.00081667471869504161,0.0014898993135003381
2053109622,2.053109622,0.0096956601137897242,accelerate,0,0.0019841199708766992,0,0,0.077151538627755811,0,0,1,0,0,0,1.5,0,-9.8066499999999994,0,0,0,1.430718619265694,-0.064303484092126495,-9.3950797160764843,0.0040483690217328842,0.012940847515541349,-0.0014276017072568134,0.030085363983993633,-0.020071331739853489,0.037235142780259599,0.00095739862799401913,-0.00080908221223019113,0.0014901698947380542
2064877359,2.064877359,0.011767736954783975,accelerate,0,0.002995878707882726,0,0,0.094803144059931774,0,0,1,0,0,0,1.5,0,-9.8066499999999994,0,0,0,1.5856797567768368,0.66694862547897382,-9.2388484858731879,0.0052854603031316019,0.0022903323415580427,0.0039788913881400453,0.030103748471614001,-0.020102973920084526,0.03708484774747469,0.00096311680819270923,-0.00081275959191432975,0.0014902834693793388
2073313043,2.0733130430000002,0.0084356844823928051,accelerate,0,0.0038489786986260041,0,0,0.10745667078352097,0,0,1,0,0,0,1.5,0,-9.8066499999999994,0,0,0,1.7733944989698074,-0.088503556567816444,-10.080154109258082,-0.011326997077524031,0.010322576871058285,0.024120169690636132,0.030132248044327695,-0.020247191762030103,0.037178812059472079,0.00096264939742542893,-0.00081488992169623221,0.001478360757917889
2081364821,2.0813648210000002,0.0080517779393883826,accelerate,0,0.0047628192958697945,0,0,0.11953433769260355,0,0,1,0,0,0,1.5,0,-9.8066499999999994,0,0,0,1.801971935280217,0.66690416119619322,-9.9069417112391598,0.016391055357398873,-0.00047878560023777514,0.019971324797213166,0.030137865637745318,-0.020325575891663068,0.037195123363656532,0.00096575070873538118,-0.00081513212035833548,0.0014778670239228436
2090174991,2.090174991,0.0088101699057734281,accelerate,0,0.0058741514408421755,0,0,0.1327495925512637,0,0,1,0,0,0,1.5,0,-9.8066499999999994,0,0,0,1.1615901227905119,0.17356830932647854,-9.4824996435158582,0.024526299934962206,-0.00096279644490048692,0.013465794025086068,0.030212243547125352,-0.02032624048835413,0.037199777538939501,0.00096245141180624852,-0.00081331374176839895,0.0014777754356711541
2098646090,2.0986460900000004,0.0084710985258136823,accelerate,0,0.007052505951281084,0,0,0.14545624033998422,0,0,1,0,0,0,1.5,0,-9.8066499999999994,0,0,0,1.8385414985635118,-0.6966344637012476,-9.5790784829859454,0.0050184967684551614,0.027924999070753378,-0.012131256537569227,0.030239006188870585,-0.020289751373483659,0.037110555323277748,0.00095926836081311375,-0.00081306015977012671,0.0014789813477951454
2109532837,2.1095328370000002,0.010886746662604176,accelerate,0,0.0087249421300291518,0,0,0.16178636033389049,0,0,1,0,0,0,1.5,0,-9.8066499999999994,0,0,0,1.5916664468782695,0.33622818685056477,-9.9980248223087731,-0.032573409639373503,-0.0045328669515100999,0.013490111030719754,0.030175637999602951,-0.020281048135365395,0.037134265022919596,0.00095917902649128052,-0.00081633687883775037,0.0014729630144917939
2119818630,2.1198186300000001,0.01028579297623268,accelerate,0,0.010468391291664169,0,0,0.17721504979823952,0,0,1,0,0,0,1.5,0,-9.8066499999999994,0,0,0,1.6974506076642752,0.26062804970572795,-9.8969115807336188,-0.017704283210652365,0.0077096410942940775,-0.01334327221350956,0.03021202756452358,-0.020380893849322092,0.037147297413315253,0.00095728602452191717,-0.00081484129530352974,0.0014677547861019185
2130987877,2.1309878769999999,0.01116924741016153,accelerate,0,0.012541314093446852,0,0,0.19396892091348181,0,0,1,0,0,0,1.5,0,-9.8066499999999994,0,0,0,1.2362106231785055,0.15190534691061608,-10.066796145177451,-0.0071882566484729234,0.005516236114457917,-0.0075075402054260998,0.030124886798886762,-0.020369528462805354,0.037177790284230315,0.00095808109570820325,-0.0008268640009159551,0.0014633631408067708
2142903538,2.1429035380000001,0.011915661422407874,accelerate,0,0.014959069321871805,0,0,0.21184241304709361,0,0,1,0,0,0,1.5,0,-9.8066499999999994,0,0,0,1.4453469912191124,-0.1747603542904404,-9.7318190561331637,0.010969348645980122,-0.0025897775286759911,0.019401607230849289,0.030227907640891845,-0.020489526397536772,0.037188818918805225,0.00095848332556156479,-0.00082194213926204535,0.0014647639643831686
2151700349,2.151700349,0.0087968112529453277,accelerate,0,0.016880644960980531,0,0,0.22503762992651161,0,0,1,0,0,0,1.5,0,-9.8066499999999994,0,0,0,1.6640427164536504,0.25984688892452684,-9.283222801736013,0.022818736991580806,-0.016981776811825323,0.029571104804056409,0.030222016871264627,-0.020460575878542744,0.03726596141368603,0.00095757967930475683,-0.00082214441877883975,0.0014674331290095764
2159866968,2.1598669680000002,0.0081666194021643192,accelerate,0,0.01876846189010031,0,0,0.23728755902975809,0,0,1,0,0,0,1.5,0,-9.8066499999999994,0,0,0,1.4568009721506783,-0.14298400857945545,-9.7434554230357175,-0.04023728550125566,-0.023505123506020836,-0.011672454425064458,0.030379360247510857,-0.020459724180242937,0.037159925315044771,0.0009607092503422283,-0.00082186526578749929,0.0014733218413471106
2168476630,2.1684766300000002,0.0086096618889411006,accelerate,0,0.020867022252180095,0,0,0.25020205186316974,0,0,1,0,0,0,1.5,0,-9.8066499999999994,0,0,0,1.7586504973812103,0.10729263813184195,-9.8464332438783639,0.0024651276460912856,0.0048664115496573346,0.0014954323236668059,0.030469461722935406,-0.020559974783570054,0.037125419964377342,0.00096179194328410006,-0.00081076183077027691,0.0014772435676749175
2176477464,2.176477464,0.0080008338669236671,accelerate,0,0.022916857309225318,0,0,0.26220330266355524,0,0,1,0,0,0,1.5,0,-9.8066499999999994,0,0,0,1.0140885061724056,-0.40209850767024652,-10.087836788571014,0.010458036900782852,-0.012301784090814285,0.0029169155865168862,0.030582764229509282,-0.020574575368800186,0.037101777150872775,0.00096012760480741386,-0.00080535223314144111,0.001476713152851026
2187784750,2.1877847500000001,0.01130728617815811,accelerate,0,0.025977556129836418,0,0,0.27916423193079243,0,0,1,0,0,0,1.5,0,-9.8066499999999994,0,0,0,2.1314035721556794,-0.40598553408120797,-9.4316523396575036,-0.017367696112625584,0.018983214721005705,-0.0060930571079365892,0.030594438758351435,-0.0205205347377399,0.037200432124724285,0.00096264536866609888,-0.00080977825277820119,0.0014695388267630032
2198882930,2.1988829300000003,0.011098179821854589,accelerate,0,0.029168148172152936,0,0,0.29581150166357428,0,0,1,0,0,0,1.5,0,-9.8066499999999994,0,0,0,1.7964843160083708,0.084818895120006538,-9.6003892749766138,-0.0034938902563059768,7.8219564129904497e-06,0.0016964279235603123,0.030654562022448817,-0.020444200568487159,0.037235051583555986,0.00096181277987624468,-0.0008109496483739686,0.0014633048637888487
2209458528,2.2094585280000003,0.010575598208546751,accelerate,0,0.032380414217315218,0,0,0.31167489897639439,0,0,1,0,0,0,1.5,0,-9.8066499999999994,0,0,0,1.3339889489912746,0.16925101297065601,-9.8080406929443011,0.013213294738920736,0.011120847302261412,-0.00083233162906881587,0.030598110168036464,-0.020416746119500399,0.037278943557119554,0.00095959594708080347,-0.00081269706405260537,0.0014687573634545581
2219398496,2.2193984960000002,0.0099399682947253279,accelerate,0,0.035552555058677403,0,0,0.32658485141848237,0,0,1,0,0,0,1.5,0,-9.8066499999999994,0,0,0,1.5997342594359705,0.049583769832245564,-9.5798131220596048,0.014810233161080358,-0.0026788287375820747,0.0030940627529753876,0.030710431024265034,-0.020380957133762586,0.037190114978914467,0.00095757122289768419,-0.00081573125036281478,0.0014621678563619066
2229999141,2.229999141,0.010600644528444806,accelerate,0,0.039098845225253531,0,0,0.3424858182111496,0,0,1,0,0,0,1.5,0,-9.8066499999999994,0,0,0,1.9955763818964436,-0.54399596343548362,-9.8641516937204958,-0.0059388066882487068,0.0065575125727330725,-0.002621030405012085,0.030727580661045136,-0.020439544000925052,0.037215722813337092,0.00095902475393926025,-0.00081388029920846129,0.0014661726765891818
2241500155,2.2415001550000002,0.011501013831838538,accelerate,0,0.043136984347078605,0,0,0.35973733895890742,0,0,1,0,0,0,1.5,0,-9.8066499999999994,0,0,0,1.0464176970425196,-0.12814735538253555,-9.7848939280126945,0.020531754881105233,-0.0034441506898684939,-0.0048685444388155462,0.030653873378166017,-0.020328083275651932,0.037188942756309809,0.00095354098610278223,-0.00082100246429812982,0.0014652802217491707
2253398930,2.2533989300000004,0.011898775317286604,accelerate,0,0.047523603757127664,0,0,0.37758550193483731,0,0,1,0,0,0,1.5,0,-9.8066499999999994,0,0,0,1.1587355757821123,-0.53017035989936345,-10.020690354343106,0.014459953453475996,0.015560169554351012,-0.023471117170544956,0.030724311563309369,-0.020365838381608842,0.037228999430288769,0.00095074290373167681,-0.00081948153020259097,0.0014696936450761832
2264023224,2.2640232240000002,0.010624293718385429,accelerate,0,0.051619839746248258,0,0,0.39352194251241546,0,0,1,0,0,0,1.5,0,-9.8066499999999994,0,0,0,1.4497573672217494,0.055774869114616987,-9.5174090568557528,0.011391760058673046,0.0097664567475319892,0.0060879019999153421,0.030835375775220907,-0.020347198123782762,0.037166026541050994,0.0009512814161323444,-0.00081416839697749351,0.0014698500017405649
2274401767,2.2744017670000001,0.01037854296350497,accelerate,0,0.055784809749229287,0,0,0.40908975695767291,0,0,1,0,0,0,1.5,0,-9.8066499999999994,0,0,0,1.7213903841806832,0.27935971223701972,-9.9990838535879618,-0.0061280712201636492,0.019986349899338361,0.0017921928694259936,0.030884683033726469,-0.020367152167365021,0.037246441653021038,0.00094782036149757757,-0.00080923920775562315,0.0014699333066101952
2285389910,2.2853899100000001,0.010988142705496621,accelerate,0,0.060370500838124397,0,0,0.42557197101591782,0,0,1,0,0,0,1.5,0,-9.8066499999999994,0,0,0,1.7835039498456677,-0.02856420664797216,-10.098358839619717,0.024853229490745754,-0.02759006653566614,-0.0025427661286547536,0.030912847714380461,-0.020393612744772333,0.037200318491329952,0.00094514811225643672,-0.00081496729627527687,0.0014731116339521757
2294855078,2.2948550780000003,0.0094651681397555035,accelerate,0,0.0644658031552926,0,0,0.43976972322555108,0,0,1,0,0,0,1.5,0,-9.8066499999999994,0,0,0,1.6978232125503889,0.28480728915589509,-9.4627728137808429,0.02685909043455632,-0.026689753666369009,0.010796666285907936,0.030911677277136909,-0.020347842951579004,0.037263009566997879,0.00095267341942831523,-0.00081474880735771227,0.0014646943480697535
2303657809,2.3036578090000002,0.0088027314044709874,accelerate,0,0.068395093968800127,0,0,0.45297382033225758,0,0,1,0,0,0,1.5,0,-9.8066499999999994,0,0,0,1.5998617508368325,-0.32636214696598143,-10.393166018840425,0.014773056944094668,0.01469270961393985,-0.0078667781257079315,0.030835982833306536,-0.020314651196694296,0.037217270301616388,0.00094847784385865166,-0.00081618679660276498,0.0014606980075096664
2314368132,2.3143681320000002,0.010710322652856685,accelerate,0,0.073332622996351959,0,0,0.46903930431154262,0,0,1,0,0,0,1.5,0,-9.8066499999999994,0,0,0,1.2065708850649837,0.39175978647222803,-10.267408918074961,-0.012624420185665187,0.0060871482482171375,-0.0014022915531396831,0.030829132859638664,-0.020383430505663342,0.037358380052243026,0.00094703118450756296,-0.00081982947343071878,0.0014589057993025492
2322721358,2.3227213580000003,0.0083532256536914765,accelerate,0,0.077302946429832861,0,0,0.48156914279207985,0,0,1,0,0,0,1.5,0,-9.8066499999999994,0,0,0,0.96050544552251882,0.34871064547119157,-9.7967793219529149,-0.018900004351782906,-0.00078847867443295437,0.011449074259132282,0.030978510190248568,-0.020483400849123628,0.037357959361260636,0.00094656092726817624,-0.00082286686835387362,0.0014623620296954595
2334450888,2.3344508880000001,0.011729529532262518,accelerate,0,0.083054712309325068,0,0,0.49916343709047362,0,0,1,0,0,0,1.5,0,-9.8066499999999994,0,0,0,1.7191580713718946,-0.03539024652019928,-10.011382962842355,-0.004523447548344205,0.013626206922509041,-0.0019356459565431213,0.030895767393020565,-0.020463818647483412,0.037469651711706548,0.00094661494594170509,-0.00081980486533150842,0.0014671228988943391
2346301697,2.3463016970000004,0.011850809163848081,accelerate,0,0.089075534202233214,0,0,0.51693965083624571,0,0,1,0,0,0,1.5,0,-9.8066499999999994,0,0,0,1.3740081896986034,-0.13932951824641662,-9.7123756114030702,-0.015024543690768652,0.0055424179660509346,-0.013821722504004532,0.030870694995054133,-0.020669586778274542,0.037400606296227622,0.00094946744499097686,-0.00081572686446623873,0.0014762668483263239
2357015326,2.357015326,0.01071362936913876,accelerate,0,0.094699920418199204,0,0,0.53301009488995388,0,0,1,0,0,0,1.5,0,-9.8066499999999994,0,0,0,1.6671934602468674,-0.33547254791317582,-9.7034564045647063,0.0062025314387633658,-0.016870723198816426,-0.0052053542213797207,0.030755359798637905,-0.020577804624976,0.037487203016179721,0.00094798040114987651,-0.00082101896156839204,0.0014716207254983271
2368192100,2.3681921000000004,0.011176774474470984,accelerate,0,0.10075094425714048,0,0,0.54977525660166038,0,0,1,0,0,0,1.5,0,-9.8066499999999994,0,0,0,0.94504823396063409,-0.14064123228074632,-9.6548683036186578,-0.025948127785503348,-0.015754517289345057,0.00095021415710210152,0.030815882216739737,-0.020599875905691241,0.037332944396342015,0.00095256355705309193,-0.0008166985345821441,0.0014676061405221753
2379212283,2.3792122830000002,0.011020183052684875,accelerate,0,0.1069006515486136,0,0,0.56630553118068772,0,0,1,0,0,0,1.5,0,-9.8066499999999994,0,0,0,1.0486019919742151,-0.31672396722875429,-9.7156486260928681,-0.024233837182940657,0.0019870375808367906,0.00073962021980554483,0.030722844892727891,-0.020523397777629113,0.037304468777836337,0.00094964831606439296,-0.00080858934230990619,0.0014698710352938839
2389405517,2.3894055170000001,0.010193233824353012,accelerate,0,0.11275106275581123,0,0,0.58159538191721727,0,0,1,0,0,0,1.5,0,-9.8066499999999994,0,0,0,1.5777715813112629,-0.14050917779902969,-10.100221844239549,-0.0087133942218377749,0.0086387387588687508,0.002633283612296743,0.030784055669894131,-0.020564749229190098,0.037401819421212137,0.00094926418180907096,-0.0008150695418571803,0.0014704770622135279
2398979715,2.3989797150000003,0.0095741978018578228,accelerate,0,0.11838812093059553,0,0,0.59595667862000401,0,0,1,0,0,0,1.5,0,-9.8066499999999994,0,0,0,1.8057940667645911,-0.28730860465204633,-9.7689124030353636,0.00057420431426791045,-0.010049204123797447,-0.010347977458557469,0.030697315285190204,-0.020613842661981706,0.037269446859056019,0.00095318631717959039,-0.00081065627204741193,0.0014707791317153493
2408158948,2.4081589480000001,0.0091792331180132469,accelerate,0,0.12392173995236158,0,0,0.60972552829702387,0,0,1,0,0,0,1.5,0,-9.8066499999999994,0,0,0,1.330391994546839,0.079583679422997461,-9.9434503611281677,-0.013942480679947595,0.0018322758535317472,0.0001451117679027239,0.03074559237723232,-0.020610157165496676,0.037311150212175355,0.00095601897547451734,-0.00081744483459513764,0.0014670010049334643
2418523594,2.4185235940000003,0.010364645993096356,accelerate,0,0.13032189862103555,0,0,0.62527249728666845,0,0,1,0,0,0,1.5,0,-9.8066499999999994,0,0,0,1.5689722474568657,0.16297396018771196,-9.7264041495844413,-0.012296784993309915,-0.027676440331322563,0.024530944727643757,0.030895264424289599,-0.020717652878734238,0.037316431867340585,0.00095616490082209087,-0.00082006304540934783,0.0014688368869962261
2427636316,2.4276363160000001,0.0091127219364600456,accelerate,0,0.13608211429914335,0,0,0.63894158019135849,0,0,1,0,0,0,1.5,0,-9.8066499999999994,0,0,0,1.1951236545794885,-0.37854110649965172,-9.630339566075909,0.021709868526462284,0.020622013355869089,0.022789332285274293,0.030898492846123435,-0.020772862384739278,0.037266908490594185,0.00095383011552049271,-0.00081411327374125893,0.0014690525259232054
2439141047,2.4391410470000001,0.01150473051024169,accelerate,0,0.14353223410911789,0,0,0.65619867595672099,0,0,1,0,0,0,1.5,0,-9.8066499999999994,0,0,0,1.8992695308438803,-0.15764728482026785,-9.7550533155569141,0.0027454362924422583,0.0019445769292717838,0.0056372809676937044,0.030913849525579348,-0.020739756593600261,0.037259729994283959,0.00096069159692828302,-0.00081706144193535181,0.0014700563882542417
2450529642,2.4505296420000002,0.011388594662623144,accelerate,0,0.15110268991403111,0,0,0.67328156795065575,0,0,1,0,0,0,1.5,0,-9.8066499999999994,0,0,0,1.7773075452105156,-0.090509483365468754,-9.3854854465694544,-0.014753109019654348,-0.00053040657294316457,0.0078492051910902683,0.031004317791723718,-0.020754459616936768,0.037135043332846104,0.00096761501485003972,-0.00081705321405504613,0.0014736392413277086
2459069391,2.4590693910000003,0.0085397489768545241,accelerate,0,0.1569070409795135,0,0,0.68609119141593755,0,0,1,0,0,0,1.5,0,-9.8066499999999994,0,0,0,1.5282627864742104,-0.0082264378937280547,-9.2751537644787891,0.035234458617826786,0.01801949981157561,0.018650041895214672,0.030920469921718648,-0.020739619685352612,0.037034744647252031,0.00097467518372384954,-0.00081356195158988065,0.0014751309098520312
2470539525,2.470539525,0.011470133715323102,accelerate,0,0.1648752716615452,0,0,0.70329639198892224,0,0,1,0,0,0,1.5,0,-9.8066499999999994,0,0,0,1.6478141492901699,-0.021514022896524078,-10.162403573593156,0.021944935146429242,-0.002047986725730977,-0.00025102009861929244,0.03089825834673763,-0.020685353292597481,0.03695907523406472,0.00097780781327984822,-0.00081489156887704875,0.0014716138330359175
2478615790,2.4786157900000001,0.0080762650381904846,accelerate,0,0.17060419926637616,0,0,0.71541078954620796,0,0,1,0,0,0,1.5,0,-9.8066499999999994,0,0,0,1.4945085549013541,0.032933127524980052,-10.075654572333292,-0.0039028580537131038,0.0049918732849655641,-0.0059362134951229479,0.030727391279968912,-0.020675579501861354,0.036974582371010895,0.00097796223046429779,-0.00082040027326330857,0.0014751034471227199
2486832716,2.4868327160000003,0.0082169264774738602,accelerate,0,0.17653331553582105,0,0,0.72773617926241874,0,0,1,0,0,0,1.5,0,-9.8066499999999994,0,0,0,1.3755682050650131,-0.4449284612077356,-10.073107834944873,-0.028841694969286267,0.012770106796687724,0.015624338320690545,0.030889218433456395,-0.020765003454901284,0.036840474364026397,0.00097635393535513146,-0.00082418593949155732,0.0014806445641764832
2498488486,2.4984884860000003,0.011655770254209417,accelerate,0,0.18511753398214414,0,0,0.74521983464373287,0,0,1,0,0,0,1.5,0,-9.8066499999999994,0,0,0,1.2743853550122837,-0.058323702561628318,-9.8320209427561078,-0.025203649842577568,0.0031110466170388082,-0.010862386261338723,0.030729259786890215,-0.02084273487944548,0.03689190480052934,0.00097642413715802619,-0.00082553643780186267,0.0014783907623500882
2508162463,2.5081624630000001,0.0096739769743234474,accelerate,0,0.19239696287617156,0,0,0.7597308001052181,0,0,1,0,0,0,1.5,0,-9.8066499999999994,0,0,0,2.0588920449355745,0.1643594131313193,-9.9021332892949552,0.0046264771136877983,0.017528493104747696,0.021748334275404565,0.030644354905213285,-0.020861862522574132,0.03692104940572135,0.00097310914754301979,-0.00083463907888439292,0.0014826447074174033
2517726707,2.517726707,0.0095642439060541415,accelerate,0,0.19973181962244038,0,0,0.77407716596429932,0,0,1,0,0,0,1.5,0,-9.8066499999999994,0,0,0,1.5684188428694177,-0.55185525139520253,-9.690451302669663,-0.0021867946024882422,-0.0040743052923860532,0.017273905786102575,0.030550602805598015,-0.020818602451738069,0.036947325132663418,0.00097683628641026489,-0.00082893213083281138,0.0014807235968650164
2529692048,2.5296920480000002,0.011965341276568061,accelerate,0,0.20910129413150041,0,0,0.79202517787915139,0,0,1,0,0,0,1.5,0,-9.8066499999999994,0,0,0,1.5286512450912244,-0.58185125280830652,-9.959197037869437,0.020751457320449137,0.022520453692555096,0.01589942764138861,0.030557143228417946,-0.020724557247831472,0.036975800288468801,0.00097296258072723471,-0.00082518281145764407,0.0014816867459097754
2537928082,2.5379280820000001,0.008236033524386302,accelerate,0,0.21567531423483224,0,0,0.80437922816573082,0,0,1,0,0,0,1.5,0,-9.8066499999999994,0,0,0,1.55938404367163,-0.11341309873640756,-9.9986540537601982,-0.0087436989735605354,-0.019123933282244862,-0.012846851351626679,0.030530716114897414,-0.020885381306052952,0.036977695622272676,0.00097507385854974672,-0.00081964539209095012,0.0014807086932510859
2546563817,2.546563817,0.0086357351789358699,accelerate,0,0.22267765217426885,0,0,0.81733283093413467,0,0,1,0,0,0,1.5,0,-9.8066499999999994,0,0,0,1.4849381603031913,0.18120664475164638,-10.28118411713815,0.0040504629820439144,0.0030179287414800002,0.0036979860492631273,0.030477398132639763,-0.020790076114199228,0.036965801626809375,0.00097527760266396841,-0.00082010939061286277,0.0014816404369946
2555047532,2.5550475320000001,0.0084837146573919532,accelerate,0,0.22966565075282347,0,0,0.83005840292022259,0,0,1,0,0,0,1.5,0,-9.8066499999999994,0,0,0,1.3092005618243339,-0.28407524232724901,-9.4681119185064091,0.0091039779626574027,-0.025191817065548554,0.025762349850314437,0.030393437351070914,-0.020694543022225686,0.036921578045861513,0.00097094514610442627,-0.00082397765688416115,0.0014787282509845755
2564421987,2.5644219870000002,0.0093744554429404346,accelerate,0,0.23751290657717614,0,0,0.84412008608463329,0,0,1,0,0,0,1.5,0,-9.8066499999999994,0,0,0,1.2318631834778966,0.0020460952523199405,-10.449578071764522,0.00055696341394894202,-0.0044201018415125637,0.018778718523015343,0.0305594341622323,-0.020616999796498378,0.036929669928793082,0.00097135253572170146,-0.00082817027959744029,0.0014846511941258305
2573014378,2.5730143780000003,0.00859239075828638,accelerate,0,0.24482128808794096,0,0,0.85700867222206289,0,0,1,0,0,0,1.5,0,-9.8066499999999994,0,0,0,1.357521769345122,0.1817660497842854,-9.7045245135197096,0.032526604741917042,0.0014575265289401202,0.008116157611033438,0.030604054869991147,-0.020687575543507773,0.037006844873304238,0.0009697720232315092,-0.0008276189185061029,0.0014830571523515746
2581892814,2.5818928140000001,0.0088784363545879475,accelerate,0,0.25248930501367134,0,0,0.87032632675394483,0,0,1,0,0,0,1.5,0,-9.8066499999999994,0,0,0,1.5114865660855608,0.23140240107778226,-9.7530097823324855,0.019371148895718775,0.014360113918746876,-0.0074113580724962319,0.030602235978218123,-0.020596724798975299,0.037014490368080584,0.00096946807471217039,-0.00082460414919325762,0.0014877509449535652
2590749841,2.5907498410000001,0.0088570267751784202,accelerate,0,0.26025664378534591,0,0,0.88361186691671245,0,0,1,0,0,0,1.5,0,-9.8066499999999994,0,0,0,1.8866586220478128,0.043356162721773214,-9.8881150049799071,0.027588060880672165,0.017723982259458447,0.014733888687396852,0.030568401167003927,-0.020568898349832027,0.037042495564210846,0.00096930431062573806,-0.00082580593608895167,0.0014850564504117693
2602230339,2.6022303390000001,0.011480497966254076,accelerate,0,0.27049979940160607,0,0,0.90083261386609359,0,0,1,0,0,0,1.5,0,-9.8066499999999994,0,0,0,1.8700122624869806,-0.12662825065590991,-9.6002441749462477,-0.0065785937155494831,0.0034000233540135618,0.0085064298492997324,0.030440973673439564,-0.020579760978432397,0.037052078195316307,0.00097274675601067857,-0.00083091860846772243,0.0014806929707828387
2611517134,2.6115171340000001,0.0092867946945533394,accelerate,0,0.27893033035751241,0,0,0.91476280590792358,0,0,1,0,0,0,1.5,0,-9.8066499999999994,0,0,0,1.2668336116732162,-0.24127909385965562,-9.8381315957623041,-0.0029126653676962485,0.0034877803990576569,0.019551591656549336,0.030359351145158007,-0.020635452709221888,0.036935730849356654,0.00097619856663795971,-0.00083624245048555083,0.0014776165060915501
2622475837,2.6224758370000001,0.010958702787088773,accelerate,0,0.28904501394322252,0,0,0.93120086008855674,0,0,1,0,0,0,1.5,0,-9.8066499999999994,0,0,0,1.3144488170472264,-0.020989063770151195,-9.5625363749677526,-0.0056157362639344755,0.0025934477117534726,-0.012707478668095287,0.030426731582456214,-0.020811298271572635,0.036934866850633991,0.00097971291753669201,-0.00083254790820079983,0.0014773792351442242
2633880742,2.6338807420000001,0.011404904500818611,accelerate,0,0.29976282470861726,0,0,0.94830821683978461,0,0,1,0,0,0,1.5,0,-9.8066499999999994,0,0,0,1.6209146663394207,0.19679861366577314,-9.604115566061262,-0.0081301790439436139,0.010107135850399095,0.021418252451071179,0.030370404175487545,-0.020757893447919139,0.036904574436102171,0.0009886249375116187,-0.00083893537797559935,0.0014742013658772275
2645019839,2.6450198390000002,0.01113909717683171,accelerate,0,0.31041918170401978,0,0,0.96501686260503217,0,0,1,0,0,0,1.5,0,-9.8066499999999994,0,0,0,1.6722565228302453,-0.041204235784482332,-9.7238806282227994,0.009180870146009195,-0.020503511724772452,-0.032694588733090023,0.030388680702111374,-0.020767284526672002,0.03686510103918262,0.00098463162504721963,-0.00084664664439980017,0.001476450393081213
2655337069,2.6553370690000002,0.010317229520488759,accelerate,0,0.32045531608539168,0,0,0.98049270688576529,0,0,1,0,0,0,1.5,0,-9.8066499999999994,0,0,0,1.3854106056463729,-0.14330122898576941,-9.6559757115659774,0.017594174034046225,0.012142330255182479,-0.01977250117141589,0.030390069513909143,-0.020818772272450211,0.03689378928597789,0.00098828330875282253,-0.00085375114485818332,0.0014769539722824232
2667267091,2.6672670910000003,0.01193002241373296,accelerate,0,0.33225936013113466,0,0,0.9983877405063647,0,0,1,0,0,0,1.5,0,-9.8066499999999994,0,0,0,1.5813186743204009,-0.20093269777041728,-9.5541947891939394,-0.01085718849681854,0.00090672218289831888,-0.0019647424313184087,0.030350453481665481,-0.020778573647560694,0.036806906675277154,0.00098803225976513607,-0.00085562669052314947,0.0014813840014134541
2676997343,2.676997343,0.0097302518331344387,accelerate,0,0.34204493262392788,0,0,1.0129831182560665,0,0,1,0,0,0,1.5,0,-9.8066499999999994,0,0,0,1.7507538640838403,0.33308954795154233,-9.9551133709971644,-0.029233495887481073,-0.027610511474783963,-0.0068610624733933629,0.030369026239556462,-0.020706741117012484,0.036832036307414731,0.00098645588364540578,-0.00085263608481515429,0.0014807778653359901
2687499437,2.687499437,0.010502094485568568,accelerate,0,0.35276609753557686,0,0,1.0287362599844194,0,0,1,0,0,0,1.5,0,-9.8066499999999994,0,0,0,2.0350862472539522,-0.287135638890056,-9.7487424518358647,-0.008156453715303328,0.0084714968217922855,-0.011947481136107061,0.030246012019975451,-0.020741998319834587,0.036757293867797011,0.00098667485342793433,-0.00085319438194676961,0.0014863622370179395
2698480826,2.6984808260000004,0.010981388891316245,accelerate,0,0.36415349364955074,0,0,1.0452083433213939,0,0,1,0,0,0,1.5,0,-9.8066499999999994,0,0,0,1.6071558319104311,-0.22763719856978665,-9.6873604625754641,0.039090663033597012,-0.0084380375211299402,-0.0063952651085662018,0.030335557794684279,-0.02074587970033585,0.03682474669184526,0.00098350652229887091,-0.00085373903520146116,0.0014823052539157352
2710152183,2.7101521830000004,0.011671357067574412,accelerate,0,0.37645465886631174,0,0,1.0627153789227555,0,0,1,0,0,0,1.5,0,-9.8066499999999994,0,0,0,1.3118044679555083,0.046185363473876848,-10.02997434089197,0.004796403196337326,-0.0062546075375410157,-0.0081161094225661156,0.030403477003796898,-0.020813137353973232,0.036876989623790137,0.00098066863611279338,-0.00085472649620790407,0.0014857923295313168
2718267254,2.7182672540000001,0.0081150711821936956,accelerate,0,0.38512806059790089,0,0,1.074887985696046,0,0,1,0,0,0,1.5,0,-9.8066499999999994,0,0,0,1.5447005262138496,0.094938791969398348,-9.7562572907581355,0.014246085587699277,-0.0001305007987170044,-0.0071220302307854989,0.030313291320427951,-0.020751176519496192,0.036811594021141356,0.00098549404383177714,-0.00085499575300987038,0.0014931289650512564
2727852517,2.7278525170000001,0.0095852634817315263,accelerate,0,0.39550005311115582,0,0,1.0892658809186433,0,0,1,0,0,0,1.5,0,-9.8066499999999994,0,0,0,1.0799228709089834,-0.048000928621450431,-9.6817579211945812,-0.018021673342673336,0.0024632522022840124,-0.023336513771274076,0.030376399130378158,-0.020590656305165968,0.036921545838110713,0.00098992160703487522,-0.00085592979370957599,0.001490367926240282
2739815588,2.7398155880000004,0.011963070567932776,accelerate,0,0.40863835400488702,0,0,1.1072104867705423,0,0,1,0,0,0,1.5,0,-9.8066499999999994,0,0,0,1.2191540584540184,0.11465739621091206,-10.025215021076052,0.021467038393347234,0.0018565175769583624,-0.0048533915903343564,0.030417012172073522,-0.020584118794119671,0.036802626349158409,0.00099477514085124109,-0.00086339773817605892,0.00149126676693709
2750160567,2.750160567,0.010344979224375049,accelerate,0,0.42017268743390301,0,0,1.1227279556071048,0,0,1,0,0,0,1.5,0,-9.8066499999999994,0,0,0,1.9200678782093084,-0.24463511100099747,-9.7077476194416281,-0.011966727499005545,0.0074260011202913487,-0.0079911870131264395,0.030458817807398394,-0.020534954087308703,0.036856462587737275,0.00099848944012381519,-0.00086048303932876572,0.0014873397207056608
2761562217,2.7615622170000003,0.011401649562688507,accelerate,0,0.43307113634753169,0,0,1.1398304299511375,0,0,1,0,0,0,1.5,0,-9.8066499999999994,0,0,0,1.8439544329528712,-0.40048721227184625,-9.6492378649864552,-0.0043948530587047596,-0.0071685444824806264,0.00064106965278632974,0.03036183347203671,-0.020572124628944397,0.036850268272800975,0.00099671931551732675,-0.00086065337333934378,0.0014822180237585646
2771261953,2.7712619530000002,0.0096997361810348265,accelerate,0,0.44419775447065951,0,0,1.1543800342226898,0,0,1,0,0,0,1.5,0,-9.8066499999999994,0,0,0,1.620815774505739,0.036775693936144854,-9.6676709488410033,0.016474110626897544,0.032675405766417601,-0.0012961960958572907,0.030348126289834118,-0.020488946817861085,0.036778481899187428,0.00099890278439272078,-0.00085008432893322959,0.0014867560710652883
2781773463,2.7817734630000004,0.010511509728461259,accelerate,0,0.45641490030831139,0,0,1.1701472988153816,0,0,1,0,0,0,1.5,0,-9.8066499999999994,0,0,0,1.5302661076463053,0.19146930724271582,-9.3835148397615988,0.035271554629105931,0.038548835987252984,-0.0028003325281708178,0.030335746653337266,-0.020602096682683039,0.036764513500577536,0.00099360252163744429,-0.0008544300280165641,0.001485379330779704
2789809688,2.7898096880000001,0.0080362253047205415,accelerate,0,0.46586690332916314,0,0,1.1822016367724624,0,0,1,0,0,0,1.5,0,-9.8066499999999994,0,0,0,1.4390239021418745,-0.2618116397956764,-9.9881223341629628,0.010628058211179852,-0.028105666372274147,0.010922820970747016,0.030423024452593841,-0.020664855154767955,0.036817374120090361,0.00099696178686112615,-0.00085227306574024394,0.0014905110242724854
2800467361,2.8004673610000004,0.010657673385323198,accelerate,0,0.47855161175096972,0,0,1.1981881468504472,0,0,1,0,0,0,1.5,0,-9.8066499999999994,0,0,0,1.6052816275099235,-0.43271153418036723,-10.078620968702525,0.025617858035861977,0.0021209779447005578,-0.013896472915413367,0.030475456003895767,-0.020685685001906231,0.036787450685591527,0.00099872861588547884,-0.00084953760113650845,0.0014909896705098359
2811896499,2.8118964990000004,0.011429137644210559,accelerate,0,0.49234383789545283,0,0,1.215331853316763,0,0,1,0,0,0,1.5,0,-9.8066499999999994,0,0,0,1.3840522047716164,-0.09331247416114391,-9.8807308487344283,-0.0065625167922802666,0.0043557781101622494,-0.00087494794686065872,0.030451279560051329,-0.020535581639413384,0.036631305377955885,0.0009974230373125208,-0.00084537114362399977,0.0014860908514601463
2822807377,2.8228073770000002,0.010910877831036118,accelerate,0,0.50569346071244159,0,0,1.2316981700633172,0,0,1,0,0,0,1.5,0,-9.8066499999999994,0,0,0,1.4642606948211505,-0.30969593149193952,-9.4005244928944851,-0.010792162243946765,-0.0076879284924697092,0.0030986605324168823,0.030307463726071404,-0.020510036334739828,0.036582184939121278,0.00099263223606024928,-0.00084709628892194299,0.0014862968008693325
2834282534,2.8342825340000002,0.011475157081500077,accelerate,0,0.51992615011344812,0,0,1.2489109056855672,0,0,1,0,0,0,1.5,0,-9.8066499999999994,0,0,0,1.8893384838308001,-0.12106288352115535,-9.7053286261114788,-0.017060818935828229,-0.016192283596318285,-0.010360677074339028,0.030369243575491398,-0.020552836253704149,0.036601171488538815,0.00099164701806465092,-0.00084504749384942709,0.0014876669052608896
2842645804,2.842645804,0.0083632698479889599,accelerate,0,0.53042358724570549,0,0,1.2614558104575506,0,0,1,0,0,0,1.5,0,-9.8066499999999994,0,0,0,1.2314648331033737,-0.60711411428447448,-10.545101277181752,0.011373846444082283,-0.020463598391484102,0.044507952449130361,0.030430137923042031,-0.020564389559119711,0.036647186118086053,0.00099466648892724521,-0.00084333534928671681,0.0014843636702787961
2851249896,2.8512498960000001,0.0086040924307031648,accelerate,0,0.54133279244104693,0,0,1.2743619491036053,0,0,1,0,0,0,1.5,0,-9.8066499999999994,0,0,0,1.9514985069037416,0.39362018261728571,-9.6762118032360132,0.0034123197802278134,-0.037097452762273317,-0.0050427761954696965,0.030409017111618777,-0.020557121170484249,0.036664696919334765,0.00099781048606245007,-0.00084382159860737474,0.0014777052410834888
2861675963,2.8616759630000002,0.010426067093483137,accelerate,0,0.55470090278006146,0,0,1.2900010497438301,0,0,1,0,0,0,1.5,0,-9.8066499999999994,0,0,0,1.5431189655470179,0.53650873513709341,-9.6609197175977357,-0.011941329780790086,0.010200678298066826,-0.027036346173597094,0.030492593291214728,-0.02054488230780167,0.036716039958601406,0.00099998439555831634,-0.00083778071706374344,0.0014760993220239299
2871097954,2.8710979540000001,0.0094219912657563347,accelerate,0,0.56692186184312332,0,0,1.3041340366424645,0,0,1,0,0,0,1.5,0,-9.8066499999999994,0,0,0,1.2373924720664258,-0.091241600060073869,-9.2769649060459098,0.010894766352521224,-0.0040672041853727497,-0.0030421052421515798,0.030466108688006876,-0.020737744804942136,0.036845753970480323,0.0010034902915737746,-0.00083497793533428039,0.0014711443260478517
2880628854,2.8806288540000002,0.0095308995845767644,accelerate,0,0.57941956092635982,0,0,1.3184303860193296,0,0,1,0,0,0,1.5,0,-9.8066499999999994,0,0,0,1.5996450524316499,0.067182681102245942,-9.5021339560008062,0.021322466248717097,-0.0056809134259281141,-0.0037545205605013089,0.030391266554697819,-0.020875272473400836,0.03685411627180428,0.0010001319256777079,-0.00083218104702833195,0.0014612823528660696
2892394100,2.8923941000000002,0.011765246299974462,accelerate,0,0.595035034912622,0,0,1.3360782554692914,0,0,1,0,0,0,1.5,0,-9.8066499999999994,0,0,0,1.6381617387237508,-0.15845234635893696,-9.1784257657904735,-0.010699825634516583,0.01999366753989433,-0.0027281579313331505,0.03044708652385834,-0.020832242893996735,0.036823523719818958,0.0010010033902274941,-0.0008310749979511783,0.0014619636708644258
2900918439,2.9009184390000002,0.008524338870671869,accelerate,0,0.60647871698486489,0,0,1.3488647637752993,0,0,1,0,0,0,1.5,0,-9.8066499999999994,0,0,0,1.5041575161270415,-0.095000252279047376,-10.018781947757128,0.035287826999147585,-0.020035255779019018,-0.018471051627563989,0.030260691174932838,-0.020763640245230645,0.036891705949362343,0.00099867344103653785,-0.00083230829655377462,0.0014644272018699154
2909785810,2.9097858100000003,0.0088673711678609619,accelerate,0,0.61849857420408105,0,0,1.3621658205270908,0,0,1,0,0,0,1.5,0,-9.8066499999999994,0,0,0,1.2306186128119521,-0.52275112962300951,-9.8733968925409741,0.025681900409640624,-0.032655876442960863,-0.0053207512284518116,0.030268419463243986,-0.020757916734513354,0.036895543128372968,0.00099851686508008403,-0.00083734116615667405,0.0014645847030070258
2919026463,2.9190264630000002,0.0092406533228912742,accelerate,0,0.63114991857523906,0,0,1.3760268005114278,0,0,1,0,0,0,1.5,0,-9.8066499999999994,0,0,0,1.7694991256469117,0.12398548035957159,-9.300273263187993,0.022922994119442246,0.027256618964275767,-0.0047202438177724702,0.030287287673345556,-0.020670236666454882,0.036943331998951202,0.0010041603831607235,-0.00083999223847281573,0.001463767266834006
2927365647,2.9273656470000002,0.00833918422333472,accelerate,0,0.64267701605608274,0,0,1.3885355768464298,0,0,1,0,0,0,1.5,0,-9.8066499999999994,0,0,0,1.3881044343314108,0.56374080634140622,-9.6906809001319392,0.015637305706602215,-0.0038527874384677255,0.0016016834422819858,0.030311985081589974,-0.020772733109978316,0.036949939213061847,0.00099967763209482053,-0.00083235241246218188,0.0014634000150030326
2936194326,2.9361943260000003,0.0088286786411163626,accelerate,0,0.65499440962072808,0,0,1.4017785948081043,0,0,1,0,0,0,1.5,0,-9.8066499999999994,0,0,0,1.798886595047418,0.038400665384522831,-10.357074833078709,0.028296908300263227,-0.002239344061409923,0.0039823289538504286,0.030291639991828843,-0.020707558969018023,0.036879927996930441,0.0010043089899898711,-0.00083638099346144447,0.0014589308985664174
2946784633,2.946784633,0.010590306790933826,accelerate,0,0.66992379094115462,0,0,1.417664054994505,0,0,1,0,0,0,1.5,0,-9.8066499999999994,0,0,0,1.648207590427881,-0.28491633276659356,-9.5962805596006646,-0.027809021476269735,-0.021692821169972214,0.012260021920542742,0.03029505100443991,-0.020798018523969258,0.036997901423565176,0.0010022358446729555,-0.00083249886450100928,0.0014581586708679447
2957916061,2.9579160610000002,0.011131427587806457,accelerate,0,0.6857973472232689,0,0,1.4343611963762146,0,0,1,0,0,0,1.5,0,-9.8066499999999994,0,0,0,1.5419836213580096,-0.43229144329969305,-9.4724454680414425,0.0025093338737165998,0.0044903654340759996,-0.0037853196889911004,0.030442286390415588,-0.020753756343564252,0.036913697004941216,0.0010066099322779097,-0.00083789167775526468,0.0014557094126693413
2969427407,2.969427407,0.011511346477103543,accelerate,0,0.70240815925135525,0,0,1.4516282160918699,0,0,1,0,0,0,1.5,0,-9.8066499999999994,0,0,0,2.1660187517305665,-0.33339961469743462,-9.864347928480532,0.0047709320118306583,0.011203395266951769,-0.010031951587648965,0.030518673389820172,-0.020792226917819848,0.036798958525105133,0.0010080645781500473,-0.00083499623179169832,0.0014551618805607575
2978328785,2.978328785,0.0089013778457997343,accelerate,0,0.71538907639007854,0,0,1.4649802828605696,0,0,1,0,0,0,1.5,0,-9.8066499999999994,0,0,0,1.4690807720173775,-0.27705568246355861,-9.8342543713695392,0.0034268051755691267,-0.018702348840390966,-0.0031577907722401249,0.030486082662453541,-0.020796322644366226,0.036864663984117543,0.001009698030806577,-0.00083637807944064127,0.0014583318945429076
2988009632,2.9880096320000002,0.0096808472426337926,accelerate,0,0.72964161582442355,0,0,1.4795015537245202,0,0,1,0,0,0,1.5,0,-9.8066499999999994,0,0,0,1.5399412135922421,-0.1143279179137788,-10.501081614454289,-0.0049922596435572533,-0.0088218836808590488,-0.0066130139142241261,0.030364470839162834,-0.02077367443465954,0.036862358420214826,0.0010105589984492228,-0.0008385136470781384,0.0014536318609972405
2998441077,2.9984410770000003,0.010431445125279225,accelerate,0,0.7451565663804175,0,0,1.495148721412439,0,0,1,0,0,0,1.5,0,-9.8066499999999994,0,0,0,1.7025368958556946,0.38422133967723715,-9.8862185337205215,-0.010353400630137895,-0.0012665914889376396,-0.00044779277249551116,0.030580633577208173,-0.020865887975836515,0.037057406878823772,0.0010145428225902732,-0.00084373472209169184,0.0014560450853429953
3009470948,3.0094709480000001,0.011029871091454176,accelerate,0,0.76173910758236985,0,0,1.5116935280496202,0,0,1,0,0,0,1.5,0,-9.8066499999999994,0,0,0,1.5588791908706023,0.52865759331171924,-9.7752601530004029,-0.0083034994211020081,-0.027425548198667441,-0.023281295658793565,0.030560459074186218,-0.020831711864295076,0.037037666380699615,0.0010145921439394436,-0.00084547023481956318,0.0014561050742740737
3021154521,3.0211545210000001,0.011683573392223118,accelerate,0,0.77950346927929481,0,0,1.5292188881379549,0,0,1,0,0,0,1.5,0,-9.8066499999999994,0,0,0,1.5321529830716873,-0.11846259310784615,-9.4596183212714635,-0.0057693609584170908,0.009275602547908459,-0.0038450561044949989,0.030493501882234222,-0.020823723442496549,0.03701354306828411,0.0010138682209943483,-0.0008493161532554085,0.0014603426336395279
3031875782,3.0318757820000002,0.010721260991959549,accelerate,0,0.79598483317079938,0,0,1.5453007796258942,0,0,1,0,0,0,1.5,0,-9.8066499999999994,0,0,0,1.5480410563776499,-0.046592964489969246,-9.3994877966200843,0.032312455234566891,-0.001584104525589161,0.024640758125736708,0.030425930283393098,-0.020874138568870781,0.037016795369540674,0.0010145500406020659,-0.00084849276138643985,0.0014650344161511912
3041186242,3.0411862420000002,0.0093104604540784966,accelerate,0,0.81043730847456319,0,0,1.5592664703070118,0,0,1,0,0,0,1.5,0,-9.8066499999999994,0,0,0,1.8561666870857865,-0.086136097866647263,-9.6423893414177861,-0.0071125445750132004,0.00097412408503834696,0.0045932751544921699,0.030443983682161588,-0.020934015472057425,0.03703166725492827,0.0010180073828506774,-0.00084987194445274603,0.0014669998861032763
3049438373,3.0494383730000001,0.008252130537320844,accelerate,0,0.82335565217380791,0,0,1.571644666112993,0,0,1,0,0,0,1.5,0,-9.8066499999999994,0,0,0,2.0855806599870572,0.45804929145103485,-9.8708259572278294,-0.0010193297079455722,0.017427637316171488,0.018676533362072839,0.030515019990602008,-0.020845241702940567,0.037019734373568765,0.0010195786615966197,-0.00085223322440255512,0.001467010048081169
3059031923,3.059031923,0.0095935502787444487,accelerate,0,0.83850233145369646,0,0,1.5860349915311096,0,0,1,0,0,0,1.5,0,-9.8066499999999994,0,0,0,1.9434561905467218,-0.049293569113716212,-9.6654433699425244,0.021070763783149857,-0.012852638246529775,0.0065756553962741191,0.030496228517220805,-0.020890496104185821,0.037024232954264005,0.0010180189895510434,-0.00085005600149704388,0.0014624546314603317
3070446981,3.0704469810000004,0.011415058197522948,accelerate,0,0.85670474085057158,0,0,1.603157578827394,0,0,1,0,0,0,1.5,0,-9.8066499999999994,0,0,0,1.5610933592928546,-0.075488749553711376,-9.681313966751782,-0.015971818998594622,-0.013276547461246818,0.027171742294813075,0.03043506639243573,-0.0208843558896303,0.037086249963469452,0.0010129164985194954,-0.00084766576168579142,0.001464809778951467
3081369308,3.0813693080000002,0.010922327211775516,accelerate,0,0.87430442542235298,0,0,1.6195410696450572,0,0,1,0,0,0,1.5,0,-9.8066499999999994,0,0,0,0.97798756726418423,-0.046838594551340915,-9.735708821532004,0.0025036454120993578,0.02071073851656699,0.0055584062772835556,0.030366021732816575,-0.020802768624490146,0.036948369457329128,0.001011679660015012,-0.00085069607104429053,0.0014695782477955196
3091671612,3.0916716120000003,0.010302303849815468,accelerate,0,0.891069032717552,0,0,1.6349945254197804,0,0,1,0,0,0,1.5,0,-9.8066499999999994,0,0,0,1.0447236232974804,0.3832525859230041,-10.29470061043005,-0.0026774546367117355,0.0048944162314247305,0.011413938199877051,0.030395027464612631,-0.020902094736241564,0.03715405681445251,0.0010131068048009502,-0.00084559238210083995,0.0014732048470113674
3101673706,3.1016737060000001,0.010002094275627472,accelerate,0,0.90749743351835932,0,0,1.6499976668332217,0,0,1,0,0,0,1.5,0,-9.8066499999999994,0,0,0,1.4346464410063167,-0.47690120748162396,-9.7931088254313181,0.00531273662415074,0.0048655305690987576,0.01316836301558991,0.030360385625624584,-0.020888791491137957,0.037178254278342218,0.0010149511872371776,-0.00085431382415919357,0.0014762954241844166
3112005862,3.1120058620000002,0.010332156412882451,accelerate,0,0.92462553258507651,0,0,1.6654959014525454,0,0,1,0,0,0,1.5,0,-9.8066499999999994,0,0,0,1.2703188214906942,-0.17583065353240523,-9.5500018299796015,0.014980061356107001,0.038143316515799774,0.0049814668498425127,0.030464013180754503,-0.020732477190657083,0.037251428303691533,0.001025302771542633,-0.00085104419516819911,0.001486180727002109
3121669055,3.1216690550000004,0.0096631929659125489,accelerate,0,0.94078957383847128,0,0,1.6799906909014142,0,0,1,0,0,0,1.5,0,-9.8066499999999994,0,0,0,1.5671472677760572,-0.19110073271842226,-9.5126152819078396,-0.0090303306429987146,-0.016278619049648408,-0.0066315098218339601,0.030378065542290684,-0.020655886736953469,0.037101947695255225,0.0010256087471118415,-0.00085091364370111294,0.0014819635844626189
3131756294,3.1317562940000001,0.010087238823945972,accelerate,0,0.95781235544991838,0,0,1.695121549137333,0,0,1,0,0,0,1.5,0,-9.8066499999999994,0,0,0,1.4985358098628974,-0.56833012003339956,-9.6027177019697056,-0.013324841632586154,-0.015162205292752492,-0.0039194728369672934,0.030342421376986391,-0.020630120221100227,0.037060203935084607,0.0010215629395346848,-0.00085031335139259721,0.0014808976417370386
3141078939,3.1410789390000002,0.0093226445084231835,accelerate,0,0.97368055482656612,0,0,1.7091055158999677,0,0,1,0,0,0,1.5,0,-9.8066499999999994,0,0,0,1.7821786051281288,0.054438991212079534,-9.8955694783696817,0.025126651822818501,-0.017935900877606159,0.0044013090279267381,0.030423885548812792,-0.020676322971504395,0.037112134472739158,0.0010242091500741865,-0.00084783115579677051,0.0014880010790850795
3151350544,3.151350544,0.010271604984658568,accelerate,0,0.99131494096471229,0,0,1.7245129233769556,0,0,1,0,0,0,1.5,0,-9.8066499999999994,0,0,0,1.4009764861046297,0.10843964336242945,-9.2781326324000499,0.028795967276263001,-0.0093678469961205602,-0.023159027413512983,0.030420200324680575,-0.020656202772231791,0.037079571179101288,0.0010213053154906758,-0.00085174238261582591,0.0014894984469359467
3162653424,3.1626534240000002,0.011302879883002021,accelerate,0,1.0109027197145639,0,0,1.7414672432014586,0,0,1,0,0,0,1.5,0,-9.8066499999999994,0,0,0,1.5899270986808223,0.18333560450813724,-9.8357493565860388,0.0081265461271747795,0.0056682489993461213,-0.0079932574865988117,0.030512171541761522,-0.020574488354275871,0.037060990518194351,0.0010214553916055396,-0.00086308647097337369,0.0014865222062026135
3172869766,3.1728697660000003,0.010216342168852428,accelerate,0,1.0287724251824415,0,0,1.7567917564547373,0,0,1,0,0,0,1.5,0,-9.8066499999999994,0,0,0,1.7684548919465803,0.11661182635173008,-10.351227235665599,-0.0082868806525328055,-0.024397520963520346,0.014986082277312974,0.030515429893074937,-0.020529378375767109,0.037010640432690201,0.0010174054542290635,-0.0008648190414737633,0.0014848379245263933
3183822163,3.1838221630000003,0.010952397369981114,accelerate,0,1.0481034728515533,0,0,1.773220352509709,0,0,1,0,0,0,1.5,0,-9.8066499999999994,0,0,0,1.6564986134269044,0.01261119820230441,-10.075406140558947,0.0082368009849641058,-0.020359479229727626,0.0069999395273787545,0.030657106094892833,-0.020548802212473783,0.036948343791788976,0.0010124642439322535,-0.00086910007881754888,0.0014856359306432648
3194176659,3.194176659,0.010354496061842465,accelerate,0,1.066544687699915,0,0,1.7887520966024726,0,0,1,0,0,0,1.5,0,-9.8066499999999994,0,0,0,1.7738918388510414,0.17822917705411978,-9.6077093220683931,0.023653547825035721,0.0052858368886687943,-0.001817535099032456,0.030676941150756063,-0.020538737003005261,0.036899601170092444,0.0010071046290654458,-0.00086744800007015649,0.0014799368608968352
3202276482,3.2022764820000003,0.0080998231910513665,accelerate,0,1.0810824687668121,0,0,1.8009018313890497,0,0,1,0,0,0,1.5,0,-9.8066499999999994,0,0,0,1.4977656632449994,-0.25034781214738888,-10.076332018423189,-0.011176183439234003,0.012718939568577456,-0.021585518221256286,0.030702522474644646,-0.020461401866367281,0.036864558305195881,0.0010025621854926408,-0.00086360214802346945,0.0014799881859295814
3211084293,3.2110842930000003,0.0088078111338703753,accelerate,0,1.0970026551210557,0,0,1.8141135480898551,0,0,1,0,0,0,1.5,0,-9.8066499999999994,0,0,0,1.577851310590167,0.26608831308648628,-9.7265361719202819,0.0063005267235635761,-0.022749827903913118,0.015017020492921909,0.030647876829658218,-0.020513771703485305,0.036870168961100395,0.0010003944239368682,-0.00086401888060747055,0.0014845781726552192
3219296060,3.21929606,0.0082117673980112212,accelerate,0,1.1119503084543996,0,0,1.826431199186872,0,0,1,0,0,0,1.5,0,-9.8066499999999994,0,0,0,1.5177362770182268,-0.19844145031819188,-9.977008582364963,0.010669274578217177,0.0082372584508810399,0.033007221560832037,0.03064666985745643,-0.020598611597659168,0.037061585759839463,0.0010020099610980225,-0.00086950758010716298,0.0014845724064956143
3229983755,3.2299837550000001,0.010687694601016994,accelerate,0,1.1315563174329915,0,0,1.8424627410883976,0,0,1,0,0,0,1.5,0,-9.8066499999999994,0,0,0,1.5116279858575665,-0.36736636724193211,-9.6763844599782445,-0.018426881463629176,0.013209429761992098,0.0014314776975761126,0.030637866089996548,-0.020632710638163507,0.037071788438655232,0.0010033027413178615,-0.00087417730128010499,0.0014878361860639641
3241571970,3.2415719700000003,0.011588215277724639,accelerate,0,1.1530078873679026,0,0,1.8598450640049846,0,0,1,0,0,0,1.5,0,-9.8066499999999994,0,0,0,1.6885923017130389,-0.053137693643840356,-9.9284289396095176,-0.024311623810789391,0.0062100269797850504,-0.0086194534264530231,0.030505373603596224,-0.020724957747512391,0.036972229229096099,0.0010030204882492493,-0.000874168749725242,0.0014907601834333484
3249888169,3.2498881690000001,0.0083161989385729471,accelerate,0,1.1685265982886803,0,0,1.872319362412844,0,0,1,0,0,0,1.5,0,-9.8066499999999994,0,0,0,1.3422051523635428,-0.076967157481572013,-9.5910453532741595,0.024422513283064107,0.01121865661996327,0.024223019633314948,0.030533905232354858,-0.020695006649516699,0.037204605325028513,0.0009971929440316064,-0.00087685407791936371,0.0014799105591063325
3258849432,3.2588494320000003,0.0089612632946971648,accelerate,0,1.1853651732468991,0,0,1.8857612573548899,0,0,1,0,0,0,1.5,0,-9.8066499999999994,0,0,0,1.487139923932288,-0.51495923249955966,-10.035070235078424,0.015080894032686769,-0.043213850623527686,0.0062150401069797096,0.030574039755311831,-0.020625471108386542,0.037165693282948338,0.00099932725946156632,-0.00087708263035135613,0.0014824824357815428
3267748960,3.26774896,0.008899528174201414,accelerate,0,1.2022069598878391,0,0,1.899110549616192,0,0,1,0,0,0,1.5,0,-9.8066499999999994,0,0,0,1.4054448266157289,-0.041878251892139562,-9.4325940564470923,-0.00063718725561160696,-0.017278002476632713,-0.0024395180561647438,0.030694682686662658,-0.020494332099544675,0.037105636718439416,0.00099963315680982033,-0.00087580379486190891,0.0014775410071657098
3278884467,3.2788844670000001,0.011135506695267524,accelerate,0,1.2234475177601636,0,0,1.9158138096590933,0,0,1,0,0,0,1.5,0,-9.8066499999999994,0,0,0,1.4022141290868073,0.37222989480039281,-10.016927845670251,-0.013301269763119662,-0.019430581836215013,-0.017143008590476974,0.030615204911754915,-0.020473381604467183,0.037118330791025271,0.0010054902124073805,-0.00088486618213753725,0.0014809254230763005
3288664633,3.2886646330000002,0.0097801659027687733,accelerate,0,1.2422562333912592,0,0,1.9304840585132466,0,0,1,0,0,0,1.5,0,-9.8066499999999994,0,0,0,1.5249115027260498,-0.12021114084484903,-9.4380116217487942,0.00035941311982002624,-0.0043952760806187652,0.0150437534735091,0.030584894363442281,-0.020376072760590145,0.037075929329237194,0.0010058687266221531,-0.00088567833165686949,0.0014829124640164779
3298656168,3.2986561680000004,0.0099915347891058569,accelerate,0,1.2616196050972901,0,0,1.9454713606969054,0,0,1,0,0,0,1.5,0,-9.8066499999999994,0,0,0,1.2135049346343674,0.013551709857825427,-9.9145150984000363,0.015300929655483395,-0.010611871615518392,-0.0030250674407653957,0.030630432713112242,-0.020465143464039433,0.037152774631660938,0.0010010019852972464,-0.00088795523421203806,0.0014790959620112978
3310225461,3.3102254610000004,0.011569292880015881,accelerate,0,1.2842277194621834,0,0,1.9628253000169291,0,0,1,0,0,0,1.5,0,-9.8066499999999994,0,0,0,1.4431721797782298,-0.039149393906922944,-9.7657249268025339,0.0027590253502520474,-0.01819280341104864,-0.0013958408425675413,0.030550249731876936,-0.020491389726753902,0.037126694224333671,0.0010090765476308764,-0.00089205499687073861,0.0014756224102327891
3319982028,3.3199820280000001,0.0097565667423230827,accelerate,0,1.3034495484512671,0,0,1.9774601501304137,0,0,1,0,0,0,1.5,0,-9.8066499999999994,0,0,0,1.6688886808791512,-0.0055053149974243158,-9.3070868237500708,-0.0079967288717859471,2.5680359001943663e-05,0.0086503450823906796,0.030555008254225146,-0.020507564678436632,0.037160668189301894,0.0010169343236449701,-0.000892240971257078,0.0014641994877248117
3330801130,3.3308011300000002,0.010819102208784175,accelerate,0,1.3249316816587788,0,0,1.99368880344359,0,0,1,0,0,0,1.5,0,-9.8066499999999994,0,0,0,1.5050509009681208,0.18361118749870367,-10.276836162187818,-0.0006126424093577938,0.02223302171547354,-7.4984071868287525e-05,0.030551424965907525,-0.020512935828839091,0.037211376677872679,0.0010171183245655446,-0.000890583971651068,0.0014673399394017383
3339472915,3.339472915,0.0086717853425764581,accelerate,0,1.3422769228979106,0,0,2.0066964814574546,0,0,1,0,0,0,1.5,0,-9.8066499999999994,0,0,0,0.95642333968142312,-0.23258120243531549,-9.7147080960713055,-0.020734464246784837,0.019042166596089247,-0.013333685810359496,0.03052712535322466,-0.020576296804272913,0.037217076024492091,0.0010112933640949867,-0.00088936926744765678,0.001460816397663271
3348876576,3.3488765760000003,0.009403660528645795,accelerate,0,1.3612135370170679,0,0,2.0208019722504234,0,0,1,0,0,0,1.5,0,-9.8066499999999994,0,0,0,1.2588641085943606,-0.507681427694329,-9.534663423619806,-0.023334323443524443,0.014393696359412187,0.020921110147118512,0.030547354805169426,-0.020590837816467422,0.037067646592204864,0.0010032470881477819,-0.00088825417387219051,0.0014603628020379848
3360565454,3.3605654540000001,0.011688878226598864,accelerate,0,1.384936917596421,0,0,2.0383352895903215,0,0,1,0,0,0,1.5,0,-9.8066499999999994,0,0,0,1.5049428139796841,-0.0051300555761205294,-10.601094722739992,0.021446618875940918,0.0044993922959789172,0.0072716726455422679,0.030541351387982446,-0.020663870101462142,0.037118861927493481,0.0010031467823982182,-0.00088858768868433486,0.0014595648858417107
3372251743,3.3722517430000001,0.011686289164835056,accelerate,0,1.4088599202212946,0,0,2.055864723337574,0,0,1,0,0,0,1.5,0,-9.8066499999999994,0,0,0,1.3303249383621589,-0.36542009036627915,-9.5979504233394959,-0.010827585116007189,0.0065730832231413695,-0.025016269844123879,0.030529781530329623,-0.020743044657648542,0.036975611783085623,0.0010113110436451626,-0.00088556427028600043,0.0014680042173671427
3381403415,3.3814034150000003,0.0091516723314402637,accelerate,0,1.4277373353568936,0,0,2.0695922318347342,0,0,1,0,0,0,1.5,0,-9.8066499999999994,0,0,0,1.1276706553329172,-0.02223135044047515,-9.9965763150663705,-0.0011426680831508555,-0.0058483413650033018,-0.0028323277616981047,0.030674040295539471,-0.020714696411023192,0.036931959116729966,0.0010116655344680264,-0.00088627961260265579,0.0014654860739762531
3392598379,3.3925983790000003,0.011194963617235633,accelerate,0,1.4510003405025904,0,0,2.0863846772605874,0,0,1,0,0,0,1.5,0,-9.8066499999999994,0,0,0,1.0874203909299451,0.24988740519671296,-9.6277997143499014,-0.010959080520479114,0.035934565940376618,0.016771599092015949,0.0307823836467623,-0.020604149135340775,0.036903359311342893,0.001006752600226113,-0.00088360343334158349,0.00146923042087269
3404084206,3.4040842060000003,0.011485827439263213,accelerate,0,1.4750631380515018,0,0,2.1036134184194824,0,0,1,0,0,0,1.5,0,-9.8066499999999994,0,0,0,1.2526686039086907,-0.58656854059176988,-9.6479699024829451,-0.010222731907988041,0.009614464972128426,0.012043143959148952,0.030967482330249946,-0.020598543233833332,0.036783674762215335,0.0010078458716611641,-0.00088526797779965929,0.0014677573616735658
3412944998,3.4129449980000004,0.0088607921508223695,accelerate,0,1.4937617045459528,0,0,2.1169046066457158,0,0,1,0,0,0,1.5,0,-9.8066499999999994,0,0,0,1.4891469950654967,-0.35307795465968661,-9.1301380883295753,0.0072576842689992243,0.0092736452014478051,0.021335689035960788,0.030975568598167313,-0.020621812281043001,0.037006135292584674,0.0010083609330480445,-0.0008915470836441551,0.0014702912959113417
3420972211,3.420972211,0.0080272134425683553,accelerate,0,1.5108028767777937,0,0,2.1289454268095684,0,0,1,0,0,0,1.5,0,-9.8066499999999994,0,0,0,1.5381214550767606,-1.2122575754949647,-9.5025441407687303,0.027137127557822428,-0.019786243463234949,-0.0016281373369349873,0.030971126544376545,-0.020721166295256922,0.036894452547532826,0.0010081505435410182,-0.00089254108120210879,0.0014693032883389655
3431313095,3.4313130950000001,0.010340884157176773,accelerate,0,1.5328982552272468,0,0,2.1444567530453336,0,0,1,0,0,0,1.5,0,-9.8066499999999994,0,0,0,0.96014071541136159,-0.11244699632376856,-10.027926392426183,-0.020379633708224525,-0.020682817094795636,-0.0013300109007215589,0.030919124175080501,-0.020655770950930748,0.036848208392247971,0.0010085881745046548,-0.00089750082523117069,0.0014666152969182995
3443208585,3.4432085850000003,0.011895490317276408,accelerate,0,1.5585137467863319,0,0,2.1622999885212484,0,0,1,0,0,0,1.5,0,-9.8066499999999994,0,0,0,1.5778068020576543,-0.1811173757059408,-9.4385390840484806,0.019273708501725439,-0.0054009624174219993,0.015545587357559877,0.030986806879615754,-0.020618821968668165,0.036761074737903958,0.0010078103047086386,-0.00090275596915765353,0.0014596368989013631
3454761479,3.4547614790000001,0.011552894434001249,accelerate,0,1.5835946723157124,0,0,2.1796293301722502,0,0,1,0,0,0,1.5,0,-9.8066499999999994,0,0,0,1.2874546555142632,0.34964642679767549,-9.3351069346467686,0.010915462311054539,0.0048877502474910291,-0.015542519550898838,0.030980187521950198,-0.020750754009015437,0.036704108673354559,0.0010060074306861928,-0.00090493359399309789,0.0014564644859841915
3466279092,3.4662790920000002,0.011517613060424529,accelerate,0,1.6087982911137459,0,0,2.196905749762887,0,0,1,0,0,0,1.5,0,-9.8066499999999994,0,0,0,1.1458254559572925,0.39694710392516164,-9.7372264920369673,-0.0019546264428128833,-0.020127678672541643,0.0051479254793345532,0.030927967248501505,-0.020825370889460487,0.036773264545505287,0.0010009744586630992,-0.00090307425168861994,0.0014498618656578193
3477490870,3.47749087,0.011211777849838208,accelerate,0,1.6335237883090352,0,0,2.2137234165376443,0,0,1,0,0,0,1.5,0,-9.8066499999999994,0,0,0,1.6807894879961078,0.10614685542177342,-9.5235309116987583,-0.01833674799022289,0.00014367292190862492,-0.0021743138802837641,0.031073962954908278,-0.02064215673456242,0.036828127896268534,0.001000497548479894,-0.00090127697919390566,0.0014565556441794116
3486169449,3.4861694490000001,0.0086785794877210377,accelerate,0,1.6527922512497302,0,0,2.2267412857692257,0,0,1,0,0,0,1.5,0,-9.8066499999999994,0,0,0,1.319429634082435,-0.0030126186600887249,-10.032963669674276,-0.0033064543688547015,-0.00018921124503902596,-0.014712211736256291,0.031136445368355095,-0.020749945435478277,0.036706412430799425,0.0010056216718526099,-0.00089524118232323698,0.0014584653015267228
3496484021,3.4964840210000001,0.010314571739769941,accelerate,0,1.6758399267803354,0,0,2.2422131433788808,0,0,1,0,0,0,1.5,0,-9.8066499999999994,0,0,0,1.226646463616561,0.43072105887564749,-9.7221054586202573,-0.0043165903638684236,-0.005594655334534418,0.013896203599176146,0.031151045994723254,-0.020773286002709251,0.036673466942386095,0.0010092643878360599,-0.00089738809247817111,0.0014543969147183685
3505072719,3.5050727190000002,0.0085886978563574495,accelerate,0,1.695152942296521,0,0,2.255096190163417,0,0,1,0,0,0,1.5,0,-9.8066499999999994,0,0,0,2.0108301487062801,-0.40346556288136243,-9.260906264247744,-0.019557590054761678,-0.011609833565594165,-0.0050583857219595775,0.031275154856719216,-0.020791363372749186,0.036679142565500984,0.0010091436945974877,-0.00089718597617745571,0.0014574250650379651
3516735859,3.5167358590000002,0.011663139809262913,accelerate,0,1.7215564660683909,0,0,2.2725908998773114,0,0,1,0,0,0,1.5,0,-9.8066499999999994,0,0,0,1.0752510628921303,0.35939241940976574,-9.7056923327185931,-0.010457629691177726,0.014346838135464411,-0.0095484276953633589,0.031431460770598052,-0.02082775803068394,0.036662424179603401,0.0010118973803449097,-0.0009075802347210351,0.001456509071569765
3526772661,3.5267726610000003,0.010036801776316632,accelerate,0,1.7444415634915433,0,0,2.2876461025417862,0,0,1,0,0,0,1.5,0,-9.8066499999999994,0,0,0,1.6270039463982535,0.27123623979389261,-9.6564456658215683,0.00059751164225231037,-0.0034859080303396837,-0.0026170563209009191,0.031540807507794338,-0.020955515535923269,0.036856196606243494,0.0010067532370354663,-0.00090522995371097989,0.0014514162947255884
3537181071,3.537181071,0.010408409518752109,accelerate,0,1.7683335722023079,0,0,2.3032587168199146,0,0,1,0,0,0,1.5,0,-9.8066499999999994,0,0,0,1.5489496584411742,-0.042857141151444317,-9.6353938108270825,-0.0082012882438940674,-0.014609522450999652,0.00036607049309471352,0.031488062954353434,-0.0208809756159795,0.036940174573854061,0.0010033531935077771,-0.00090980739250361424,0.0014533406905331283
3546519920,3.5465199200000002,0.0093388491721945466,accelerate,0,1.789908768541127,0,0,2.3172669905782062,0,0,1,0,0,0,1.5,0,-9.8066499999999994,0,0,0,1.677351633911585,0.60405902547913826,-10.07390739871502,0.02542057357773431,-0.0095395955782434962,0.0084115017679195544,0.031581871473419114,-0.020761946489698542,0.036979633142803961,0.00099611237549560266,-0.00090412822293539207,0.0014548944382999039
3558030208,3.5580302080000004,0.011510288363993683,accelerate,0,1.8166805448727128,0,0,2.3345324231241968,0,0,1,0,0,0,1.5,0,-9.8066499999999994,0,0,0,1.0990368490230231,-0.29400784416311571,-9.9591575647175024,-0.0087460999758318305,-0.014221772498501543,0.0081857390445128145,0.031445730459051066,-0.02070035140938619,0.036971392086268089,0.0010011706130429164,-0.00090298789955179325,0.0014496464315545488
3568934568,3.5689345680000004,0.010904360040019764,accelerate,0,1.8422263057404706,0,0,2.3508889631842265,0,0,1,0,0,0,1.5,0,-9.8066499999999994,0,0,0,1.8655306653993438,0.33949244243378612,-9.9042549870589323,-0.035640835041310742,0.01412326505824861,-0.00069405430386251213,0.031517512513366062,-0.020662127301754773,0.036972080044888139,0.0010023029944516591,-0.00090581904942892209,0.001445222631683172
3578527242,3.5785272420000003,0.0095926739364603272,accelerate,0,1.8648466315700587,0,0,2.3652779740889169,0,0,1,0,0,0,1.5,0,-9.8066499999999994,0,0,0,1.6309943898304231,0.068717948016263464,-9.9024559337217593,-0.015627013016798301,0.034405504458836292,-0.010274054190486024,0.031547643694168716,-0.020625365372403094,0.036992420165927992,0.000999324713853042,-0.00090301510339466388,0.0014504074181849163
3587762201,3.5877622010000003,0.009234959433733406,accelerate,0,1.8867538410670799,0,0,2.3791304132395172,0,0,1,0,0,0,1.5,0,-9.8066499999999994,0,0,0,1.2687640012794204,0.13284033303919182,-9.797458610676868,-0.00047767344727815946,-0.005985704677701831,-0.00033771754634914514,0.031539554270332844,-0.020660267231466457,0.036949998832410874,0.0010027112940838678,-0.00090639496065096192,0.0014532187736914905
3599412423,3.5994124230000004,0.011650222370751126,accelerate,0,1.9145730351913033,0,0,2.3966057467956441,0,0,1,0,0,0,1.5,0,-9.8066499999999994,0,0,0,1.7406650837851454,-0.059281701536816465,-9.4539757410029122,0.012465959882931223,-0.00574989929540863,-0.0079163531970121541,0.031572114720418938,-0.020738474314017055,0.037001315736574884,0.0010038350740512439,-0.00091137162709701007,0.001453533090655478
3608886847,3.6088868470000004,0.0094744235272106649,accelerate,0,1.9373468165900718,0,0,2.41081738208646,0,0,1,0,0,0,1.5,0,-9.8066499999999994,0,0,0,2.0303778861084805,-0.22563528723197673,-9.6957497848431036,0.022192436092158159,0.0017274631675805222,0.011364207365321788,0.031599939768675478,-0.020653182117579761,0.037016551272179933,0.0010083058838370326,-0.00091052282652937845,0.0014533706009766444
3618415843,3.6184158430000002,0.0095289959541340775,accelerate,0,1.9603875869930503,0,0,2.4251108760176612,0,0,1,0,0,0,1.5,0,-9.8066499999999994,0,0,0,1.4463342013330567,-0.038534368191240086,-9.7735390874804189,-0.0055370598484581202,0.0091714697500216037,0.0078761851098718295,0.031686137041047432,-0.020616021571158629,0.037156656579494317,0.0010146073514142565,-0.00090871463151879638,0.0014567257260514599
3629112530,3.6291125300000004,0.010696687447366789,accelerate,0,1.9864140544007809,0,0,2.4411559071887114,0,0,1,0,0,0,1.5,0,-9.8066499999999994,0,0,0,1.4774942433589564,-0.40718342324362394,-10.307097000116812,-0.0080172097982577732,-0.030619094025357309,-0.028407420987708855,0.031703764671217313,-0.020687381933644708,0.037036446564466946,0.0010088287448535523,-0.00091062228951911716,0.0014552869695978695
3638493754,3.6384937540000002,0.0093812238801667149,accelerate,0,2.0093810900136271,0,0,2.4552277430089617,0,0,1,0,0,0,1.5,0,-9.8066499999999994,0,0,0,1.2510986404836095,-0.42437827103433201,-10.382455606113949,0.023718036579649521,-0.024767246992149234,-0.0038301533788305006,0.031822399528856349,-0.02052296035721414,0.037129390371794621,0.001007366377256439,-0.0009132332045582763,0.0014563277355628093
3650192786,3.6501927860000003,0.011699031697467223,accelerate,0,2.0382075277105836,0,0,2.4727762905551627,0,0,1,0,0,0,1.5,0,-9.8066499999999994,0,0,0,1.6983818689484398,-0.036421470160771449,-9.5126439905917142,0.0033314787795391274,-0.047375298587786135,0.031953915586908063,0.031842527326969718,-0.020467268981413812,0.037070388859632174,0.0010068567179503118,-0.00090486343866710622,0.0014577156864041532
3659794358,3.6597943580000001,0.0096015719887214933,accelerate,0,2.0620192099148436,0,0,2.487178648538245,0,0,1,0,0,0,1.5,0,-9.8066499999999994,0,0,0,1.411198799218049,-0.25827506739414458,-9.6799315832827642,0.0062336627672292221,0.0309918942674994,0.020553290809945456,0.031836918148565083,-0.020443575138562441,0.036962711377780635,0.0010124450941620101,-0.00090972433401224537,0.0014535071334354165
3669043452,3.6690434520000004,0.0092490943662052669,accelerate,0,2.085087519250731,0,0,2.5010522900875527,0,0,1,0,0,0,1.5,0,-9.8066499999999994,0,0,0,1.0428245513923362,0.25690332783120889,-9.9083072135050418,0.0047053870629522928,0.022032012348904999,0.01488583926827209,0.031821435423064877,-0.020469104305810681,0.036919331087643927,0.0010140476458838461,-0.00090836137967704816,0.0014558833146242822
3678179860,3.6781798600000002,0.0091364084254747548,accelerate,0,2.1080007599356279,0,0,2.514756902725765,0,0,1,0,0,0,1.5,0,-9.8066499999999994,0,0,0,1.1480658675145106,0.18896797857730804,-9.6034319114750542,-0.016129201872620492,0.017214665853439184,-0.029112648181833962,0.031841318941150387,-0.020279743033762652,0.036854153919714402,0.0010104071431654808,-0.00091254457201761865,0.0014587333778781455
3687029645,3.6870296450000004,0.008849784565121593,accelerate,0,2.1303145557735399,0,0,2.5280315795734474,0,0,1,0,0,0,1.5,0,-9.8066499999999994,0,0,0,1.4436430385733126,0.32492725145272933,-9.7426428413576787,0.018181035771475239,-0.037876265058406008,-0.020665249063250943,0.031871542808581961,-0.020316381107017174,0.036940798264532851,0.0010115070398262272,-0.00091227175641824551,0.0014570420737163286
3698315115,3.6983151150000002,0.011285470377461349,accelerate,0,2.1589401026593333,0,0,2.5449597851396395,0,0,1,0,0,0,1.5,0,-9.8066499999999994,0,0,0,1.3842448233740201,0.081243324673783229,-9.3094958248570663,-0.027617867681258266,-0.003643276619257316,0.004432990310786207,0.031856998546332865,-0.020297066853216951,0.0368293746174507,0.0010161620065839536,-0.00090946606652914617,0.001461368168977158
3709954029,3.7099540290000004,0.011638914105610153,accelerate,0,2.1886622692419744,0,0,2.5624181562980546,0,0,1,0,0,0,1.5,0,-9.8066499999999994,0,0,0,1.3939018933663487,0.21008776528037792,-9.7900790682369578,-0.029297264843689517,0.025515462226335512,0.020503444851621647,0.031851118814297252,-0.020235316364283239,0.036909183784922875,0.0010220877567280156,-0.00091468638484827353,0.0014622535489726559
3721191745,3.7211917450000001,0.011237715727236506,accelerate,0,2.2175527107478361,0,0,2.5792747298889092,0,0,1,0,0,0,1.5,0,-9.8066499999999994,0,0,0,1.1955469082753016,0.19967620828857824,-9.9095252521685335,0.031746520606296798,0.00079207541015315183,-0.010719115072277787,0.031853652522712078,-0.020124973090626126,0.036801316419705882,0.0010263572441437364,-0.00091519763852645412,0.0014546483184780105
3732854243,3.7328542430000002,0.011662498059394524,accelerate,0,2.2477355076755496,0,0,2.5967684769780011,0,0,1,0,0,0,1.5,0,-9.8066499999999994,0,0,0,1.2339436132028077,-0.15477943901768124,-9.5148311966945904,0.0073761901080746138,0.01462399523621795,-0.0023017563274096032,0.031738889590222752,-0.020227484844379032,0.036952588095740486,0.0010254369258810767,-0.00090720460307798761,0.0014585827875187171
3740984762,3.7409847620000001,0.0081305186125010462,accelerate,0,2.2688981611096564,0,0,2.6089642548967524,0,0,1,0,0,0,1.5,0,-9.8066499999999994,0,0,0,1.5667790370939396,0.65221974722424103,-10.054830820948737,-0.0097059020651362356,-0.010262623549362478,-0.0050694088255586762,0.031899762444478598,-0.020221147325592714,0.036929713284425923,0.0010203527859442636,-0.00090596883969093305,0.001455917518771664
3751958872,3.7519588720000003,0.010974110080865121,accelerate,0,2.297619545358986,0,0,2.62542542001805,0,0,1,0,0,0,1.5,0,-9.8066499999999994,0,0,0,1.7253040527017152,0.077854315753048187,-9.6827770249081713,-0.026424993810903588,0.0095192488392590903,0.0054364025974910548,0.031955695538716175,-0.020390055032525899,0.036880502987265217,0.0010181557587542146,-0.00090378830199234019,0.0014549889100321704
3760486319,3.7604863190000004,0.0085274472594596331,accelerate,0,2.320062260179407,0,0,2.6382165909072395,0,0,1,0,0,0,1.5,0,-9.8066499999999994,0,0,0,1.974921342003026,-0.81286006649079134,-10.222511346210284,0.015369802616025266,-0.035281927715152588,0.013068678805937917,0.032059644373467922,-0.02027138866971873,0.036844870500796656,0.0010161398837025683,-0.00091331372783072799,0.0014485638372570724
3770326295,3.7703262950000003,0.0098399757397010443,accelerate,0,2.3460948662719296,0,0,2.6529765545167909,0,0,1,0,0,0,1.5,0,-9.8066499999999994,0,0,0,1.5485370676020604,0.52861757897795125,-9.8734817891722493,-0.021230026035206302,0.001859574118682014,0.0048347239299562465,0.0320023365612832,-0.02036607543813192,0.03688904644035549,0.0010119572720030743,-0.00091184052053166424,0.001449214482671836
3781625590,3.7816255900000004,0.011299294968421464,accelerate,0,2.3761673864558088,0,0,2.6699254969694231,0,0,1,0,0,0,1.5,0,-9.8066499999999994,0,0,0,1.5724184453902168,-0.20463465836692404,-10.046186688744113,-0.0024505852337022719,0.011600196504402702,-0.0069108982554308938,0.03210825658842982,-0.020412136823045268,0.036886084683479488,0.0010112995905598974,-0.00091185698467177278,0.0014463737011370279
3792303374,3.7923033740000003,0.010677783622117376,accelerate,0,2.4047617844969333,0,0,2.6859421724025991,0,0,1,0,0,0,1.5,0,-9.8066499999999994,0,0,0,1.5048168148388266,-0.23895781296874066,-9.6549124779147881,0.0010849404327065778,0.021591030221475835,0.026083206496777447,0.032118674027603419,-0.020391013953199689,0.036891634480012599,0.0010075788391914666,-0.00091393782947309923,0.0014483098496803676
3801570698,3.8015706980000004,0.0092673241693272124,accelerate,0,2.4297176937815999,0,0,2.6998431586565901,0,0,1,0,0,0,1.5,0,-9.8066499999999994,0,0,0,1.9624471152997733,-8.7201470604526127e-05,-9.6592594223329957,-0.0064483177168914094,-0.0051993870373426652,-0.0026866886647273053,0.032111030312955507,-0.020407564215431578,0.036890087035273918,0.0010099134408320016,-0.00091546401886389,0.0014417865575184386
3810852326,3.8108523260000005,0.0092816277142984786,accelerate,0,2.454841244327016,0,0,2.7137656002280379,0,0,1,0,0,0,1.5,0,-9.8066499999999994,0,0,0,1.793126244416118,-0.48468841389068507,-9.2210472706088318,0.016423902602975618,-0.0070478461212231235,0.016293559956241592,0.032099003951260502,-0.020351114075301505,0.03682992572989207,0.0010079448954490682,-0.00091354754346468364,0.0014398615184105267
3819008411,3.8190084110000004,0.0081560847281200808,accelerate,0,2.4770248377833028,0,0,2.7259997273202181,0,0,1,0,0,0,1.5,0,-9.8066499999999994,0,0,0,1.2807539173247044,0.13096208498945311,-9.4216084316241684,0.022145420838840194,0.0036693501798966736,0.0050987006271623198,0.031972832626110705,-0.020383449071468492,0.036741288496335463,0.0010053505568135704,-0.00091528241586674318,0.0014385321273534383
3829151822,3.829151822,0.010143410761120096,accelerate,0,2.5047529393386148,0,0,2.7412148434618984,0,0,1,0,0,0,1.5,0,-9.8066499999999994,0,0,0,1.5719152616668952,0.34075897471359817,-9.2719143968011615,0.0045439101035914982,0.0073867622946275861,0.021252674441365773,0.031931909768111125,-0.020335805235219086,0.036746588166638207,0.0010037033244820366,-0.00091410267291689047,0.0014377098203843567
3840588233,3.8405882330000001,0.011436411317822083,accelerate,0,2.5362006934268373,0,0,2.7583694604386313,0,0,1,0,0,0,1.5,0,-9.8066499999999994,0,0,0,1.2477092128357172,-0.21873260520306281,-9.8611116425748619,0.0021099804013986236,0.0065798641722918912,-0.011099473531395045,0.031989325041123083,-0.020351794488853277,0.036617690331563847,0.0010107177161780075,-0.00091107976996094881,0.0014391981320954926
3849959063,3.8499590630000005,0.0093708303052899792,accelerate,0,2.5621147649053602,0,0,2.7724257058965662,0,0,1,0,0,0,1.5,0,-9.8066499999999994,0,0,0,1.4224943179280867,-0.071349101076741417,-9.6645699515093852,0.011862290051881821,0.025177037751646977,0.0075437335657689807,0.032001607576837926,-0.020290440880175484,0.036785061436314916,0.0010122539078157181,-0.00091838907750337528,0.0014375897202709947
3861582381,3.8615823810000003,0.011623318251036475,accelerate,0,2.5944408773577243,0,0,2.7898606832731208,0,0,1,0,0,0,1.5,0,-9.8066499999999994,0,0,0,1.5740656600260374,0.26034130003398848,-10.074641744395787,0.030945203033115862,3.6017903022311499e-05,0.0038225534393697899,0.032044089110849112,-0.020193344760128067,0.036805765023317207,0.0010114323756939992,-0.0009148723453307944,0.001441725043180024
3870939311,3.8709393110000003,0.009356929700973798,accelerate,0,2.6206110717466933,0,0,2.8038960778245814,0,0,1,0,0,0,1.5,0,-9.8066499999999994,0,0,0,1.4341859164605573,-0.29865654714436218,-10.080192844637182,0.0049234313775691988,-0.00082164432189168568,0.00042488728042720586,0.032123531721898309,-0.020158157732222074,0.036927820784357399,0.0010100014438743624,-0.00091070125727510539,0.001436512170824013
3881814039,3.8818140390000004,0.010874728349105307,accelerate,0,2.6511913746996578,0,0,2.8202081703482396,0,0,1,0,0,0,1.5,0,-9.8066499999999994,0,0,0,1.7685603408150139,0.093081300659844421,-9.6247716357493243,0.011453882890840218,0.0018244059085491488,0.0030968194705473509,0.032060271938270574,-0.020133139835253028,0.036835307840405639,0.0010161693852600258,-0.00090692100026983709,0.0014278949661644053
3890804134,3.8908041340000001,0.0089900953291468418,accelerate,0,2.6766059313596475,0,0,2.8336933133419597,0,0,1,0,0,0,1.5,0,-9.8066499999999994,0,0,0,1.4337612734641005,0.131588981429447,-9.3307536608939952,-0.0028776504846165091,-0.026348887993761318,0.012281817873154013,0.032063350005532718,-0.020216928257286541,0.03699075128292479,0.0010164188885455375,-0.00090378569550402974,0.0014233991546611265
3900143088,3.9001430880000001,0.009338953730101596,accelerate,0,2.703135074140826,0,0,2.8477017439371122,0,0,1,0,0,0,1.5,0,-9.8066499999999994,0,0,0,0.69887100097962673,-0.39587269031432604,-9.5798300788863013,0.010621523348952442,0.024688445562784999,0.011075202602648292,0.031967503460970208,-0.020017559125051328,0.036991333786428278,0.0010244915023611366,-0.0009056255408351042,0.0014305612261359382
3908394379,3.9083943790000002,0.0082512912539687636,accelerate,0,2.7266833534900039,0,0,2.8600786808180652,0,0,1,0,0,0,1.5,0,-9.8066499999999994,0,0,0,1.4647737593345007,0.0023637002149469247,-9.6090306279153257,-0.031822757265409743,-0.013194701838179087,0.017399467859391352,0.031885981355712703,-0.020074828948551639,0.036970584126077385,0.0010249281661374979,-0.00090658125060856163,0.0014290351781574412
3919334372,3.9193343720000002,0.01093999252385432,accelerate,0,2.758062355453105,0,0,2.8764886696038467,0,0,1,0,0,0,1.5,0,-9.8066499999999994,0,0,0,1.2397110351440075,0.24160999335087072,-9.6222878364817621,0.003717213946986664,-0.0043177931307931119,-0.014815593237846567,0.031835644965215154,-0.02008625616445734,0.036944175581877063,0.0010283888463926956,-0.00090465434655692819,0.0014276657776973001
3927637399,3.9276373990000004,0.0083030265333807769,accelerate,0,2.7819976223870051,0,0,2.888943209403918,0,0,1,0,0,0,1.5,0,-9.8066499999999994,0,0,0,2.0249026707983946,-0.44829918002383395,-9.2705499461200578,0.027983032248269205,-0.035422744779561775,-0.027012419858815827,0.031750399050395506,-0.020117761638706572,0.0371199947981498,0.001035288127724341,-0.00090944728700523086,0.0014331869834365194
3936636609,3.9366366090000002,0.0089992103032085925,accelerate,0,2.8080565692220185,0,0,2.9024420248587308,0,0,1,0,0,0,1.5,0,-9.8066499999999994,0,0,0,0.72693851285703659,0.32209215427755777,-9.544293243487914,-0.0033975619715146321,0.0088373023934219131,-0.017133985954984061,0.031786423046590441,-0.020211319230142161,0.037191536474626162,0.001030740098878208,-0.00091458913578701167,0.0014330562928872943
3946394834,3.9463948340000004,0.0097582253883427422,accelerate,0,2.8364506698992353,0,0,2.9170793629412448,0,0,1,0,0,0,1.5,0,-9.8066499999999994,0,0,0,1.6670495600478852,-0.17654772665555934,-9.5446392478359776,-0.01423191978426014,0.01455577369906366,0.0021880717536333048,0.031826044448002418,-0.020170396314284078,0.037228234266586648,0.0010343882671047795,-0.00091156378256575948,0.0014334568502853786
3954982529,3.954982529,0.0085876945385728685,accelerate,0,2.8615569677860653,0,0,2.929960904749104,0,0,1,0,0,0,1.5,0,-9.8066499999999994,0,0,0,1.6694858814412949,-0.046143236563157913,-9.820028663135167,-0.017095787754271743,0.0035308448230002808,0.011628206905697987,0.031952229223137986,-0.020139552267198716,0.037225164934478749,0.0010431059983980774,-0.00091236881700141746,0.0014308273019445106
3966786433,3.9667864330000002,0.011803904208585014,accelerate,0,2.8962464447565468,0,0,2.9476667610619813,0,0,1,0,0,0,1.5,0,-9.8066499999999994,0,0,0,1.693673258184347,0.082629837825710081,-9.6309253928306742,-0.0019527239511073194,-0.0064698242434278689,0.0040109728586669134,0.031905971520725072,-0.020010003424750882,0.037220209556288596,0.0010416661492298653,-0.00091050275236336095,0.001435094466954865
3977014184,3.9770141840000002,0.010227751083262987,accelerate,0,2.9264729018342623,0,0,2.9630083876868758,0,0,1,0,0,0,1.5,0,-9.8066499999999994,0,0,0,1.454943517684073,-0.13750421107794805,-9.7275412916343349,-0.0065181946097749039,-0.01205519328212765,-0.009057278434936809,0.031755208868431598,-0.019876412215413721,0.03711682051376456,0.0010404321353812383,-0.0009105934908549755,0.0014317310880331785
3986207596,3.9862075960000003,0.0091934120086420539,accelerate,0,2.9537764478456006,0,0,2.9767985056998389,0,0,1,0,0,0,1.5,0,-9.8066499999999994,0,0,0,1.831836794092158,-0.11689866677493344,-9.9201029653504165,0.0050721571963785132,-0.0043372268431672413,0.019523249413483587,0.031763935765605877,-0.019830118676367331,0.037021642178066611,0.0010380924864678352,-0.00090806617352808016,0.0014299350772038436
3996271699,3.9962716990000002,0.010064103422194454,accelerate,0,2.9838112205072673,0,0,2.9918946608331307,0,0,1,0,0,0,1.5,0,-9.8066499999999994,0,0,0,1.6244902211747612,-0.39977709749074636,-9.7654862440529904,0.016477674582865479,-0.011995940860198841,0.012467939781033971,0.031782648021454939,-0.019761855985157607,0.036967795998644783,0.0010365883726048057,-0.00090602816306397033,0.0014296515999963127
4006129230,4.00612923,0.0098575314074092306,accelerate,0,3.0133767942881762,0,0,3.0066809579442446,0,0,1,0,0,0,1.5,0,-9.8066499999999994,0,0,0,1.5877615939488119,0.30435165800002106,-9.9230507433939845,0.0082173202048635673,-0.012543972355694334,0.017727008712283974,0.031833215728351898,-0.019642880344370405,0.036902311004788919,0.0010336192923188631,-0.00090788469486398707,0.0014284790392980276
4015233220,4.0152332199999998,0.0091039901062349819,accelerate,0,3.0408117499587966,0,0,3.0203369431035969,0,0,1,0,0,0,1.5,0,-9.8066499999999994,0,0,0,2.0898547748388636,-0.12961295254494193,-9.5747234956305753,-0.0037404903179669852,-0.0038519719019464967,0.019145111113081939,0.03178203349208001,-0.019592403249837943,0.036912855408022173,0.0010347887471618229,-0.00091502143148640262,0.0014259016553766894
4024737740,4.02473774,0.0095045200961298912,accelerate,0,3.0695863550583016,0,0,3.0345937232477915,0,0,1,0,0,0,1.5,0,-9.8066499999999994,0,0,0,1.3665019692836249,-0.020175843786478374,-9.8086984347917507,0.016055744542369545,0.0052721670570565786,-0.028640629052279733,0.031766265032867495,-0.019633447589942291,0.036860044206754733,0.0010351614664765646,-0.00091737688034983168,0.0014317536567736953
4035227258,4.0352272579999999,0.010489518282765202,accelerate,0,3.1015003038944275,0,0,3.0503280006719393,0,0,1,0,0,0,1.5,0,-9.8066499999999994,0,0,0,1.4357914317143252,0.24634961204631461,-9.9016796482852403,-0.0048113787091740527,-0.0019647837290732309,0.00057702179735190373,0.031792005251356177,-0.019590099945433974,0.036879224274383268,0.0010329841881990527,-0.00092010933959965407,0.0014276315105396574
4045048787,4.0450487869999998,0.0098215292370841707,accelerate,0,3.1315315363631395,0,0,3.0650602945275658,0,0,1,0,0,0,1.5,0,-9.8066499999999994,0,0,0,1.5561780786493027,0.28446322048235584,-10.255465172817036,0.001885527450094438,0.018583679036090522,0.00042249553327690153,0.031649469110408404,-0.019523073291121788,0.036817379753309988,0.0010287808661942543,-0.00091782230328576358,0.001425086980914774
4055585069,4.0555850690000002,0.010536281530940217,accelerate,0,3.1639091344569628,0,0,3.0808647168239762,0,0,1,0,0,0,1.5,0,-9.8066499999999994,0,0,0,1.2497173546639115,-0.26445701038744052,-10.050037278322856,0.012205437842394456,0.0089797917617174747,0.017895633957021123,0.03154043782534055,-0.019483690816567971,0.036846062558251236,0.0010333156705482163,-0.00091861721522272771,0.0014200685217851635
4066935418,4.0669354179999999,0.011350348936119263,accelerate,0,3.198974646833622,0,0,3.0978902402281552,0,0,1,0,0,0,1.5,0,-9.8066499999999994,0,0,0,1.1204648643182429,-0.47722182620548342,-9.6191514823533772,0.021064942291772852,0.016320294721477873,0.013373763156754287,0.03153184515800498,-0.019353318919139294,0.036809789625666139,0.0010378935008358116,-0.00091762491128108219,0.0014222719737344844
4077542490,4.0775424899999999,0.010607072041661711,accelerate,0,3.2319185742718552,0,0,3.1138008482906478,0,0,1,0,0,0,1.5,0,-9.8066499999999994,0,0,0,1.7893513719067009,0.0098643165281170377,-9.8966279118401292,-9.4251009792374217e-05,0.028460337925875101,0.001902268260869843,0.031453609598309493,-0.01930421656177107,0.036782947924886296,0.001033616524296846,-0.00091463136114085415,0.0014171754611191712
4087145479,4.0871454790000001,0.0096029887042280732,accelerate,0,3.2618895316892464,0,0,3.1282053313469897,0,0,1,0,0,0,1.5,0,-9.8066499999999994,0,0,0,1.3303631889698531,-0.09773653194458394,-9.8082429312328259,-0.015437316766766407,0.026752946331172048,0.0018462840345554777,0.031369001599051052,-0.019374569205159439,0.036745234480360205,0.0010351984518248462,-0.00091528411655693081,0.0014175478386000619
4095325130,4.09532513,0.008179651275152593,accelerate,0,3.2875273404379755,0,0,3.1404748082597185,0,0,1,0,0,0,1.5,0,-9.8066499999999994,0,0,0,1.4738044794911256,0.17996399717374242,-9.7389860270284192,-0.0046896818314971353,-0.025793319338216734,-0.0074627604463694151,0.031342151173684517,-0.019406906754806341,0.036638632704284461,0.0010331742032063742,-0.00091769467373753629,0.0014196773461646027
4103525659,4.1035256590000007,0.008200528923060663,accelerate,0,3.3133313314412161,0,0,3.1527756016443096,0,0,1,0,0,0,1.5,0,-9.8066499999999994,0,0,0,1.0963060013213979,0.047446837244306893,-10.024411480727736,-0.02474275761437212,0.012823256098862028,0.02961448032761704,0.03135088571387306,-0.019387336615271096,0.036624810767422654,0.0010368208079019204,-0.00092205093594793623,0.0014160632064797152
4112941973,4.1129419729999999,0.0094163139187725294,accelerate,0,3.3430853564476086,0,0,3.1669000725224685,0,0,1,0,0,0,1.5,0,-9.8066499999999994,0,0,0,1.7515304254871762,0.38883342015978134,-10.29344423691864,-0.01845261971490475,0.019385678792137314,-0.00018950936222479316,0.03141072333658286,-0.019470066674590534,0.036583980642812063,0.001035844649860212,-0.00091952988206108898,0.0014164535901686557
4122947490,4.1229474900000005,0.010005517013567502,accelerate,0,3.3748469117815323,0,0,3.1819083480428199,0,0,1,0,0,0,1.5,0,-9.8066499999999994,0,0,0,1.4537873978364613,-0.34442130668602372,-9.8531428517361803,0.010463597482053298,-0.018176192092044758,0.014584272095562064,0.031394007977579713,-0.01945122215081567,0.036607699287098013,0.0010348210411881462,-0.00091835241208996143,0.0014106450549609421
4134167782,4.1341677820000005,0.011220292394100894,accelerate,0,3.4106432750388604,0,0,3.1987387866339714,0,0,1,0,0,0,1.5,0,-9.8066499999999994,0,0,0,1.6179381009754772,-0.3056690110550338,-9.6860308562660418,0.01216497669392474,0.0087853395407752732,-0.00070939647765319211,0.03132551880736701,-0.019442500053659405,0.03652948501026982,0.0010362111755928874,-0.00091301429698070118,0.0014025282597456697
4142268019,4.1422680190000003,0.0081002367723624884,accelerate,0,3.4366030269603614,0,0,3.2108891417925149,0,0,1,0,0,0,1.5,0,-9.8066499999999994,0,0,0,1.5172987394119173,-0.10589327364025948,-9.6907074093891818,-0.0093818111742471674,-0.03122518500389581,0.02577970211520338,0.031165396348649926,-0.019520776122932414,0.036349971425536344,0.0010385410354359307,-0.00091621494424993979,0.0013919750877884078
4153951197,4.1539511970000005,0.011683177585542109,accelerate,0,3.4742187874902837,0,0,3.2284139081708281,0,0,1,0,0,0,1.5,0,-9.8066499999999994,0,0,0,1.6257679437192791,0.17475906924261983,-9.7274226704998323,0.00033308578185272557,-0.0093162078630531359,0.006436337938806028,0.031224092509756326,-0.019504728539033286,0.036493492758253802,0.0010412539825587455,-0.00091540835903878789,0.0013863253172898917
4165379863,4.1653798630000001,0.011428665746894226,accelerate,0,3.5112132117399582,0,0,3.2455569067911694,0,0,1,0,0,0,1.5,0,-9.8066499999999994,0,0,0,1.3348412958129776,-0.026666970477543912,-9.4888447505585098,-0.0059107172684404732,-0.0049224108587786952,-0.010450014971908287,0.031117849404706199,-0.019498812312359188,0.036583075511839029,0.0010366081289128919,-0.00091707620691183344,0.001386746857918325
4176228694,4.1762286940000006,0.01084883115533288,accelerate,0,3.5465119834798378,0,0,3.2618301535241687,0,0,1,0,0,0,1.5,0,-9.8066499999999994,0,0,0,0.99959741249392919,-0.82508600924540276,-9.6898527672214669,-0.00040913731090030459,-0.0078143062597545929,0.035912829474446441,0.031156944108024904,-0.019495969468783306,0.036606304588422574,0.0010349596446734321,-0.00090937860165143599,0.0013888835595530159
4187251558,4.1872515579999998,0.011022863770178068,accelerate,0,3.5825578205478656,0,0,3.2783644491794357,0,0,1,0,0,0,1.5,0,-9.8066499999999994,0,0,0,1.6412564866918939,0.20895374585041412,-9.7895775988428788,0.0025803520957334855,-0.0038516944560966085,-0.0089885726440400888,0.031214981029118672,-0.019540261360144886,0.03654811568029645,0.0010362323768478524,-0.00091772301446726794,0.001387698558139008
4199200682,4.1992006819999999,0.011949123704034325,accelerate,0,3.6218384890659898,0,0,3.2962881347354873,0,0,1,0,0,0,1.5,0,-9.8066499999999994,0,0,0,1.8985466214373545,0.17836914396367071,-9.9700260516232166,-0.0052579198933604123,0.00059717665198363769,0.012290087870306544,0.031180601462231866,-0.019526104453361948,0.036680053937386138,0.0010375740408247978,-0.00091415051935453667,0.0013923173241811187
4207827173,4.2078271730000001,0.0086264912970927723,accelerate,0,3.6503297022370695,0,0,3.3092278716811263,0,0,1,0,0,0,1.5,0,-9.8066499999999994,0,0,0,2.1399253362288064,0.18344721661169128,-9.8992143234025072,-0.024360517835306322,-0.021839246095266836,-0.0034116099881066932,0.031137688937501466,-0.019606366810235781,0.036753440185992581,0.0010361618564962889,-0.00090702601986229769,0.0013939655169081038
4219166313,4.2191663130000006,0.011339140485662862,accelerate,0,3.6879499340533481,0,0,3.3262365824096207,0,0,1,0,0,0,1.5,0,-9.8066499999999994,0,0,0,1.4439061989822688,0.31035094011536346,-9.5940647451870653,-0.013607479369189768,0.0095894552245940016,0.016735731483758003,0.031054656772263715,-0.019565845357343216,0.036815437382205399,0.0010321618389828749,-0.00090438896237179001,0.0013959334228663728
4229853324,4.2298533240000005,0.010687011146707098,accelerate,0,3.7235831206415817,0,0,3.3422670991296815,0,0,1,0,0,0,1.5,0,-9.8066499999999994,0,0,0,1.6879655641170659,0.31229629367478878,-9.2421688482232476,0.0020703592178579577,0.0062315787490336101,-0.0042845670787723519,0.031051961107691164,-0.019513159206740634,0.036810384141163305,0.0010278291631795754,-0.00089945452700088482,0.0014002981718040902
4239391889,4.2393918890000002,0.0095385652508541627,accelerate,0,3.7555317916226971,0,0,3.3565749470059627,0,0,1,0,0,0,1.5,0,-9.8066499999999994,0,0,0,2.1152327224729488,-0.36293405215461549,-9.7116201823110213,-0.030915967109279213,0.0070892565883538807,0.048769008667893715,0.031051648399363811,-0.019459689428210723,0.03689504139760752,0.0010257489513530119,-0.00089777098421705019,0.0013995305917697985
4248272685,4.2482726849999999,0.0088807962413556298,accelerate,0,3.7854000012023064,0,0,3.3698961413679962,0,0,1,0,0,0,1.5,0,-9.8066499999999994,0,0,0,1.8728364671333004,0.15925920262122414,-9.6826195391439178,0.0072478171587827024,-0.0052787516247325365,0.035624083574104543,0.031019540136136153,-0.019405171539769894,0.036934195866192551,0.0010297498728518149,-0.00089345522644037429,0.0013921702976501002
4258848434,4.2588484339999999,0.010575748829864529,accelerate,0,3.821123061223628,0,0,3.3857597646127928,0,0,1,0,0,0,1.5,0,-9.8066499999999994,0,0,0,1.7569893548578337,0.086519706506945182,-10.179207823897531,0.017597859125194584,-0.0090249162185502066,0.0043219357614393732,0.031127048555244594,-0.01939601767939134,0.03684741849259808,0.0010331174575881192,-0.00088732988051034819,0.0013875780316305172
4268046713,4.2680467130000004,0.0091982787325986717,accelerate,0,3.8523296795088862,0,0,3.3995571827116908,0,0,1,0,0,0,1.5,0,-9.8066499999999994,0,0,0,2.1748663720411487,-0.15948584009232378,-9.2695241916792561,-0.015268318844494547,-0.013204469478515821,0.0015816226038547674,0.031219671263524401,-0.019331202276378173,0.036941641724246653,0.0010331028190650867,-0.00088541045330936064,0.0013934827375377749
4279819441,4.2798194409999999,0.011772728404011643,accelerate,0,3.8924556907654138,0,0,3.4172162753177084,0,0,1,0,0,0,1.5,0,-9.8066499999999994,0,0,0,1.5703839928774395,0.17038205461595227,-9.645533234385983,-0.0040155989418249162,-0.0063268048507612142,-0.00041928715889938992,0.031229685296669082,-0.019304722316147153,0.036828505375628852,0.0010299777090421623,-0.00088747848065031938,0.0013912939022542724
4290263075,4.2902630750000004,0.010443634060246213,accelerate,0,3.9282256491688377,0,0,3.4328817264080778,0,0,1,0,0,0,1.5,0,-9.8066499999999994,0,0,0,1.5291346016134957,0.3050109952116013,-9.5831800498598252,-0.012471305846121437,-0.011887353314339592,-0.017407510463715952,0.031202791612442042,-0.019392711097610173,0.036736244431821413,0.0010394873308078609,-0.00089107654628725304,0.0013957533666241343
4300731158,4.3007311580000005,0.010468082966411094,accelerate,0,3.9642435254654975,0,0,3.4485838508576943,0,0,1,0,0,0,1.5,0,-9.8066499999999994,0,0,0,1.4864514256739594,0.53020114080643355,-9.5668210220326433,-0.039047279965274934,0.0051389453264326437,0.031861621333467025,0.031260110934844904,-0.019449873980244222,0.036851514233685115,0.0010438499832541301,-0.00088645647059488759,0.0014003792992426886
4310772981,4.3107729810000004,0.010041822984419396,accelerate,0,3.9989492226993755,0,0,3.4636465853343235,0,0,1,0,0,0,1.5,0,-9.8066499999999994,0,0,0,1.6633519510849268,0.27008493145627488,-10.048262808010954,-0.021634405169788668,-0.011261218982018774,0.026081222266984248,0.031376223019194849,-0.01955378274451007,0.036877877826835138,0.0010419832194847262,-0.000887073075448694,0.0013981741316398389
4320062299,4.3200622989999999,0.0092893183759285292,accelerate,0,4.0311888571491608,0,0,3.4775805628982162,0,0,1,0,0,0,1.5,0,-9.8066499999999994,0,0,0,1.2715975778191895,0.28184974795564932,-9.6955536103070781,-0.0038331076360504776,-0.012590441582364907,0.0034773045029679204,0.031365047470769208,-0.019470206299999782,0.03669812914157846,0.0010381341624760944,-0.00088436638258590483,0.0014001130252325868
4329597098,4.3295970980000007,0.0095347988160019506,accelerate,0,4.0644150724741808,0,0,3.491882761122219,0,0,1,0,0,0,1.5,0,-9.8066499999999994,0,0,0,0.94509143879495994,-0.040163516105304747,-10.057440455000625,0.0012886400980092149,0.0014536152910125709,0.011485554324805513,0.031430700350825298,-0.019585907944687838,0.036709584542334472,0.0010377634529172019,-0.00088229170394032866,0.0014039503770858998
4338429505,4.3384295050000006,0.0088324073303937059,accelerate,0,4.0953153119348302,0,0,3.5051313721178095,0,0,1,0,0,0,1.5,0,-9.8066499999999994,0,0,0,1.6804609367412218,-0.29481669279432576,-9.6776884826909715,0.025727913234714316,0.016210788609981108,-0.017280740758961379,0.031606227972609952,-0.019584250790135458,0.036536735310088719,0.0010362295086054542,-0.00088201009862044647,0.0014062869486595742
4347497703,4.3474977030000002,0.0090681976098036157,accelerate,0,4.1271622100214342,0,0,3.5187336685325148,0,0,1,0,0,0,1.5,0,-9.8066499999999994,0,0,0,1.7463676208101782,-0.033306370785284506,-9.6855083477955919,-0.002711599377929255,0.0047121205392434366,0.014368570575451038,0.03157840823701695,-0.019628110338531898,0.036467310971614042,0.0010369935698584269,-0.00087880454200974455,0.0014008371933225878
4358233741,4.3582337410000003,0.010736037703614341,accelerate,0,4.165025914234957,0,0,3.5348377250879364,0,0,1,0,0,0,1.5,0,-9.8066499999999994,0,0,0,1.6438550733522372,0.15532740438290307,-10.023842814789061,0.0043976360656087154,-0.004047782578348009,-0.01751851466897867,0.031559240338754589,-0.019688567577943572,0.036292861298521377,0.0010380459430373178,-0.00087802692764852447,0.0014000044667857434
4366236983,4.3662369830000003,0.0080032423021865889,accelerate,0,4.1933641159632566,0,0,3.546842588541216,0,0,1,0,0,0,1.5,0,-9.8066499999999994,0,0,0,1.4806355737308787,-0.0074287493789445217,-10.984356633772965,0.032744491956905562,-0.0066654834440202657,-0.013606405681634837,0.03167028789254802,-0.019741508048085582,0.036360054015521386,0.0010335136937258329,-0.00087884564690721297,0.0014026269562138866
4377914984,4.3779149840000002,0.011678001462178513,accelerate,0,4.2348864306869709,0,0,3.5643595907344836,0,0,1,0,0,0,1.5,0,-9.8066499999999994,0,0,0,1.1239897260182072,-0.1129639873137615,-9.6235038581172585,0.015051658895028157,-0.0084445375596515215,-0.0048112279655934034,0.031675671503431604,-0.019746105272178287,0.036217630607398334,0.00102834080256871,-0.00087776971825488746,0.0014041625569171784
4387329391,4.3873293910000006,0.0094144070268677004,accelerate,0,4.2685092359590149,0,0,3.5784812012747853,0,0,1,0,0,0,1.5,0,-9.8066499999999994,0,0,0,2.003830697754303,0.12672374570289083,-9.3582665951718091,-0.0098703393587177991,-0.026491135812446352,-0.023156387078193827,0.031796654440465755,-0.019682310991701507,0.036289470154515863,0.0010295954283243149,-0.00088223086403465341,0.0014013659699223051
4398044166,4.398044166,0.010714774841020744,accelerate,0,4.3069379611034195,0,0,3.5945533635363165,0,0,1,0,0,0,1.5,0,-9.8066499999999994,0,0,0,1.2812967678163067,-0.15650564397662695,-9.7886499870857282,-0.015917438032230637,-0.0075039202903435442,0.0063466607710249865,0.031848754602971562,-0.019753464558606292,0.036222992477940898,0.0010339981983725026,-0.00086811430030393451,0.0014035993714266561
4406548414,4.4065484140000004,0.0085042477070102346,accelerate,0,4.3375611749747955,0,0,3.6073097350968317,0,0,1,0,0,0,1.5,0,-9.8066499999999994,0,0,0,2.0124261550401448,0.14872016247932052,-9.6483187589475392,0.016249541040402184,0.010456443839579744,0.022385639091200924,0.031804263215822158,-0.019800062916515003,0.036201872472622972,0.0010434052414042894,-0.00086974834822822354,0.0014000324880507693
4417280800,4.4172808000000003,0.010732385902883201,accelerate,0,4.3763626032034582,0,0,3.6234083139511566,0,0,1,0,0,0,1.5,0,-9.8066499999999994,0,0,0,1.5751248953972008,-0.055416624702006,-9.6658844673849842,-0.015242373191466161,-0.0042816417840138652,-0.00075006152591864804,0.031833198127270257,-0.019866467141894065,0.036196474343199649,0.0010458138453184971,-0.00087152704286662223,0.0014054137680062954
4427630354,4.4276303540000006,0.010349554019019686,accelerate,0,4.4139435982329553,0,0,3.6389326449796862,0,0,1,0,0,0,1.5,0,-9.8066499999999994,0,0,0,1.6178909180006091,0.19556066078708387,-10.49799168343948,-0.031293850389849748,-0.0085671105528748546,-0.020076324502242233,0.031883864920323871,-0.019923340198060639,0.036255030360802819,0.0010462251886938839,-0.00086628736345847662,0.0014003357347413842
4436130226,4.4361302260000004,0.0084998719558648898,accelerate,0,4.4449282456387493,0,0,3.6516824529134837,0,0,1,0,0,0,1.5,0,-9.8066499999999994,0,0,0,1.7688776439038121,-0.22636371434206193,-9.7617090955254646,0.011918618692318281,-0.008139778766981319,0.02956110341195161,0.031826696076684105,-0.020004392868212442,0.036296360487729031,0.0010421719469887179,-0.00086566236217539114,0.0013992623781443709
4445790264,4.4457902640000002,0.009660037559925479,accelerate,0,4.4802736225350586,0,0,3.6661725092533719,0,0,1,0,0,0,1.5,0,-9.8066499999999994,0,0,0,1.983127433749869,-0.26026126216150886,-9.9375359534326222,-0.0080762789146824332,-0.030366308093541804,0.029715775284736682,0.03175426440192132,-0.01991375535932742,0.036203103949672133,0.0010467906775122034,-0.00086630235954267179,0.0013967446083268124
4454004133,4.4540041330000006,0.0082138685064790627,accelerate,0,4.5104376821750156,0,0,3.6784933120130905,0,0,1,0,0,0,1.5,0,-9.8066499999999994,0,0,0,1.9193735706623087,-0.060024839821418777,-9.3559461047197683,0.0021485216308019229,-0.0065724535749079587,0.0099822618310390111,0.031655674746161745,-0.01990811775250878,0.036219104175479494,0.0010509963761191408,-0.00087208748064994141,0.001401472907413987
4462926618,4.462926618,0.0089224854685283402,accelerate,0,4.5433186933577332,0,0,3.6918770402158829,0,0,1,0,0,0,1.5,0,-9.8066499999999994,0,0,0,1.6994364480796433,-0.36836078829536634,-9.876921523522693,-0.010986785346853651,-0.016826704454385107,0.024092271414374023,0.031638652042397603,-0.019808372789933772,0.03618583375126861,0.0010538845747669384,-0.00086779996337263215,0.0014042686850480768
4471775700,4.4717757000000002,0.008849081612739982,accelerate,0,4.5760471442748454,0,0,3.7051506626349928,0,0,1,0,0,0,1.5,0,-9.8066499999999994,0,0,0,1.3960881643034,-0.20782768481498065,-9.0684243368794064,-0.014164067134405042,-0.0082652528484699912,-0.011570081409639063,0.031591069141911218,-0.019802455518514738,0.035997477979042118,0.0010502492227667448,-0.00086245035788244304,0.0014018246917587439
4481349733,4.4813497330000001,0.009574033128582491,accelerate,0,4.611589126048063,0,0,3.7195117123278667,0,0,1,0,0,0,1.5,0,-9.8066499999999994,0,0,0,1.6750806076832547,0.34618225298970862,-10.209967131326033,-0.013346616635176186,-0.023925371950455774,-0.018293717473783423,0.03173013530890946,-0.019722199642847375,0.035973929184475929,0.0010479464200854238,-0.00086396749179215809,0.0014016448653400672
4492204679,4.4922046790000003,0.010854946149394726,accelerate,0,4.6520525977793543,0,0,3.7357941315519589,0,0,1,0,0,0,1.5,0,-9.8066499999999994,0,0,0,1.5403053890359861,-0.25025235126144818,-9.9091648962276704,0.022225994988706733,0.004131316036745861,0.0049878965820565387,0.03160663193641533,-0.019852375846627534,0.036063874326383243,0.001046086009494975,-0.00087073367422940858,0.0014014596718166135
4502321608,4.5023216079999999,0.010116929477788037,accelerate,0,4.6899241277483439,0,0,3.7509695257686411,0,0,1,0,0,0,1.5,0,-9.8066499999999994,0,0,0,1.7019599836760777,0.079411617395831455,-10.083414134032857,0.0044690086237208814,-0.00023374248071443928,0.020956186947373435,0.03171703325314458,-0.019923241595475125,0.035986484905823984,0.0010428628526952791,-0.00086573396352098732,0.0014063540996656799
4511426207,4.5114262070000004,0.0091045993880899852,accelerate,0,4.7241373728949139,0,0,3.7646264248507761,0,0,1,0,0,0,1.5,0,-9.8066499999999994,0,0,0,1.5381733840664009,-0.14783578854595053,-9.6285157646087765,-0.018816648658593237,0.015386618470534545,0.02543830783259891,0.031576153041838848,-0.019864223185438443,0.035964797830073225,0.0010436957275250813,-0.00087002988816435361,0.0014045295509683962
4520370050,4.5203700500000004,0.00894384281295371,accelerate,0,4.7578675941314685,0,0,3.7780421890702067,0,0,1,0,0,0,1.5,0,-9.8066499999999994,0,0,0,1.4443124760199793,0.47163944096082289,-9.6350956296236596,0.015211535874291587,0.036945544308488835,0.0014693814732246254,0.031413347332409858,-0.019941870219299142,0.036006703802459614,0.0010488890869736272,-0.0008698428187574065,0.001401884651748323
4532116634,4.5321166340000003,0.011746583964244687,accelerate,0,4.8023501706019625,0,0,3.7956620650165735,0,0,1,0,0,0,1.5,0,-9.8066499999999994,0,0,0,1.6343173988439448,-0.24218938065267731,-9.7819880787400777,-0.010553445197868744,-0.011311416579012816,0.00995538554457291,0.031469006407090674,-0.01999621086876428,0.035948044500317702,0.0010493246323976359,-0.00087322805629209152,0.0014070673903823932
4543015012,4.5430150120000006,0.010898377690274135,accelerate,0,4.8438058103483685,0,0,3.8120096315519847,0,0,1,0,0,0,1.5,0,-9.8066499999999994,0,0,0,1.6724867982904246,-0.53932304499192452,-9.3518651410952831,-0.010122833026420358,-0.0041572343052373537,0.012524778737332126,0.031470155058513069,-0.020015111494865338,0.035964830923090906,0.0010526610830598551,-0.0008710486029044252,0.0014040152350865212
4554213820,4.5542138200000002,0.011198808333100798,accelerate,0,4.886589835557114,0,0,3.828807844051636,0,0,1,0,0,0,1.5,0,-9.8066499999999994,0,0,0,1.989699078385371,0.23376260195691304,-9.6163213335919568,0.011451880318719071,-0.0013806805310460663,0.0016793992907528205,0.031498927548666115,-0.020104598202524342,0.035983560340889058,0.0010519402643659685,-0.00087414665634822394,0.0014093554977755577
4563337266,4.5633372660000004,0.0091234458058542228,accelerate,0,4.9215841843708787,0,0,3.8424930127604173,0,0,1,0,0,0,1.5,0,-9.8066499999999994,0,0,0,1.6721718281507871,0.35838712120546046,-9.3276339950798981,0.03357023051508496,-0.028832178184002761,0.017380042002240546,0.031500575707000412,-0.020102469762641899,0.035990850287066271,0.0010519652771557176,-0.00088148203365723558,0.001411693033847291
4571533862,4.5715338619999999,0.0081965961864142421,accelerate,0,4.9531299360873771,0,0,3.8547879070400386,0,0,1,0,0,0,1.5,0,-9.8066499999999994,0,0,0,1.1400591604791281,0.40388589271019709,-10.475204302818973,-0.011009804163830033,0.014472091064814632,-0.015490844410190621,0.031497546474532769,-0.020022511968482645,0.035942283255705386,0.0010505534165885315,-0.00087547240754254645,0.0014134224751054705
4582210445,4.5822104450000003,0.01067658324077438,accelerate,0,4.9943713921246937,0,0,3.8708027819012001,0,0,1,0,0,0,1.5,0,-9.8066499999999994,0,0,0,1.790200662402289,-0.58929103901052993,-9.2706593667661679,0.036794856006409409,0.01874451399723525,-0.034638888449800072,0.031495916013817807,-0.019910672200965374,0.035998485697130773,0.0010465435734098318,-0.00087287028465172004,0.0014157997541618574
4591797803,4.5917978030000004,0.0095873582193211765,accelerate,0,5.0315511030693445,0,0,3.885183819230182,0,0,1,0,0,0,1.5,0,-9.8066499999999994,0,0,0,1.8498961454594689,-0.32590403969940762,-9.3971586309671835,-0.017764286146751903,0.0046562219322812785,-0.013951050544675308,0.031563723943641937,-0.019953433154330919,0.036007585719384762,0.0010451446939515623,-0.00087294025577966633,0.0014182177140067698
4601469263,4.6014692630000003,0.0096714597737647401,accelerate,0,5.0691966549413277,0,0,3.8996910088908292,0,0,1,0,0,0,1.5,0,-9.8066499999999994,0,0,0,1.4712072781082874,-0.48347377287808663,-9.2082756479900496,0.0092389171665733967,-0.015125953786498256,-0.013595951497067313,0.031541644672138353,-0.019929012045034146,0.035939848464331903,0.001043817806772001,-0.00087045925962833291,0.0014144636279035075
4612802836,4.6128028360000002,0.0113335731083451,accelerate,0,5.1134904255000997,0,0,3.9166913685533467,0,0,1,0,0,0,1.5,0,-9.8066499999999994,0,0,0,1.2103371139862684,-0.026630233710644029,-10.39832362750405,0.008959681072255133,-0.016733297546963365,-0.021266354291926075,0.031401715778911148,-0.019955709888024524,0.035956637843232074,0.0010495174139755529,-0.00086968723359758882,0.0014176106387782288
4621465487,4.621465487,0.0086626510770690807,accelerate,0,5.1474756373452077,0,0,3.9296853451689504,0,0,1,0,0,0,1.5,0,-9.8066499999999994,0,0,0,1.2163932751519255,0.15608018427384657,-9.9264223481640688,0.030275799350037283,-0.00021245145422820551,-0.007388023824918457,0.031453143801363562,-0.020056690634630538,0.035918852972584889,0.0010473961860401307,-0.00086948991761408561,0.0014153827276854618
4629696461,4.629696461,0.0082309744045493769,accelerate,0,5.1798715885439623,0,0,3.9420318067757742,0,0,1,0,0,0,1.5,0,-9.8066499999999994,0,0,0,1.7959272150700987,-0.50660374418422405,-9.9424519036993466,0.013980499842839654,-0.00028225893516484223,0.0037914288834073576,0.031397931012148876,-0.02008981817931622,0.03592385436588922,0.0010465394175852359,-0.00087128100413367952,0.0014165968384037761
4638247948,4.6382479480000001,0.0085514867175417852,accelerate,0,5.2136366671235432,0,0,3.9548590368520871,0,0,1,0,0,0,1.5,0,-9.8066499999999994,0,0,0,1.4035153442204069,0.49039133888014075,-10.34999975246024,0.018056650000732484,-0.033359174024777088,-0.024338058003026256,0.031320397729974532,-0.020170750378995055,0.035714894439526156,0.0010529826051632978,-0.00087267846775284643,0.0014209249972150602
4649713932,4.649713932,0.011465983685417659,accelerate,0,5.2590816179046218,0,0,3.9720580123802134,0,0,1,0,0,0,1.5,0,-9.8066499999999994,0,0,0,2.0098634804254418,-0.07825156538285416,-9.6868763618413496,-0.0045244313638302218,-0.0057487889089642991,0.02110953495086243,0.031298428704493675,-0.020215600995400887,0.035707948533422677,0.0010563853751296324,-0.00087021103322123356,0.001419060674032746
4659668825,4.6596688250000007,0.0099548930724006404,accelerate,0,5.2986973556173016,0,0,3.9869903519888141,0,0,1,0,0,0,1.5,0,-9.8066499999999994,0,0,0,2.152652096975066,-0.11703718752852132,-9.3142762775478865,0.0042832488037992996,0.0011843163690848908,0.012083855896795418,0.031254814841336985,-0.02011877084165465,0.0358416207508334,0.0010573362484657088,-0.00087199705526273407,0.0014172918854297341
4671252185,4.6712521850000002,0.011583360083131666,accelerate,0,5.3449807311854718,0,0,4.0043653921135114,0,0,1,0,0,0,1.5,0,-9.8066499999999994,0,0,0,1.4228292593842038,0.24368062378524852,-9.4542595344793678,0.031516550853576068,-0.023923531050114594,0.023323450225430937,0.031243721924687131,-0.020015338573598482,0.035739857333754406,0.0010608097576488998,-0.0008721419624513429,0.001419893564970762
4682570707,4.682570707,0.011318521697930619,accelerate,0,5.3904003094626205,0,0,4.0213431746604069,0,0,1,0,0,0,1.5,0,-9.8066499999999994,0,0,0,1.8040182832823111,-0.1237878589281127,-9.5813910541398251,-0.016381248931642233,-0.0092829796831721146,-0.0009813178704893232,0.031124740782925705,-0.019986037136552535,0.035651275545397765,0.0010598171203418344,-0.00087644629957138291,0.0014190494890948002
4693525163,4.6935251630000003,0.010954456042367281,accelerate,0,5.4345419365811001,0,0,4.0377748587239575,0,0,1,0,0,0,1.5,0,-9.8066499999999994,0,0,0,1.7149301319769226,0.21868453307282437,-9.9989834855356214,-0.0038850749807948061,-0.011385736627602954,-0.0012633436732850693,0.031050544197896685,-0.020151977393372274,0.03563633809535309,0.0010643019305981141,-0.00087516692002388566,0.0014235616304388464
4703641195,4.7036411950000003,0.01011603225989488,accelerate,0,5.4754649478916564,0,0,4.0529489071137998,0,0,1,0,0,0,1.5,0,-9.8066499999999994,0,0,0,1.7038015819230343,-0.13155701548701909,-9.6417411958527612,0.0038848211310697064,-0.013239786855264241,-0.0047153205044989264,0.031191811147733429,-0.020219504995243505,0.035596956926859595,0.0010581683692565695,-0.00088038452104427587,0.0014230609791767539
4714158304,4.7141583040000006,0.01051710876589026,accelerate,0,5.5181732095529634,0,0,4.0687245702626349,0,0,1,0,0,0,1.5,0,-9.8066499999999994,0,0,0,1.7914713537604243,-0.19892587142710885,-9.9468569835023395,0.0050060880022456278,-0.024175542308773772,-0.019229892759596294,0.031297168724007729,-0.020328009918026548,0.035679347280340626,0.0010482094895209221,-0.00088342246561307406,0.001429253223435535
4723357004,4.7233570040000004,0.0091986997004350809,accelerate,0,5.5556636470957246,0,0,4.0825226198132878,0,0,1,0,0,0,1.5,0,-9.8066499999999994,0,0,0,2.298223636418721,-0.066472422879244014,-9.5617287348300852,0.0012662105666728077,-0.0040106424073428392,-0.018878037588681985,0.031517389433540287,-0.020162984470840185,0.035677641714495049,0.0010554733220739633,-0.00088628547533705184,0.0014328400530669563
4735059448,4.7350594480000003,0.011702443765799524,accelerate,0,5.6035418488692628,0,0,4.100076285461987,0,0,1,0,0,0,1.5,0,-9.8066499999999994,0,0,0,1.5097201281545376,0.55638883988415078,-9.7280427800865255,0.0092168114230537935,-0.0044160915209181858,-0.00072455932752007166,0.031392858348048593,-0.020192303281336175,0.035706424309703381,0.0010578840882293522,-0.00088649646647469336,0.0014394816243271686
4744870355,4.7448703550000007,0.009810906848506851,accelerate,0,5.6438395057975947,0,0,4.114792645734747,0,0,1,0,0,0,1.5,0,-9.8066499999999994,0,0,0,1.8955358015502513,-0.10549095254640659,-10.408727703818293,0.00024844919628401647,-0.0095261025935750032,0.0090185820608012675,0.031305649393985009,-0.020049203656412232,0.035697932557570776,0.0010581057715118988,-0.00089361207685452893,0.0014333090094296919
4755571308,4.7555713080000004,0.010700953249494653,accelerate,0,5.687957592331303,0,0,4.130844075608989,0,0,1,0,0,0,1.5,0,-9.8066499999999994,0,0,0,1.6029542706522737,-0.15087830184641532,-9.7964417327231725,-0.020047520432283712,-0.0021176805801034252,0.010767533322864694,0.031322483156829818,-0.020125766943272311,0.035598965234066277,0.001058299895368621,-0.00089142026823111915,0.001420747534446394
4765447035,4.7654470350000002,0.0098757273249263627,accelerate,0,5.7288258295364516,0,0,4.1456576665963789,0,0,1,0,0,0,1.5,0,-9.8066499999999994,0,0,0,1.191977473661495,0.085724085773281833,-9.5360268575963882,-0.0014715782037087171,-0.0091143053573016219,0.017512454566231343,0.03114622877544241,-0.020148419494931437,0.035708734851828489,0.0010549444098855679,-0.00089010485594122975,0.0014202851705885325
4775018331,4.7750183310000001,0.0095712964879444279,accelerate,0,5.7685738554883104,0,0,4.1600146113282959,0,0,1,0,0,0,1.5,0,-9.8066499999999994,0,0,0,1.8537434640088253,-0.16702152016507241,-9.3420808202157204,0.016577514461731589,0.038379814560683498,0.026343732664534082,0.030973924993525071,-0.020098261437952982,0.035682481278483696,0.0010523389492299163,-0.00089160603185761082,0.0014214357861572116
4784596052,4.7845960520000004,0.009577721141453133,accelerate,0,5.8084861149366809,0,0,4.1743811930404755,0,0,1,0,0,0,1.5,0,-9.8066499999999994,0,0,0,1.2698180295266872,-0.15110706515019293,-9.8825749354196581,0.014178945270548237,0.013640856738947176,0.021457164916476305,0.030921809787910769,-0.020001066019898431,0.03556438092931391,0.0010486279689418201,-0.0008962220054833589,0.0014217375272406018
4796116495,4.7961164950000006,0.011520443461780362,accelerate,0,5.8566763779221898,0,0,4.1916618582331457,0,0,1,0,0,0,1.5,0,-9.8066499999999994,0,0,0,2.0570677919756539,0.26557289091693986,-9.8392072436963467,0.0016519093938608801,-0.0096468481372920679,0.0081217910274705794,0.030936257626301152,-0.020005667799652287,0.0355039026044335,0.0010495743621544585,-0.00089949173044647109,0.0014190949912935289
4804811749,4.8048117490000006,0.0086952536995823886,accelerate,0,5.8931806467800651,0,0,4.2047047387825192,0,0,1,0,0,0,1.5,0,-9.8066499999999994,0,0,0,1.1701095462672315,0.1884812480462538,-9.6941325719483071,-0.01166363432754778,-0.0052175897974461021,-0.0076028625737209719,0.030951882608980758,-0.019864328116192233,0.035519415074620607,0.0010490391256167625,-0.00090317941474052745,0.0014219055819760709
4812925859,4.8129258589999999,0.0081141100189281515,accelerate,0,5.9273474627137048,0,0,4.2168759038109114,0,0,1,0,0,0,1.5,0,-9.8066499999999994,0,0,0,1.6111793179943814,0.41634577559464359,-9.4210778289219714,0.028173092437228448,0.017872134644759115,-0.00048738405251641417,0.03110696674433339,-0.019822151035781978,0.035591417515515894,0.0010453556043436341,-0.0009018628194473712,0.0014241742098828674
4823424875,4.8234248750000006,0.010499016179440887,accelerate,0,5.9717031830600629,0,0,4.2326244280800731,0,0,1,0,0,0,1.5,0,-9.8066499999999994,0,0,0,1.8298922377455122,-0.2302536982341821,-9.9530603965373299,-0.0072352649614736697,-0.010154687759183221,0.0046309933697604843,0.031129656100931647,-0.019814912390567232,0.035558224831107627,0.0010469729349408972,-0.00090248928676147516,0.0014256614128195129
4832435910,4.8324359100000001,0.0090110350534016431,accelerate,0,6.0099044092139264,0,0,4.2461409806601758,0,0,1,0,0,0,1.5,0,-9.8066499999999994,0,0,0,1.5037610457206081,0.43656236299301815,-10.061938441062146,0.0098322210964097417,-0.035570742314283331,0.0071501476689563165,0.031149951757256378,-0.019883226328809182,0.035733906015738934,0.0010440580336789817,-0.00089926092607605648,0.0014294768297137572
4843865557,4.843865557,0.011429646920752413,accelerate,0,6.0585342790201597,0,0,4.2632854510413045,0,0,1,0,0,0,1.5,0,-9.8066499999999994,0,0,0,1.9282604423514553,-0.19782558256870403,-10.329027694536412,0.016559865487345567,0.010349258740399638,0.0078910420993687572,0.031271791048152954,-0.01977658198529195,0.035741212518627496,0.0010446573185287121,-0.00090089206245705248,0.001432590241141654
4855265929,4.8552659290000006,0.011400371545006192,accelerate,0,6.1072347935179732,0,0,4.2803860083588141,0,0,1,0,0,0,1.5,0,-9.8066499999999994,0,0,0,1.8091326764898508,-0.025028159370180058,-9.9967571415800087,0.012878550727403527,0.012696918113866992,0.022787861542824309,0.031255879046016351,-0.019825945847416971,0.035745235798107546,0.0010389861324989682,-0.00090151119376540815,0.0014305301277320764
4864167817,4.8641678170000002,0.0089018883237698288,accelerate,0,6.1453977444588066,0,0,4.293738840844469,0,0,1,0,0,0,1.5,0,-9.8066499999999994,0,0,0,1.9261024821309156,-0.64825930222862993,-9.4553906316609737,0.015045831464375062,-0.016922085562055121,0.018847083534441561,0.03137328068369237,-0.019863383495617188,0.035764986781231099,0.0010338023301811753,-0.00089676205855455352,0.0014395874689782466
4875493156,4.8754931560000001,0.011325338566228615,accelerate,0,6.1941219880165654,0,0,4.310726848693812,0,0,1,0,0,0,1.5,0,-9.8066499999999994,0,0,0,1.880971473544033,-0.38624919404503005,-9.9880713117430098,0.025253691892158536,-0.01030412445903775,0.0014049148561141632,0.031435547441293739,-0.019847910260738049,0.035700484683503932,0.001038795996897265,-0.00089846102600118073,0.0014340050913058257
4885689607,4.8856896070000007,0.010196451016900632,accelerate,0,6.2381540788865157,0,0,4.3260215252191632,0,0,1,0,0,0,1.5,0,-9.8066499999999994,0,0,0,1.9848832388598003,0.11372661721090349,-9.4028067408844223,0.016930757872336579,-0.005759105839068265,-0.019523006236253467,0.03143755759816852,-0.019889061685390196,0.035670015001485096,0.0010409476127372628,-0.00090356487724221662,0.0014301992242938195
4895858456,4.895858456,0.010168849026006708,accelerate,0,6.2822222927776101,0,0,4.3412747987581728,0,0,1,0,0,0,1.5,0,-9.8066499999999994,0,0,0,1.8401884101322783,-0.53888729542668834,-9.6065333467120517,0.016945799724293109,0.0030311570751144793,0.010531017750366845,0.031352467401603377,-0.019862729156203667,0.035707745701184568,0.0010367983687542242,-0.00090312331349344434,0.0014284376654967006
4906671480,4.90667148,0.010813023940642194,accelerate,0,6.3292522922245444,0,0,4.3574943346691359,0,0,1,0,0,0,1.5,0,-9.8066499999999994,0,0,0,1.0696726710339428,-0.33617269883113354,-9.9528801300637824,-0.0198381306517195,-0.00022496911805403659,0.01484814505645116,0.031382083545541839,-0.019869044064198895,0.035752840629399027,0.0010395973749512304,-0.00090631354342244729,0.0014200431882135879
4915637316,4.9156373160000006,0.0089658356492496229,accelerate,0,6.3683811599283917,0,0,4.3709430881430107,0,0,1,0,0,0,1.5,0,-9.8066499999999994,0,0,0,1.2853733299876025,0.14629653669529968,-9.6181952636081274,0.016523960833952276,-0.025959125717851261,0.0079267728440544499,0.031316539900900608,-0.019948839452312607,0.035787608091691993,0.0010440256996232299,-0.00090577398833212785,0.001415747431312371
4924931597,4.9249315970000005,0.0092942814213151474,accelerate,0,6.4090707228164989,0,0,4.3848845102749836,0,0,1,0,0,0,1.5,0,-9.8066499999999994,0,0,0,1.4013041812431821,0.022244988253650459,-9.5329851671609891,-0.013720400629850558,-0.00050172127131530866,0.03343723540200022,0.031175037252196801,-0.019849137427486837,0.03586818590293285,0.0010445797697476505,-0.00091217484592430052,0.0014118562559953648
4933655370,4.9336553700000003,0.0087237726097980639,accelerate,0,6.4473805363607735,0,0,4.3979701691896809,0,0,1,0,0,0,1.5,0,-9.8066499999999994,0,0,0,1.7126936259522658,0.76537528369400298,-10.005941935952464,0.0014012776280560284,-0.014587249443072768,-0.0017998865555978569,0.031168221392047109,-0.019908875777308824,0.035734470541756651,0.0010477665508195264,-0.00091505549490754367,0.001411274717037338
4943513071,4.9435130709999999,0.0098577006426182265,accelerate,0,6.49080729042028,0,0,4.4127567201536086,0,0,1,0,0,0,1.5,0,-9.8066499999999994,0,0,0,1.6279842285663888,0.18918208006886938,-9.8658582967359276,0.0026052231256566295,-0.023473483457601786,-0.0072709812113645389,0.03107920093200214,-0.020016355274125222,0.035715063992998071,0.0010539325846970402,-0.00091384784555995904,0.0014096834919109854
4954134037,4.9541340370000002,0.010620965835781246,accelerate,0,6.5377596324731089,0,0,4.4286881689072803,0,0,1,0,0,0,1.5,0,-9.8066499999999994,0,0,0,1.3308054551385056,-0.32887711689825927,-9.8308069377501326,0.0053509477260696263,-0.0014396491739913963,0.0050506446751247564,0.031019674467851793,-0.019997720581892527,0.035633924790299407,0.0010608368730958316,-0.00091093829885823539,0.0014025925076856776
4963035066,4.9630350660000007,0.008901028621652908,accelerate,0,6.5772389338538204,0,0,4.4420397118397599,0,0,1,0,0,0,1.5,0,-9.8066499999999994,0,0,0,1.2890795592678888,0.120351777445139,-9.8932063912338002,0.017957015196995722,0.012849732232751678,-0.0033134323757500199,0.030960621180735767,-0.020187119548532452,0.035710243832697504,0.0010641411844067538,-0.00090956002704048542,0.0014017413836806187
4972895212,4.9728952120000001,0.0098601461402530559,accelerate,0,6.6211110114347989,0,0,4.4568299310501391,0,0,1,0,0,0,1.5,0,-9.8066499999999994,0,0,0,1.7039658342225381,-0.001749365507934024,-9.6498874834723871,0.015039973365950919,-0.020010391396813838,-0.0060798727587385946,0.030987427336923092,-0.020092274587082556,0.035750096692817972,0.0010637572462608225,-0.00090549242460917967,0.0013995532579797222
4983302112,4.9833021120000005,0.010406900123735328,accelerate,0,6.6675740230733513,0,0,4.472440281235742,0,0,1,0,0,0,1.5,0,-9.8066499999999994,0,0,0,1.331472007700941,0.027448744990338472,-9.5330671599196481,0.005007835516519398,0.013326558592292133,0.013307551475172806,0.03086068021101427,-0.02019905200458048,0.035875633304018516,0.0010624098796400199,-0.00091256490398252928,0.0013987589879358977
4994864146,4.9948641460000003,0.011562034307632618,accelerate,0,6.7193847915218354,0,0,4.4897833326971908,0,0,1,0,0,0,1.5,0,-9.8066499999999994,0,0,0,1.6018039050989317,0.39300360498731268,-9.835328725047173,-0.01279726432513349,0.0027271495111524341,0.0012118016429983082,0.030886992012135534,-0.020293891550616418,0.035725861517386048,0.0010620189925237909,-0.00090950585753615777,0.0013963429752289849
5006844182,5.006844182,0.01198003636959024,accelerate,0,6.7732802000926906,0,0,4.5077533872515758,0,0,1,0,0,0,1.5,0,-9.8066499999999994,0,0,0,1.2671467262455738,-0.12219516897991192,-9.8299865162133795,-0.015094829411287824,-0.017059508842201546,-0.01622706455058907,0.030938839204373045,-0.020329978192387188,0.035681359835828375,0.0010650262210876865,-0.00090848501127421767,0.0013997869954257664
5015232482,5.015232482,0.0083882999622024654,constant_velocity,0,6.8110925876605908,0,0,4.5077533872515758,0,0,1,0,0,0,0,0,-9.8066499999999994,0,0,0,-0.1073358218611269,-0.24613310019185705,-9.9555758614596233,-0.011726001964603319,-0.0070461802788025279,0.0012327167502252517,0.031091222248865472,-0.020263780325889973,0.035789145293330243,0.0010628107470172534,-0.00091279006886284871,0.0013983257959911315
5023930391,5.0239303910000004,0.0086979092868340029,constant_velocity,0,6.8503006177103236,0,0,4.5077533872515758,0,0,1,0,0,0,0,0,-9.8066499999999994,0,0,0,-0.41531945405063447,0.2613020729888802,-9.5755965656557844,0.013932705892024069,0.021377413441762836,0.0084132550081756387,0.03110694933846999,-0.020190800330397597,0.035827271166463316,0.0010664783022003926,-0.0009086916929603254,0.0014006877524528035
5032287406,5.032287406,0.0083570149332814463,constant_velocity,0,6.8879719800831349,0,0,4.5077533872515758,0,0,1,0,0,0,0,0,-9.8066499999999994,0,0,0,0.0070007291712760565,0.69618272020737471,-10.159519690094205,0.00067208966737451769,0.039806187326663252,-0.0098813716888673866,0.031167518513541815,-0.020115990583414112,0.035930839396452502,0.0010687368253261228,-0.00090899010332214883,0.0014030792576239738
5040807319,5.0408073190000007,0.0085199127633024188,constant_velocity,0,6.9263776457009998,0,0,4.5077533872515758,0,0,1,0,0,0,0,0,-9.8066499999999994,0,0,0,0.41517688303269512,0.14655167499708416,-9.7298369402495535,0.023221468427113007,-0.010161574997292091,0.0042477474905623742,0.031111435609222748,-0.020167035929103187,0.035895414926477805,0.0010746076648791034,-0.00091433103279980605,0.0014018051324508373
5049107128,5.0491071280000002,0.008299809430366992,constant_velocity,0,6.9637911397742789,0,0,4.5077533872515758,0,0,1,0,0,0,0,0,-9.8066499999999994,0,0,0,-0.50182421852726722,0.22744376497181837,-9.3601364025326301,-0.025674774228586196,-0.020230088789135695,-0.021271631048676055,0.031005754043177267,-0.02019918387901163,0.035865628478155942,0.0010729884192406129,-0.00091462995499217348,0.001406345097718838
5060307173,5.060307173,0.011200044500165504,constant_velocity,0,7.0142781783072685,0,0,4.5077533872515758,0,0,1,0,0,0,0,0,-9.8066499999999994,0,0,0,-0.088499846920181285,-0.04733596090285562,-9.5824371552215197,-0.0010862297132942613,0.0042173505672975361,0.018117032994274251,0.030942146931778332,-0.02017698947927813,0.03593487915835266,0.0010722200932643661,-0.00091979070144483546,0.0014089199185028994
5071867004,5.0718670040000005,0.011559830753818393,constant_velocity,0,7.0663870445438484,0,0,4.5077533872515758,0,0,1,0,0,0,0,0,-9.8066499999999994,0,0,0,0.43517846434269225,0.20698055181843164,-10.000394761097537,0.01805143945932116,-0.0061268668753498992,0.011097792228304388,0.030863208778101864,-0.020105078683956029,0.036057987509301039,0.0010691850866670393,-0.00092424145524891692,0.0014030225194144028
5082967927,5.0829679270000003,0.011100923246458189,constant_velocity,0,7.1164272689096899,0,0,4.5077533872515758,0,0,1,0,0,0,0,0,-9.8066499999999994,0,0,0,-0.41412102979559851,0.18484710255406991,-9.1411197392264061,-0.0070767751544374407,0.016271969627104758,0.0020171502139258875,0.030890328532876751,-0.020208394162268686,0.036061234140733485,0.0010729712894599719,-0.00092557415935488614,0.0014041422975000245
5093817226,5.0938172260000005,0.010849299480348443,constant_velocity,0,7.1653332353915378,0,0,4.5077533872515758,0,0,1,0,0,0,0,0,-9.8066499999999994,0,0,0,0.4860440383103421,-0.5302549371719627,-9.8342042242839298,0.0037711042132435443,-0.0083077711225294452,-0.01041176594645422,0.030869282409354482,-0.020315175571798263,0.036144000432499469,0.0010677072832877242,-0.00092631720412747248,0.0013963504201125884
5104420082,5.1044200820000007,0.010602856202182749,constant_velocity,0,7.213128296351468,0,0,4.5077533872515758,0,0,1,0,0,0,0,0,-9.8066499999999994,0,0,0,-0.034334800237153226,0.064114343348708858,-10.133355937223611,0.015936532245977804,0.00053015678897215133,-0.019069407368547613,0.030819469659630061,-0.020338053156630918,0.03613653714677207,0.0010700201267367401,-0.00092889791093603822,0.0013887055664788968
5115529619,5.1155296190000001,0.011109537157529228,constant_velocity,0,7.2632073501041177,0,0,4.5077533872515758,0,0,1,0,0,0,0,0,-9.8066499999999994,0,0,0,-0.32611686360596548,0.099271417667000261,-9.523993002081335,0.033107972856758962,-0.01492956698260826,0.0026216949869615558,0.030798672180065066,-0.020364509485955785,0.035984356310536529,0.0010681960200858429,-0.00092703461964866731,0.0013893309157308967
5126030591,5.1260305910000001,0.010500971549701161,constant_velocity,0,7.3105431401767156,0,0,4.5077533872515758,0,0,1,0,0,0,0,0,-9.8066499999999994,0,0,0,-0.15365537517309513,0.16137735015061214,-9.6491125772158455,0.0054592162862077149,0.0082428886754970405,-0.0032993890292508142,0.030743888477258466,-0.020247661542275228,0.035966686762430491,0.0010671831620302431,-0.00092418252677770919,0.0013891451574441188
5134760048,5.1347600480000004,0.008729457239247616,constant_velocity,0,7.3498933806158018,0,0,4.5077533872515758,0,0,1,0,0,0,0,0,-9.8066499999999994,0,0,0,0.43566625198257247,0.13643733752747575,-9.4521771484959345,0.0009603887499710441,0.0080440530143771043,0.0017546914337867965,0.030704712787068471,-0.02021779049758362,0.035973845413128508,0.0010689567873364779,-0.00092040613237348687,0.0013880746206502243
5144837477,5.1448374770000003,0.010077428736742326,constant_velocity,0,7.3953199441386381,0,0,4.5077533872515758,0,0,1,0,0,0,0,0,-9.8066499999999994,0,0,0,0.4142611416447578,0.24670700393636236,-10.269330960310837,0.031942666467738842,-0.0140496307399634,0.035300277097452655,0.030740217804602062,-0.020150543258130416,0.03588326144204506,0.0010655173033495865,-0.00092385634527950066,0.0013918800834961582
5153985704,5.1539857040000001,0.0091482271075465291,constant_velocity,0,7.4365578958700276,0,0,4.5077533872515758,0,0,1,0,0,0,0,0,-9.8066499999999994,0,0,0,0.65942314278403114,-0.25690780657075585,-9.8746778865007538,-0.0028578480041564812,-0.00015070638560965393,0.019438310823285298,0.030590721842007021,-0.020163410822350278,0.035843609524253139,0.0010743783482598504,-0.00092751948919401962,0.0013913951584298542
5165786953,5.1657869530000005,0.011801248896871657,constant_velocity,0,7.4897550155586998,0,0,4.5077533872515758,0,0,1,0,0,0,0,0,-9.8066499999999994,0,0,0,0.30408832289752347,-0.048839613615935897,-10.394174865277405,-0.002881315166262173,0.011856023388865357,-0.036975490278487955,0.030621932636662616,-0.020221350255531609,0.035639107509660192,0.0010678997160823644,-0.000926297817084212,0.0013937459925341751
5176947224,5.1769472240000001,0.011160270830452967,constant_velocity,0,7.5400627641973195,0,0,4.5077533872515758,0,0,1,0,0,0,0,0,-9.8066499999999994,0,0,0,0.1373674940338358,0.10474128781303307,-9.3286056877846342,0.010827182135573066,0.010274237790371501,-0.0045659364002624166,0.030672361460588049,-0.020094654418852033,0.035705980172952768,0.0010637850428844441,-0.00092368195112442302,0.0013910321693258504
5186694102,5.1866941020000006,0.0097468778613796249,constant_velocity,0,7.5839992858920811,0,0,4.5077533872515758,0,0,1,0,0,0,0,0,-9.8066499999999994,0,0,0,-0.2451663498536005,0.071086960051631246,-9.3890109443740197,-0.0099615596272389067,-0.0019632620295442281,0.0017941713227611594,0.030713290861258874,-0.020082138854828128,0.035694342542356233,0.0010666139897142527,-0.0009303798666046066,0.0013924555196679128
5194890238,5.1948902380000002,0.0081961357565523887,constant_velocity,0,7.6209454446110536,0,0,4.5077533872515758,0,0,1,0,0,0,0,0,-9.8066499999999994,0,0,0,0.16266999187445555,0.32339492009106885,-9.8970632495712945,0.0056307744674463792,-0.0023483925936943826,-0.014503102645633224,0.0307757551646222,-0.020284329384271271,0.035610094037743782,0.0010643695065461281,-0.00093358696716512059,0.0013891189011466692
5203726669,5.2037266689999999,0.0088364314039959535,constant_velocity,0,7.6607778982036328,0,0,4.5077533872515758,0,0,1,0,0,0,0,0,-9.8066499999999994,0,0,0,0.22959052263100629,-0.36101290403240477,-9.8037243056518726,0.00065196459817151785,-0.0038697112630745826,-0.0085456639930786421,0.030620035382159686,-0.020292627009008281,0.035518508156920196,0.0010649475453047284,-0.0009359851419688635,0.0013915302271650435
5213959808,5.2139598080000003,0.010233138944187099,constant_velocity,0,7.7069063649415082,0,0,4.5077533872515758,0,0,1,0,0,0,0,0,-9.8066499999999994,0,0,0,-0.37566072578908627,-0.39412608502351254,-10.050424572825268,0.0012636302377768604,0.009498556492001993,0.019184136201677703,0.030657584714406171,-0.020295317103533269,0.035477807328742367,0.0010653315951300606,-0.00093799188292858831,0.0013953443909931181
5223326258,5.2233262580000002,0.0093664496169621747,constant_velocity,0,7.7491280099288904,0,0,4.5077533872515758,0,0,1,0,0,0,0,0,-9.8066499999999994,0,0,0,-0.034669932349966751,-0.39494352297058311,-9.5292940319088117,-0.0031708497429893652,-0.014081991726261876,0.008575013067121294,0.030699888094993497,-0.020252405383405541,0.035467485166109557,0.0010620716593866453,-0.00093083001663585958,0.0013923706123408278
5232945725,5.2329457250000004,0.009619466787069578,constant_velocity,0,7.7924901939218572,0,0,4.5077533872515758,0,0,1,0,0,0,0,0,-9.8066499999999994,0,0,0,-0.34233863557056093,0.47474950320732123,-9.5356429876765585,-0.0015804615508730898,-0.0067827551152427855,0.011174612145227355,0.030706743125510302,-0.020473282767958692,0.035419199098933228,0.0010581646373548428,-0.00093723930726194395,0.0013945891435082206
5241107372,5.2411073720000001,0.0081616466940151542,constant_velocity,0,7.8292808844523547,0,0,4.5077533872515758,0,0,1,0,0,0,0,0,-9.8066499999999994,0,0,0,-0.1738319903669793,-0.22165000493315284,-9.1832020924328042,-0.021432493467939306,-0.038664256482740814,0.024378444444204343,0.030797216228643339,-0.020493260909029198,0.0354789418949795,0.0010558320924702281,-0.00093889715442209095,0.0013923129570946216
5251236913,5.2512369130000005,0.010129541071498162,constant_velocity,0,7.8749423575287043,0,0,4.5077533872515758,0,0,1,0,0,0,0,0,-9.8066499999999994,0,0,0,-0.096458805861891872,-0.047475220122925564,-9.7052951137128129,-0.023361207861058858,0.028279512594094593,-0.00031600322722366591,0.030908560677182201,-0.020491785365208275,0.035370042182119983,0.0010546880249737889,-0.00093679437062858676,0.0013948929332209771
5262211989,5.2622119890000008,0.010975075923774492,constant_velocity,0,7.9244152931994423,0,0,4.5077533872515758,0,0,1,0,0,0,0,0,-9.8066499999999994,0,0,0,-0.067220719265130763,-0.33061096433557424,-9.7124743338201682,0.019430207896373022,-0.0066375103099195242,0.0059548252640608985,0.030891567836454473,-0.020523558555558527,0.03541144402607261,0.0010510272767759138,-0.00093724657926986849,0.0013916530675182294
5274165360,5.2741653600000005,0.011953371015953534,constant_velocity,0,7.9782981418856815,0,0,4.5077533872515758,0,0,1,0,0,0,0,0,-9.8066499999999994,0,0,0,0.3505215985804232,-0.018936990966111143,-9.5710859477687258,-0.018268861463875206,0.015300098406599925,-0.012596887619737901,0.031026430050111402,-0.020483045787003669,0.035516697450042073,0.0010536412072881445,-0.00093391538057902034,0.0013911580294490556
5285453412,5.2854534120000007,0.011288052226478752,constant_velocity,0,8.0291818975450635,0,0,4.5077533872515758,0,0,1,0,0,0,0,0,-9.8066499999999994,0,0,0,0.13037079750601113,-0.22621054886192246,-10.022756715664213,0.00027886787866179125,-0.010772455816427632,0.00082969850853367385,0.031040125240306044,-0.020604577849269032,0.035498441990784238,0.0010577791662639937,-0.00093299241016096531,0.0013892309066486903
5294599228,5.294599228,0.0091458162859719139,constant_velocity,0,8.0704089818873346,0,0,4.5077533872515758,0,0,1,0,0,0,0,0,-9.8066499999999994,0,0,0,0.063780210729186909,-0.34150346362032369,-9.5528205749286137,-0.011825407175268622,-0.010417084067958698,0.019142245509799028,0.031010857291840513,-0.020550543585538646,0.035613498145952167,0.0010561150886951333,-0.00093552325535444609,0.0013895376912953657
5306339934,5.3063399340000004,0.011740706185858591,constant_velocity,0,8.1233331899653649,0,0,4.5077533872515758,0,0,1,0,0,0,0,0,-9.8066499999999994,0,0,0,-0.2862377803927576,-0.031826514543719847,-10.329802434688755,0.010555418924036337,-0.0088828237646394626,-0.01959174627908716,0.030869065187830603,-0.020564593256856958,0.035649076994724929,0.0010582658760453353,-0.0009381318096546036,0.0013872866263712692
5316535705,5.3165357050000006,0.010195770946301074,constant_velocity,0,8.1692932109841951,0,0,4.5077533872515758,0,0,1,0,0,0,0,0,-9.8066499999999994,0,0,0,-0.12867240044975206,0.042228256733579085,-9.8782950976757853,0.007972429689490846,0.0050951846970145407,0.0046451019494024061,0.030770433680217427,-0.020718764885369619,0.035563518983733979,0.0010651678815972853,-0.00093123584737527009,0.0013876197127423945
5326267323,5.3262673230000006,0.0097316180180093241,constant_velocity,0,8.2131609450683154,0,0,4.5077533872515758,0,0,1,0,0,0,0,0,-9.8066499999999994,0,0,0,0.03437931535066753,0.24933232189469384,-9.5571351200180263,0.019050318813281224,0.013009836494337538,0.033105777031599608,0.030656612197626051,-0.020798737316264811,0.035607087167511056,0.001063285277766571,-0.0009329206767626719,0.0013906404679502723
5336405449,5.3364054489999999,0.010138125799903563,constant_velocity,0,8.2588611159832137,0,0,4.5077533872515758,0,0,1,0,0,0,0,0,-9.8066499999999994,0,0,0,0.20198434947391752,0.2109596870504567,-10.087184005622692,-0.010227585817062578,0.00011959571754879036,-0.029094948256973997,0.030569429876801224,-0.020720897646519302,0.035747438856433673,0.0010638308435204618,-0.00092901420064389173,0.0013933318493001569
5347055564,5.3470555640000006,0.010650114775570487,constant_velocity,0,8.3068692069374102,0,0,4.5077533872515758,0,0,1,0,0,0,0,0,-9.8066499999999994,0,0,0,-0.086433569704606486,-0.49839426752674432,-9.8737952281309198,-0.00099618682034460088,-0.025441851901240486,-0.014729306013505495,0.030514299997288538,-0.020505302575583379,0.035856079720728108,0.0010607422477988309,-0.00093298210723421148,0.001398257706631005
5355978163,5.3559781630000005,0.0089225989380021693,constant_velocity,0,8.3470900825232768,0,0,4.5077533872515758,0,0,1,0,0,0,0,0,-9.8066499999999994,0,0,0,-0.10187362043663045,0.12660125211269041,-9.9799407352115104,-0.022299176060048446,-0.022150860792295862,-0.0037945600995496808,0.03044741172724167,-0.02045886003887577,0.035787073852440898,0.0010669595852022297,-0.00093480509042529727,0.0014050909085626107
5366498346,5.3664983460000002,0.010520182539880648,constant_velocity,0,8.3945124710019279,0,0,4.5077533872515758,0,0,1,0,0,0,0,0,-9.8066499999999994,0,0,0,-0.34740046277399689,0.53694267985150645,-9.4576430437370931,-0.0077749958006850094,-0.0086973264663534472,-0.00035652221208306981,0.030410092199858917,-0.020412521424149795,0.035640161000963969,0.0010592565651115263,-0.00093816301245783478,0.001410173243543069
5375621004,5.3756210040000001,0.0091226575756436726,constant_velocity,0,8.4356351615892713,0,0,4.5077533872515758,0,0,1,0,0,0,0,0,-9.8066499999999994,0,0,0,0.29482363276485102,0.23445576730617027,-10.367265947709527,0.0028311563730150004,-0.0054203524415597218,-0.012204539182594183,0.030327410467259161,-0.020417766050243064,0.035584646600815673,0.0010592709888877846,-0.00092796566898148251,0.0014085396665128641
5387570371,5.3875703710000007,0.011949367274421172,constant_velocity,0,8.4894999623960565,0,0,4.5077533872515758,0,0,1,0,0,0,0,0,-9.8066499999999994,0,0,0,0.40681123009660192,-0.0038657719095888526,-10.141866146338739,0.0099388821549159824,-0.0033609840357354259,-0.006880911553730276,0.030349882926364785,-0.02029762087413484,0.035497754045818362,0.0010607575929941081,-0.00092766813839570699,0.0014109651173653546
5398965640,5.3989656400000001,0.011395268866391825,constant_velocity,0,8.5408670242271771,0,0,4.5077533872515758,0,0,1,0,0,0,0,0,-9.8066499999999994,0,0,0,0.1282406412114252,0.1338140511678988,-9.2758745268457083,-0.017770255079481521,0.0011032928352442306,0.0067639873574844873,0.030482731097591823,-0.020335061120625979,0.035411022071873702,0.0010684040834513264,-0.00093202377284026512,0.001416220038006178
5408828493,5.4088284930000006,0.0098628531728581909,constant_velocity,0,8.585326334025094,0,0,4.5077533872515758,0,0,1,0,0,0,0,0,-9.8066499999999994,0,0,0,0.71719725534502965,0.69004701935135515,-9.3762467148216437,0.011772627849491121,0.01552183422212358,0.0063284549268150274,0.030411147922423276,-0.020270554258883116,0.035231944938352286,0.0010690929033407752,-0.00093432491603395609,0.0014120515540159012
5419293825,5.4192938250000005,0.010465332260295378,constant_velocity,0,8.6325014709701531,0,0,4.5077533872515758,0,0,1,0,0,0,0,0,-9.8066499999999994,0,0,0,-0.09614008627172059,-0.1833966445405969,-10.056687523079436,-0.0030617745143123251,-0.011367418919581323,0.0039464699194096788,0.030354999540191344,-0.020295153468036987,0.035323719537640935,0.0010683054112245922,-0.00093555180382063079,0.0014089591584010924
5430177685,5.4301776850000003,0.01088385984307638,constant_velocity,0,8.6815632270441512,0,0,4.5077533872515758,0,0,1,0,0,0,0,0,-9.8066499999999994,0,0,0,-0.28995999591398791,-0.11951532960176715,-9.4847669456311134,-0.011034415741319642,-0.0020375318031962981,0.013055497851472258,0.030206389379386956,-0.020223263609536385,0.035259372424436365,0.0010653472477530495,-0.00093925561972668756,0.0014108865847781722
5438706161,5.4387061610000007,0.008528476006688112,constant_velocity,0,8.7200074936513925,0,0,4.5077533872515758,0,0,1,0,0,0,0,0,-9.8066499999999994,0,0,0,0.019161201517533796,0.11228662127922297,-9.4535475712150046,-0.017729312141087722,0.022820703305117863,-0.0085232044867031564,0.030206337313269289,-0.020023539011693306,0.035317135750733329,0.0010710267993701975,-0.00094834786866494097,0.0014094692580950041
5447967727,5.447967727,0.0092615659576788557,constant_velocity,0,8.7617563489683725,0,0,4.5077533872515758,0,0,1,0,0,0,0,0,-9.8066499999999994,0,0,0,0.30303900061366057,0.4310234473979383,-9.6732480891164414,0.0032974656612610965,-0.003476874553504919,0.0041754842950227685,0.030230161011224211,-0.019993784213794608,0.03533988565372178,0.0010752082737430636,-0.00095025118588317229,0.0014107119534669771
5457568092,5.4575680920000007,0.0096003647969816579,constant_velocity,0,8.8050324259008175,0,0,4.5077533872515758,0,0,1,0,0,0,0,0,-9.8066499999999994,0,0,0,0.23179374967494903,0.08580812572291556,-9.7200525706627978,0.01245875963962783,-0.0051338420709129105,-0.003484626795609758,0.030187888120654861,-0.01994098535289968,0.035257185690285409,0.0010748936428231503,-0.00094951125163392376,0.0014143442902389072
5468991018,5.4689910180000005,0.011422926064829718,constant_velocity,0,8.8565241595618787,0,0,4.5077533872515758,0,0,1,0,0,0,0,0,-9.8066499999999994,0,0,0,-0.018484229852446164,-0.072256721224415316,-9.7193452142099748,-0.067509200586725895,0.011324331292477664,0.0032825490191674112,0.030209045269337823,-0.019981218289702299,0.035259490376380577,0.0010797950647395331,-0.00095265844608069061,0.0014115130260332039
5478994064,5.4789940640000001,0.010003046475035245,constant_velocity,0,8.9016154261925529,0,0,4.5077533872515758,0,0,1,0,0,0,0,0,-9.8066499999999994,0,0,0,-0.27983600410561704,0.33809345222474141,-9.8948521035077537,0.00037996629133379566,-0.0071152345143536038,-0.001830663984285311,0.030171434240807673,-0.019932249291879419,0.035012840833533329,0.001079733777944684,-0.00095259426978282875,0.001414164639909044
5489836787,5.4898367870000007,0.010842722598076556,constant_velocity,0,8.9504917457110622,0,0,4.5077533872515758,0,0,1,0,0,0,0,0,-9.8066499999999994,0,0,0,-0.32528689440711839,-0.21404898191468755,-10.150183900085892,-0.0054816101637500964,0.01611708213954214,-0.012019482100264458,0.030210598518407607,-0.020050045261536146,0.034979833261164259,0.0010827380384528526,-0.00095267603691061731,0.0014112555985165379
5498440730,5.4984407300000004,0.0086039434293254738,constant_velocity,0,8.9892762008483249,0,0,4.5077533872515758,0,0,1,0,0,0,0,0,-9.8066499999999994,0,0,0,-0.10007709149530626,-0.035956445936676067,-9.6468655844444822,0.0035841405474851453,0.0045441413168247277,-0.01379202283548759,0.030153754992735801,-0.020115564275589453,0.034992124505530922,0.0010817600116929916,-0.00095533400173457761,0.0014101192159139242
5507806007,5.5078060070000001,0.0093652767779076815,constant_velocity,0,9.0314925589664874,0,0,4.5077533872515758,0,0,1,0,0,0,0,0,-9.8066499999999994,0,0,0,-0.14906465870488278,0.12686223339667288,-9.4501281089803584,-0.0092651728271991116,0.004346706889782421,0.023479423045589559,0.030077786972147968,-0.020105070058605658,0.034910603709920794,0.0010830567995087691,-0.00095608964627425235,0.0014108342628919833
5518277976,5.5182779760000003,0.010471968598936576,constant_velocity,0,9.0786976108895363,0,0,4.5077533872515758,0,0,1,0,0,0,0,0,-9.8066499999999994,0,0,0,-0.20986926382378954,-0.2253874331781725,-9.8090246090579338,0.0068004730232675012,0.011675776514385516,0.0018656368008787339,0.030126978163634022,-0.020139446013551318,0.035021481583748473,0.0010821067662112138,-0.00096008244341364663,0.0014014476210094627
5530069225,5.5300692250000001,0.011791249269140144,constant_velocity,0,9.1318496547224299,0,0,4.5077533872515758,0,0,1,0,0,0,0,0,-9.8066499999999994,0,0,0,0.096467799571858276,0.066654731265755399,-9.4152935088552372,-0.010846175920635652,-0.0056436820657014899,0.0023323459171135448,0.030171188126547697,-0.020196883456725868,0.035044568986689964,0.0010796083531669405,-0.0009585755359541743,0.0014055016198757982
5540387082,5.5403870820000005,0.0103178569388195,constant_velocity,0,9.1783600092875712,0,0,4.5077533872515758,0,0,1,0,0,0,0,0,-9.8066499999999994,0,0,0,0.24491256313226534,0.092193562209709229,-10.2500142163743,0.0024599191443074719,-0.021293255030050213,0.018882517987134539,0.03024567739847047,-0.020096682430449285,0.035056348991609004,0.0010834573838371061,-0.0009678635189967011,0.0014059789798210099
5549470110,5.5494701100000006,0.0090830275184612622,constant_velocity,0,9.2193040573504135,0,0,4.5077533872515758,0,0,1,0,0,0,0,0,-9.8066499999999994,0,0,0,-0.018737740260114318,-0.33724856280281407,-9.8090018420539611,0.00411916857110463,-0.015405896698014275,0.0011287153607874611,0.030233260392401071,-0.019985161722523893,0.034989234755956625,0.0010844007875125223,-0.00096998050173973305,0.0014073454658347214
5559726727,5.5597267270000001,0.010256616796343015,constant_velocity,0,9.2655383564558704,0,0,4.5077533872515758,0,0,1,0,0,0,0,0,-9.8066499999999994,0,0,0,0.069856120149225626,-0.096743811676215652,-10.162339370959053,-0.0024630486708146853,0.0074823419660869778,0.0031948810965812917,0.030376023294009236,-0.020009876894124801,0.035028503241528973,0.00108090952878837,-0.00097292731013706388,0.0013974212928332666
5569135432,5.5691354320000004,0.0094087049910214007,constant_velocity,0,9.3079504782487987,0,0,4.5077533872515758,0,0,1,0,0,0,0,0,-9.8066499999999994,0,0,0,-0.00047551606173305838,-0.030510166247485704,-9.583265061229838,-0.026506702959349954,-0.0019997845958483734,-0.0010622813041765325,0.030406754235325718,-0.020030410116943304,0.035044108824947948,0.0010869001556981859,-0.00097711816188852225,0.0014063578172622874
5580501333,5.580501333,0.011365900712074469,constant_velocity,0,9.3591851556828178,0,0,4.5077533872515758,0,0,1,0,0,0,0,0,-9.8066499999999994,0,0,0,0.26109577142325058,-0.35860891881910928,-9.9272506780903758,0.029329084982265004,-0.011794187569363384,-0.009834412296358638,0.030511370899822227,-0.019952695579069254,0.035045896141275984,0.001082160429483933,-0.00097759158126393877,0.0014046236581509064
5592018221,5.592018221,0.011516887799099701,constant_velocity,0,9.4111004456698062,0,0,4.5077533872515758,0,0,1,0,0,0,0,0,-9.8066499999999994,0,0,0,-0.19806877959719249,0.0022732065634691115,-10.365178611719555,0.008272635889469665,0.014745979878685743,-0.013284963925357999,0.030575561296235763,-0.019993728210052249,0.034982493558024283,0.00108135317404975,-0.00097850306344959663,0.0013979707080935206
5601522212,5.6015222120000008,0.0095039909799398622,constant_velocity,0,9.4539420932020377,0,0,4.5077533872515758,0,0,1,0,0,0,0,0,-9.8066499999999994,0,0,0,0.20914207584052827,-0.071413635671276815,-9.745144526259093,-0.028203955934308595,0.00015472903347573839,-0.00052410758703973562,0.030597135355350035,-0.019728742483121071,0.034915808214677241,0.0010841702787533691,-0.0009703190318461508,0.0013988838340174452
5613288766,5.6132887660000002,0.01176655399085081,constant_velocity,0,9.5069828168105737,0,0,4.5077533872515758,0,0,1,0,0,0,0,0,-9.8066499999999994,0,0,0,0.10104742811357229,0.29631700785532566,-9.9788812131328477,0.017085084291721977,0.0032479034791975444,0.0062791890830202462,0.030565381199212018,-0.019749838724377092,0.03502653309927483,0.0010876353613943495,-0.00097151786259794509,0.0014018073829310048
5624511641,5.6245116410000007,0.011222874978102239,constant_velocity,0,9.5575727695078143,0,0,4.5077533872515758,0,0,1,0,0,0,0,0,-9.8066499999999994,0,0,0,0.31612834891728031,-0.092004057968029726,-9.8115404501819281,0.0088211634626320125,-0.015046411066999143,-0.021402783583807011,0.030673808870269516,-0.019618267533087232,0.035067760710282239,0.0010866923528574895,-0.00096657476813247364,0.0014064646724786297
5636299821,5.6362998210000006,0.011788179978424679,constant_velocity,0,9.6107109777350885,0,0,4.5077533872515758,0,0,1,0,0,0,0,0,-9.8066499999999994,0,0,0,-0.23074645912321756,-0.30077325397556443,-9.7316810670436915,-0.016052973824771742,0.00041847058221025787,0.0063159735194371746,0.030645767504444376,-0.019752862038945607,0.03510190555002566,0.0010944637089779882,-0.00097398336487152784,0.001405908675612099
5645114385,5.6451143850000003,0.0088145643160809743,constant_velocity,0,9.650444859888049,0,0,4.5077533872515758,0,0,1,0,0,0,0,0,-9.8066499999999994,0,0,0,-0.34730205843392892,-0.22330868683511679,-9.9336785476768892,0.0050407765959466378,0.012588531498461909,0.00095787134625247624,0.030765741649988975,-0.019767584775891363,0.034955944600696835,0.0010945997645463788,-0.0009685544409497762,0.0014130830887871882
5655165424,5.6551654240000007,0.010051039240174614,constant_velocity,0,9.6957524660683454,0,0,4.5077533872515758,0,0,1,0,0,0,0,0,-9.8066499999999994,0,0,0,0.12912423827243116,-0.15319855548851241,-9.8972046823752677,0.019182704243773139,-0.011075203647277966,0.031662253423052962,0.030779385782668561,-0.019795337895014961,0.034965507449559202,0.0010994942143472712,-0.00096761320733228153,0.0014116099829318764
5663529965,5.6635299650000004,0.0083645411036307286,constant_velocity,0,9.7334577545610426,0,0,4.5077533872515758,0,0,1,0,0,0,0,0,-9.8066499999999994,0,0,0,0.34884407065492878,0.06860240210520592,-9.897245340767844,0.0097211021509587044,-0.010983346900934507,0.017974759875964991,0.030876947933853829,-0.019691726103235663,0.034979766151480685,0.0011041180414165729,-0.00096898572072992442,0.001410881697425788
5674433800,5.6744338000000001,0.010903834590347267,constant_velocity,0,9.7826095518697116,0,0,4.5077533872515758,0,0,1,0,0,0,0,0,-9.8066499999999994,0,0,0,0.42082468269892398,-0.22807197380965127,-9.6669253134869884,-0.029167670209877036,-0.012057623153322943,-0.011489836885414023,0.030810993655360951,-0.019730898201248362,0.034953714682017786,0.0011080249351971985,-0.00096904562223362647,0.0014057346639619072
5684387712,5.6843877120000004,0.0099539119641929939,constant_velocity,0,9.8274793322427065,0,0,4.5077533872515758,0,0,1,0,0,0,0,0,-9.8066499999999994,0,0,0,-0.31068756608375175,-0.17875162471601422,-10.187103152492019,0.017547274147726152,0.0010269256852190553,0.00037097690086346832,0.030757028930269027,-0.019656648647628571,0.034984485040621585,0.001109435829519496,-0.00097099694404057316,0.0014081176909020009
5693100992,5.6931009920000006,0.0087132800064287988,constant_velocity,0,9.8667566497057582,0,0,4.5077533872515758,0,0,1,0,0,0,0,0,-9.8066499999999994,0,0,0,-0.3253980769965007,-0.17572846130644343,-9.9589247468658915,-0.0013695965046837033,0.014187311114673353,0.0066029537339451078,0.030765116791544055,-0.019664319779022853,0.034968947419924873,0.0011069303423052593,-0.00096517841604607988,0.0014083016887753074
5702832990,5.7028329900000001,0.0097319975776799829,constant_velocity,0,9.9106260947512688,0,0,4.5077533872515758,0,0,1,0,0,0,0,0,-9.8066499999999994,0,0,0,-0.070976299288123545,-0.17743662596292487,-9.8581138999356863,0.01418851540096829,0.0092681243752981129,-0.019434240978747169,0.03082683448034404,-0.019710942003332243,0.035176294733427461,0.0011166638997170697,-0.00096601701653621652,0.0014142772312811917
5712601338,5.7126013380000007,0.0097683481683953667,constant_velocity,0,9.9546593992952062,0,0,4.5077533872515758,0,0,1,0,0,0,0,0,-9.8066499999999994,0,0,0,-0.12693432749155872,-0.18229173460182252,-10.103656891607493,-0.0091905713538737825,0.0067383472276937523,-0.015137447858589656,0.030763824898263976,-0.019836187014649578,0.03514774417038672,0.0011234581482452767,-0.00096306734908236269,0.0014105416951432294
5723299178,5.7232991780000004,0.01069783986854753,constant_velocity,0,10.002882623198927,0,0,4.5077533872515758,0,0,1,0,0,0,0,0,-9.8066499999999994,0,0,0,0.22093763505814884,-0.43939871644506906,-9.1919138049055675,-0.003656095233911626,-0.020623920910004409,0.007933195660520493,0.030715619722057261,-0.01978729218234156,0.035221755615028015,0.0011217193802343277,-0.00096480550588992305,0.0014156590167509328
5734682167,5.7346821670000008,0.011382989175218954,constant_velocity,0,10.054194331210567,0,0,4.5077533872515758,0,0,1,0,0,0,0,0,-9.8066499999999994,0,0,0,-0.19425412384309196,-0.26630972141105164,-9.7775050054600854,-0.012738627459767645,0.018468887168472434,0.010917498213562809,0.030629511591534233,-0.019816809565716607,0.035331893476089338,0.0011283957569693305,-0.00095865069956207604,0.0014095262969064882
5745897774,5.7458977740000003,0.011215606907148006,constant_velocity,0,10.104751521236345,0,0,4.5077533872515758,0,0,1,0,0,0,0,0,-9.8066499999999994,0,0,0,-0.30101096101830827,-0.35715989578370722,-9.6454895267210592,0.00075424082883228404,-8.2559290080711249e-05,-0.034074096059409281,0.030705520728796672,-0.019821151556166958,0.035436671971924211,0.0011239050081728878,-0.00095866887622986588,0.0014102137961526662
5757031435,5.757031435,0.011133660813893881,constant_velocity,0,10.154939318482686,0,0,4.5077533872515758,0,0,1,0,0,0,0,0,-9.8066499999999994,0,0,0,-0.23700528651786462,-0.93512128971515796,-9.727760021745441,0.010497621091704826,0.014859010022212607,0.0072541479725718528,0.030737221952749416,-0.019717117269165207,0.035393730096724856,0.0011247704002906827,-0.00095987384717928037,0.0014056912052186905
5765977393,5.765977393,0.0089459577297030368,constant_velocity,0,10.195265489740965,0,0,4.5077533872515758,0,0,1,0,0,0,0,0,-9.8066499999999994,0,0,0,-0.14198600757937438,-0.027170922519801105,-10.018615741034603,-0.014373727927014534,0.0020960587649846742,-0.002752298374937602,0.030666570176106082,-0.019881344488837441,0.035393943759623105,0.0011263133702770463,-0.00096039894919019942,0.0014001926753018617
5775920099,5.7759200990000004,0.0099427062568121227,constant_velocity,0,10.240084757548557,0,0,4.5077533872515758,0,0,1,0,0,0,0,0,-9.8066499999999994,0,0,0,-0.0046207611579783987,0.59308359787047149,-9.8430781916262262,-0.0059861412294895198,0.0002420761616911142,0.018041233755305145,0.030693929592698403,-0.019913396367638649,0.035307954550005967,0.0011201273239971644,-0.00095372466810943689,0.0013998977598491935
5785730707,5.7857307069999999,0.0098106078322180625,constant_velocity,0,10.284308558235235,0,0,4.5077533872515758,0,0,1,0,0,0,0,0,-9.8066499999999994,0,0,0,0.2753657666802099,-0.089610253614425261,-9.7663279476563876,0.030271950524573783,0.0031939664228321169,0.0074973799603275972,0.030726259547061874,-0.019985849380549287,0.035322632709070351,0.001116782321505503,-0.00094802348922361581,0.0013968899839797828
5796949398,5.7969493980000006,0.011218691361861037,constant_velocity,0,10.334879652222194,0,0,4.5077533872515758,0,0,1,0,0,0,0,0,-9.8066499999999994,0,0,0,0.064615661905823435,-0.4809845619032756,-9.607727503979774,0.021905615394103385,-0.023071111617606697,-0.011273349754241628,0.030852086960875914,-0.019942686636723165,0.035251275374780788,0.0011212408021134196,-0.00094928853305859971,0.0013969591378643546
5808791462,5.8087914620000003,0.011842063615919411,constant_velocity,0,10.388260754598903,0,0,4.5077533872515758,0,0,1,0,0,0,0,0,-9.8066499999999994,0,0,0,0.1019635106392595,0.090815618931309058,-9.758895396484041,-0.012239912753458624,-0.013354946084054513,0.0043194751627561616,0.030890336288325965,-0.019792794587725149,0.035384502021641215,0.0011204822778855636,-0.00094290406651529528,0.0013915409176890913
5819051428,5.8190514280000007,0.010259965984055843,constant_velocity,0,10.434510151016617,0,0,4.5077533872515758,0,0,1,0,0,0,0,0,-9.8066499999999994,0,0,0,0.16315815248395088,-0.46228062462180675,-9.6612302351061636,0.00056134611411972452,-0.019643273495081204,0.0036132422021390069,0.030777053929121848,-0.019765362716390854,0.035427271552488503,0.0011233466861129461,-0.00094799233050438453,0.0013942420281767426
5828186453,5.8281864530000007,0.0091350246159049159,constant_velocity,0,10.47568858917159,0,0,4.5077533872515758,0,0,1,0,0,0,0,0,-9.8066499999999994,0,0,0,-0.47115766644739887,0.16172743302805562,-9.3504634294533844,-0.030902147797167719,-0.016568857878923003,-0.0033581629959929561,0.030816217449645147,-0.019787702886702157,0.035390533215128771,0.0011236484280931695,-0.0009436630165892112,0.0013926713000288525
5839075568,5.8390755680000002,0.010889114928780513,constant_velocity,0,10.524774033875971,0,0,4.5077533872515758,0,0,1,0,0,0,0,0,-9.8066499999999994,0,0,0,-0.38876754585963691,0.51947461986556331,-10.213837720889742,0.03123349657661002,-0.022694518054589771,0.0033074271380327414,0.030812855912078045,-0.019741868610728196,0.035243440220756678,0.0011282269178714247,-0.00094236809440297444,0.0013989089975514613
5849970188,5.8499701880000003,0.010894620042755848,constant_velocity,0,10.573884294276523,0,0,4.5077533872515758,0,0,1,0,0,0,0,0,-9.8066499999999994,0,0,0,-0.054710945172335122,-0.048937159142730252,-10.064026354065481,0.02697655356160765,-0.00043560215630683379,0.0045211228639171841,0.030884613208297503,-0.01971995523406957,0.035228608986535057,0.0011304411491519168,-0.00094784791038518231,0.0014013380530319222
5860297672,5.8602976720000006,0.010327483832703642,constant_velocity,0,10.620438044505178,0,0,4.5077533872515758,0,0,1,0,0,0,0,0,-9.8066499999999994,0,0,0,0.2405061615432425,-0.36643678805905372,-9.8486124841781031,-0.02329206019383278,0.017082127129449613,-0.00084556114606786038,0.031014136264511841,-0.019711653373977629,0.035380078066830994,0.0011275842308143729,-0.00094227497816870521,0.001401576801402485
5871853012,5.8718530120000008,0.011555339620901505,constant_velocity,0,10.67252666582214,0,0,4.5077533872515758,0,0,1,0,0,0,0,0,-9.8066499999999994,0,0,0,0.41180832748256258,-0.22025441067480428,-10.368387348706797,-0.017276980882645919,0.0042881818328450042,0.01696106756298316,0.030909360684542357,-0.01955089337391442,0.035326304688369614,0.0011276101333256442,-0.0009475033560677619,0.0013960930310854675
5880652284,5.880652284,0.0087992722878129665,constant_velocity,0,10.712191615282878,0,0,4.5077533872515758,0,0,1,0,0,0,0,0,-9.8066499999999994,0,0,0,-0.31229234306063408,-0.10295087277287047,-10.70073837203284,0.0067226824892882269,-0.0088911152599598798,-0.017352026360128624,0.030977124832098728,-0.019596922972587971,0.03543941196003858,0.00112784438117493,-0.00094382720025729409,0.0014008664611903459
5891756145,5.8917561450000004,0.011103861356224839,constant_velocity,0,10.762245083922972,0,0,4.5077533872515758,0,0,1,0,0,0,0,0,-9.8066499999999994,0,0,0,0.11046945908880101,0.06156547413800896,-9.8727955320012928,-0.0048623932704684692,0.020024252301354784,0.011685580326254167,0.031007547508229035,-0.019613675110489212,0.035313134545622293,0.0011235469169752869,-0.00094857583604399034,0.0013931634247986351
5900420918,5.900420918,0.0086647731123159332,constant_velocity,0,10.801303744269781,0,0,4.5077533872515758,0,0,1,0,0,0,0,0,-9.8066499999999994,0,0,0,0.075200208684249203,0.23943266718260725,-10.282701540714042,-0.0152358218581388,-0.0041583693520736986,0.0013905425066926119,0.03094709930271598,-0.019410465271547769,0.035327779547314676,0.0011244555153135029,-0.00095013228239121611,0.0013881123075996193
5911362885,5.911362885,0.010941967303390889,constant_velocity,0,10.850627434444837,0,0,4.5077533872515758,0,0,1,0,0,0,0,0,-9.8066499999999994,0,0,0,0.14007824544031905,-0.22248170328000258,-9.3732623624739251,-0.012217821384872178,-0.025572345303583769,0.031344268354225636,0.030898470206523174,-0.019441145942827639,0.035272325804572985,0.0011295463466137908,-0.00094293470220353705,0.0013891913052432091
5920103192,5.920103192,0.0087403066495665913,constant_velocity,0,10.890026581350037,0,0,4.5077533872515758,0,0,1,0,0,0,0,0,-9.8066499999999994,0,0,0,0.15278707350750684,-0.36137320218977093,-9.7237424354776198,-0.0056622064963650761,-0.02080706905163136,-0.023704753726047658,0.031008633007682838,-0.019570687095293911,0.035348194954503788,0.0011284344108199822,-0.00093175168151124574,0.0013900193552990293
5928914251,5.9289142510000001,0.0088110593967203679,constant_velocity,0,10.929744664190878,0,0,4.5077533872515758,0,0,1,0,0,0,0,0,-9.8066499999999994,0,0,0,0.12338821645989081,-0.081652462332582151,-9.6684211073179167,0.0078571969448858366,-0.00021761021419008833,-0.005823980157157356,0.031024184344393923,-0.019587535867436199,0.035433205023176303,0.0011346965600014815,-0.00092840951903052575,0.0013869331917173721
5939913313,5.9399133130000008,0.010999061743844544,constant_velocity,0,10.979325722023281,0,0,4.5077533872515758,0,0,1,0,0,0,0,0,-9.8066499999999994,0,0,0,0.28793731737504935,0.030873025822133845,-9.9124470799023534,-0.018972773220077403,-0.020369177096680114,-0.016840552460454149,0.030921462674348272,-0.019702130255911103,0.035543356117043394,0.0011385729832548374,-0.00092159098329347032,0.0013864881037037721
5950877505,5.9508775050000002,0.010964192397815547,constant_velocity,0,11.028749597443012,0,0,4.5077533872515758,0,0,1,0,0,0,0,0,-9.8066499999999994,0,0,0,-0.1211535832555144,0.039107129970349458,-10.192900412228514,-0.015186155219194385,-0.0082806713824441925,-0.0021151865501406954,0.030995299199419037,-0.019724270872797798,0.03549582200377159,0.0011383371777653026,-0.00092857115559390223,0.0013873458128174504
5959806642,5.9598066420000002,0.0089291374798606011,constant_velocity,0,11.068999947163089,0,0,4.5077533872515758,0,0,1,0,0,0,0,0,-9.8066499999999994,0,0,0,-0.079636535805112041,0.10736046594877716,-9.9966241146926613,0.015349677269645198,0.0014232038884303478,-0.013990434421239579,0.030943813619697134,-0.019847230022290503,0.035805448496407558,0.0011446081602876422,-0.00092342119400214118,0.0013807349007054889
5967846447,5.9678464470000003,0.0080398049987494037,constant_velocity,0,11.105241405379044,0,0,4.5077533872515758,0,0,1,0,0,0,0,0,-9.8066499999999994,0,0,0,-0.37704697574443596,-0.6255657249031894,-9.8801972446699384,-0.01080046928546367,-0.0056580601477227623,0.0041242602488858289,0.030999412850068176,-0.019869745883734143,0.035865599820907507,0.0011482675521816252,-0.00092983645846112352,0.0013806847851197087
5976309674,5.9763096740000003,0.0084632274492073833,constant_velocity,0,11.143391547580288,0,0,4.5077533872515758,0,0,1,0,0,0,0,0,-9.8066499999999994,0,0,0,0.14574294488049294,-0.10928769411627183,-9.6129840645530642,0.011671447420362137,0.03614152468667154,0.018182710236569817,0.030910917094834317,-0.01989053822989309,0.035891475551634973,0.0011463637636446426,-0.00093179163681464286,0.0013788587922344603
5985894595,5.9858945950000004,0.0095849211848325136,constant_velocity,0,11.186598008517755,0,0,4.5077533872515758,0,0,1,0,0,0,0,0,-9.8066499999999994,0,0,0,0.28308676634617669,0.43064345959034689,-9.7339473828036791,-0.010017212707086314,-0.014728219099887403,-0.0022935527099959404,0.030815033756924803,-0.019814213001500935,0.035903703313483783,0.0011484552129063573,-0.00092595574912082202,0.0013781615657560105
5996875335,5.9968753350000004,0.010980740386452185,constant_velocity,0,11.236096478189316,0,0,4.5077533872515758,0,0,1,0,0,0,0,0,-9.8066499999999994,0,0,0,-0.13628587407921741,-0.21775185880307335,-9.8694051335247543,0.0048590658173086948,0.014748633248723914,-0.0011494660146028283,0.030751596336669944,-0.019665689501172517,0.035919829701600299,0.0011459792915047664,-0.00091824096087087957,0.0013780162222526446
6008679073,6.0086790730000006,0.01180373772883146,constant_velocity,0,11.289304816918685,0,0,4.5077533872515758,0,0,1,0,0,0,0,0,-9.8066499999999994,0,0,0,0.033496235803125551,-0.16569253088042157,-9.3435494128153369,0.006761269046737471,-0.021042544660244356,0.0094516109256714623,0.030820728232818641,-0.019792279154625322,0.036022985775609903,0.001136774735889368,-0.00091833173180945037,0.0013755229116154538
6019658094,6.0196580940000004,0.010979020919240939,constant_velocity,0,11.3387955356561,0,0,4.5077533872515758,0,0,1,0,0,0,0,0,-9.8066499999999994,0,0,0,0.12236922812287224,0.26037597024380815,-9.3232898985672019,0.027527630396972782,-0.003549620522614305,0.0070198085617962638,0.030918846324943731,-0.01976617077065292,0.036094590711230036,0.0011313031013188359,-0.00091444764193962861,0.0013735451601798402
6029504912,6.0295049120000002,0.0098468177837263849,constant_velocity,0,11.383182561874342,0,0,4.5077533872515758,0,0,1,0,0,0,0,0,-9.8066499999999994,0,0,0,-0.074691308985722113,0.36027147691064371,-9.7162632152895316,-0.017978963336556231,-0.018174600547315883,0.010196433858729446,0.030966111099061087,-0.019722807289461883,0.036055649897154193,0.0011295971790880196,-0.00091888044261624906,0.001371619003154278
6041358787,6.0413587870000001,0.011853874864986326,constant_velocity,0,11.436616906449041,0,0,4.5077533872515758,0,0,1,0,0,0,0,0,-9.8066499999999994,0,0,0,0.0058323690969707548,-0.35015720184357918,-10.156140436465604,-0.0036251083532985668,-0.0053851135748097245,-0.0033642598580827573,0.031133985576463911,-0.019821021132437628,0.0360016869957328,0.0011306168531350367,-0.00092469406238440438,0.0013739399035968426
6051113017,6.0511130170000005,0.0097542299818148184,constant_velocity,0,11.480586569689597,0,0,4.5077533872515758,0,0,1,0,0,0,0,0,-9.8066499999999994,0,0,0,0.073172253096984274,0.02696877802253949,-9.7990636740010402,-0.0030509360505670789,0.016190753494005276,-0.0062172009511156116,0.031214477385512054,-0.019942777127526103,0.036035372739533063,0.0011284663805666906,-0.00092531132416327029,0.0013689841648839172
6059189314,6.0591893140000002,0.0080762973926659046,constant_velocity,0,11.516992526617837,0,0,4.5077533872515758,0,0,1,0,0,0,0,0,-9.8066499999999994,0,0,0,0.60926591512725192,-0.054064484836222948,-9.7390208495614043,-0.0028273910879064381,-0.038906467392655089,0.0066032774577101392,0.031070998333305181,-0.019916778039800923,0.036018262463480943,0.0011220370460389407,-0.00092890036378251678,0.0013760845473847387
6070692990,6.0706929900000004,0.011503675809944309,constant_velocity,0,11.568848260215958,0,0,4.5077533872515758,0,0,1,0,0,0,0,0,-9.8066499999999994,0,0,0,-0.29582054776383343,-0.18108088720055032,-10.165130648150139,-0.011892669618780178,0.014389415215082642,0.0016509933383472024,0.031074141372082708,-0.019927417412797192,0.036081071904772999,0.0011225635003831056,-0.00092841407469072736,0.001378437753283864
6081304635,6.0813046350000004,0.010611644581443792,constant_velocity,0,11.61668293702227,0,0,4.5077533872515758,0,0,1,0,0,0,0,0,-9.8066499999999994,0,0,0,0.21701522252354957,-0.11960136874365961,-9.9259694259700986,0.0029144749759723422,-0.029183222007420847,-0.0050159903145026944,0.031080873989620096,-0.020016660500122196,0.035970719658688255,0.0011219769162595491,-0.00092640416891250684,0.001380945963343959
6090328695,6.0903286950000002,0.0090240601488619822,constant_velocity,0,11.657361174725065,0,0,4.5077533872515758,0,0,1,0,0,0,0,0,-9.8066499999999994,0,0,0,0.54698159584574879,0.43062599384108846,-9.6836302165182744,0.00083854567151679031,0.034939335570545134,-0.0018448332527258974,0.031082190424585772,-0.020117892652137197,0.036039166964176451,0.0011176582813180811,-0.00092589155997146793,0.0013759980849732914
6100160810,6.1001608100000002,0.0098321150456182425,constant_velocity,0,11.701681924625797,0,0,4.5077533872515758,0,0,1,0,0,0,0,0,-9.8066499999999994,0,0,0,0.015049006388024998,-0.3871021160815723,-9.9128386107157365,0.0048945068152627053,-0.0050216746516412412,-0.0030429888665420854,0.030925518279517745,-0.020073040040683447,0.035904065387572001,0.0011163638064018708,-0.00092902402157644373,0.0013756475582697965
6108353646,6.1083536460000003,0.0081928357805914238,constant_velocity,0,11.738613207866955,0,0,4.5077533872515758,0,0,1,0,0,0,0,0,-9.8066499999999994,0,0,0,0.19176111307265814,0.18938311144747494,-10.587988579111524,-0.0025442544208180958,0.011514498976048816,-0.020910561475650097,0.030926790176405271,-0.019957609207604411,0.035904978655816905,0.0011113770459105648,-0.00092347873990176142,0.0013778874237033421
6120239198,6.1202391980000002,0.011885551924957676,constant_velocity,0,11.792190344816037,0,0,4.5077533872515758,0,0,1,0,0,0,0,0,-9.8066499999999994,0,0,0,0.21122703886407454,0.121502187224843,-10.311768053920948,-0.0045265833601729425,0.025555210596435399,0.023185974177253158,0.031027542569962568,-0.019952182619138458,0.035895906174380793,0.001112195218746866,-0.00092059657003112482,0.0013800245750382422
6131297370,6.1312973700000004,0.011058171766202909,constant_velocity,0,11.842037856051947,0,0,4.5077533872515758,0,0,1,0,0,0,0,0,-9.8066499999999994,0,0,0,-0.12872544990195792,-0.86921319614817649,-9.6384347453698354,-0.0061025208045184893,0.011733624181027797,-0.020479026969081313,0.031064299336449126,-0.019993472041655275,0.035919678361552305,0.0011180635457753805,-0.00092446918152606179,0.0013769777933596101
6140353645,6.1403536450000002,0.0090562750528281784,constant_velocity,0,11.882861310597216,0,0,4.5077533872515758,0,0,1,0,0,0,0,0,-9.8066499999999994,0,0,0,-0.70821376475602493,0.41543126236338446,-9.2066565122090207,0.0051724488177308705,0.013569023766436018,-0.01973022241849719,0.03101066091669907,-0.019921894300609734,0.035913060058597034,0.0011167527424996496,-0.00092453481873544258,0.0013799824826598152
6148996672,6.148996672,0.008643027115202602,constant_velocity,0,11.921821945351878,0,0,4.5077533872515758,0,0,1,0,0,0,0,0,-9.8066499999999994,0,0,0,0.23479804761141959,0.32051826840928671,-9.3405206150631273,0.00073865366322743459,0.0047698103026621187,0.012578327955902141,0.031035569584479894,-0.019870479507341828,0.035933178159881812,0.0011194431616547759,-0.00092507548346459608,0.0013809068276624966
6160917518,6.1609175180000006,0.011920845968004594,constant_velocity,0,11.975558179143055,0,0,4.5077533872515758,0,0,1,0,0,0,0,0,-9.8066499999999994,0,0,0,0.19984963910185571,-0.39184670249531511,-10.279187347530275,0.016895422798143264,-0.017502449869940144,-0.0018056664414973838,0.03095876545213111,-0.01979997650260585,0.035924007687058918,0.0011149436843584744,-0.0009292910898149021,0.0013793053661865706
6170771220,6.1707712200000007,0.0098537019987888896,constant_velocity,0,12.019976237705064,0,0,4.5077533872515758,0,0,1,0,0,0,0,0,-9.8066499999999994,0,0,0,-0.17464941870114378,-0.17541469962229994,-9.7689342190046045,0.0069788736451688316,0.0031595884968694354,-0.031318932923562304,0.030936057664074736,-0.019732577568455548,0.036005426146260427,0.0011136318905859864,-0.00093781489610859437,0.0013685819343370437
6179538947,6.1795389470000002,0.0087677271038706147,constant_velocity,0,12.059498989256035,0,0,4.5077533872515758,0,0,1,0,0,0,0,0,-9.8066499999999994,0,0,0,0.11444554500316298,-0.23065513923374742,-9.883179267439278,-0.015565128110130482,0.0037991625349131177,-0.0017051073764214901,0.030993864015126344,-0.019767289563174847,0.035966577048509245,0.001113678764188893,-0.00094108613553172576,0.0013713071527170029
6189060775,6.1890607750000006,0.0095218284074359855,constant_velocity,0,12.102421043512482,0,0,4.5077533872515758,0,0,1,0,0,0,0,0,-9.8066499999999994,0,0,0,0.044678236747117073,-0.17610685018554662,-10.044096314275965,-0.0035798419040518731,0.028518235478769954,-0.0019955363485930728,0.03090327299028631,-0.019823882220240823,0.036043659235923203,0.0011093271478036823,-0.00094386260840758761,0.0013663388115748847
6198485736,6.1984857360000003,0.0094249614835089264,constant_velocity,0,12.144906445564486,0,0,4.5077533872515758,0,0,1,0,0,0,0,0,-9.8066499999999994,0,0,0,0.16614255420784221,-0.3620479235213413,-9.6180560254782339,-0.0093497496791313025,-0.016109124135367005,0.0088353597781713131,0.031076241546389088,-0.019780583331689236,0.036048728623785505,0.0011085323048479246,-0.00094101489056317301,0.0013698218295047553
6208985555,6.2089855550000008,0.010499818992750237,constant_velocity,0,12.192237040194584,0,0,4.5077533872515758,0,0,1,0,0,0,0,0,-9.8066499999999994,0,0,0,0.19156185420302674,0.51604379537340861,-9.6532665614900459,0.022863928195033422,-0.015192948041048135,-0.0053008550684203112,0.031156979106036469,-0.019854848466574451,0.036050288063584908,0.0011111972758421282,-0.00094416533093488861,0.0013635166675025252
6220255996,6.2202559960000006,0.011270440621583552,constant_velocity,0,12.243041407082345,0,0,4.5077533872515758,0,0,1,0,0,0,0,0,-9.8066499999999994,0,0,0,-0.047248562359497093,-0.044582777420168744,-9.5815962884778703,-0.0051869695971792935,0.011196761951286554,0.0038890576443709047,0.031132982779791703,-0.019870589849217538,0.035969074217867672,0.0011177950597104026,-0.00094472088399010629,0.0013661115383014253
6228338888,6.2283388880000006,0.0080828920339611754,constant_velocity,0,12.279477091027221,0,0,4.5077533872515758,0,0,1,0,0,0,0,0,-9.8066499999999994,0,0,0,0.10129483568224361,-0.014270471611719413,-9.7057928137433525,0.025163527334508433,0.023007636236540032,0.011449363673609009,0.031072343191254011,-0.019915286224083142,0.035784636331390812,0.0011257532786737195,-0.00094295804316061325,0.0013588574011083768
6236745678,6.2367456780000001,0.0084067901138464383,constant_velocity,0,12.317372827638826,0,0,4.5077533872515758,0,0,1,0,0,0,0,0,-9.8066499999999994,0,0,0,0.15432786764160161,-0.66710894792349862,-10.33965163198196,0.012406776099344062,-0.024404537685408005,0.021485661557068651,0.030992410421757956,-0.019820497425182115,0.035909239910211437,0.0011187328721776269,-0.00094902790287258731,0.0013527423201361828
6247477882,6.2474778820000001,0.010732203624529849,constant_velocity,0,12.365750954879974,0,0,4.5077533872515758,0,0,1,0,0,0,0,0,-9.8066499999999994,0,0,0,0.62672939313599429,0.29351313702870641,-9.500378522899755,0.0073379625374031107,-0.014326906182074675,0.0036298929125243426,0.031045939710011964,-0.019839217626399546,0.035886017072670855,0.0011288265939066275,-0.00095037024657894592,0.0013560862988817081
6256929501,6.2569295010000001,0.0094516192834736314,constant_velocity,0,12.408356523720064,0,0,4.5077533872515758,0,0,1,0,0,0,0,0,-9.8066499999999994,0,0,0,-0.15261056886689428,-0.32075237052850081,-9.7941987279108034,-0.017360542785150309,-0.00030095653672895068,-0.0058010822351710258,0.031044516930077717,-0.019758999204787835,0.035715754970857133,0.0011254942052921903,-0.00094758850304688341,0.0013538903934726435
6265373446,6.2653734460000008,0.0084439451982369663,constant_velocity,0,12.446419746289184,0,0,4.5077533872515758,0,0,1,0,0,0,0,0,-9.8066499999999994,0,0,0,0.32068141677843082,-0.12257253846243459,-10.170236311233662,0.011967671925983331,-0.0099314866007049769,-0.045798763668082804,0.031009378798967091,-0.019667417880787352,0.035763268459883972,0.0011253828585196326,-0.00094131610524065558,0.0013608538879895703
6276117634,6.2761176340000002,0.010744188283192353,constant_velocity,0,12.494851897416012,0,0,4.5077533872515758,0,0,1,0,0,0,0,0,-9.8066499999999994,0,0,0,0.45073976509559754,0.56426779797493798,-9.4814201197114905,0.012412796920613195,0.015220900347164727,-0.015490185047716638,0.030954742566234112,-0.019659863306503409,0.035918146642715705,0.0011276264920887917,-0.00093143893895558248,0.0013584040354975696
6286098972,6.2860989720000005,0.0099813380417965204,constant_velocity,0,12.539845307783224,0,0,4.5077533872515758,0,0,1,0,0,0,0,0,-9.8066499999999994,0,0,0,0.089071964819490812,0.41552099582462987,-10.548485706609037,-0.022922935695514398,-0.0002224658371898213,0.02331804878386716,0.031027751932921684,-0.019770150736427246,0.036043496798788308,0.0011281913689488476,-0.0009318169079041191,0.0013596632808088583
6296777031,6.2967770310000004,0.010678059354873955,constant_velocity,0,12.587979366009431,0,0,4.5077533872515758,0,0,1,0,0,0,0,0,-9.8066499999999994,0,0,0,0.38889571937889628,-0.18617584182386335,-9.2726294962844431,0.016252961395282234,-0.019175505641466795,-0.015502867433163427,0.030895513528614686,-0.01967967681914139,0.03610456760426959,0.0011211356735634744,-0.00093705159831353028,0.0013632238012586029
6307326679,6.307326679,0.01054964760553943,constant_velocity,0,12.635534575737612,0,0,4.5077533872515758,0,0,1,0,0,0,0,0,-9.8066499999999994,0,0,0,0.36237807573629827,-0.24748765630882569,-9.8315207272116094,0.025530034651493835,-0.020781368580834542,-0.0033382050227258367,0.030729157303838021,-0.019631872173210555,0.036108225532782451,0.0011257445020753881,-0.00092499296212647736,0.0013657246337141949
6317030992,6.3170309920000003,0.0097043134620354091,constant_velocity,0,12.679279227617053,0,0,4.5077533872515758,0,0,1,0,0,0,0,0,-9.8066499999999994,0,0,0,0.070977321733605298,0.10871890874828828,-9.8411893606172569,-0.011367989235114029,0.0052332194440798917,0.034785237506094482,0.030770044446502623,-0.019616572720042264,0.036288828464104729,0.0011311367609963586,-0.0009237942213976703,0.0013651995991014732
6326425701,6.3264257010000007,0.0093947090252997651,constant_velocity,0,12.721628259048092,0,0,4.5077533872515758,0,0,1,0,0,0,0,0,-9.8066499999999994,0,0,0,0.51611396094387452,0.16835741214613914,-9.4990647563060726,0.025983209057059899,-0.0025881899520971167,0.0023580752601358662,0.030725878876389667,-0.019638781403682533,0.036360734771291106,0.0011299999253414339,-0.00092794402521444435,0.0013634864546039577
6337785529,6.3377855290000005,0.01135982755135736,constant_velocity,0,12.772835560171318,0,0,4.5077533872515758,0,0,1,0,0,0,0,0,-9.8066499999999994,0,0,0,-0.19690389894664481,-0.29491710722966918,-9.3877830426798798,0.012760496794583603,-0.0066619810286549343,0.0068400215914791512,0.030571846831170091,-0.01961630872580165,0.036364053420718585,0.0011227281719262832,-0.0009270285360691488,0.0013580745102045281
6346615342,6.3466153420000007,0.0088298128361955532,constant_velocity,0,12.812638178892476,0,0,4.5077533872515758,0,0,1,0,0,0,0,0,-9.8066499999999994,0,0,0,0.35455365961309598,-0.12018021320074407,-9.3259110741308007,0.020704904942199846,-0.011115995889267264,-0.012812788584626391,0.030547255583805052,-0.019645949172032488,0.036325107782668307,0.0011203477606642723,-0.00093009388683498837,0.0013580575441715583
6354799196,6.3547991960000001,0.0081838537098823504,constant_velocity,0,12.849528973173969,0,0,4.5077533872515758,0,0,1,0,0,0,0,0,-9.8066499999999994,0,0,0,-0.0051377567350568421,-0.1770630768635057,-10.155488341859837,-0.0098606307106245943,-0.0083074514512417649,0.0065636642349863415,0.030528271289017729,-0.019563559118322346,0.036343288203549984,0.0011223850502660444,-0.00092643231336615121,0.001356375498941992
6363759229,6.3637592290000002,0.0089600331565666321,constant_velocity,0,12.889918592985369,0,0,4.5077533872515758,0,0,1,0,0,0,0,0,-9.8066499999999994,0,0,0,0.17188561391555973,-0.35091861507418082,-9.4201398332365489,-0.0063427285263107595,0.021646460391765668,-0.01398067077967333,0.030512094515682455,-0.019669981410392189,0.036417243548785214,0.0011201442081248546,-0.00092952590392059013,0.0013512391422037414
6374760539,6.3747605390000004,0.011001310391437766,constant_velocity,0,12.939509787166578,0,0,4.5077533872515758,0,0,1,0,0,0,0,0,-9.8066499999999994,0,0,0,-0.20045430437679462,-0.26552231868720727,-9.2615946697459854,0.0069406417415177231,0.013554476721073568,-0.0070637039273946708,0.030454316030236541,-0.019684436165125156,0.036326896412144725,0.0011198692527594378,-0.00092576721803875781,0.0013582560391855964
6383756979,6.3837569790000002,0.0089964400381717102,constant_velocity,0,12.980063520221853,0,0,4.5077533872515758,0,0,1,0,0,0,0,0,-9.8066499999999994,0,0,0,0.14621665466963651,-1.2004450739302861,-9.4637165600121005,-0.0076523337262148347,0.019017699558825367,0.0035405662065112792,0.030397287662441305,-0.019689252843348218,0.036142756291150789,0.0011173449392010276,-0.00092006040294587035,0.0013620869592784793
6394230054,6.3942300540000003,0.010473075390444767,constant_velocity,0,13.027273561288071,0,0,4.5077533872515758,0,0,1,0,0,0,0,0,-9.8066499999999994,0,0,0,-0.66565708892679964,-0.18482781725826758,-9.7126587340161965,0.0087867418029753466,-0.019509249156604253,0.0058476183495023105,0.030299159373092258,-0.019737573675712106,0.036146388582905524,0.0011208975129623931,-0.00092551989030172489,0.0013631651663699601
6402933087,6.4029330870000001,0.0087030327558882108,constant_velocity,0,13.066504686672788,0,0,4.5077533872515758,0,0,1,0,0,0,0,0,-9.8066499999999994,0,0,0,-0.01588390992984717,0.077003860105766583,-9.8952898745155053,0.00504313012968104,-0.01775948396555635,-0.026820314289629162,0.030195956755267556,-0.01980420319575019,0.036098729011305397,0.001120193155694832,-0.0009211177599308427,0.0013680607712196408
6414386081,6.414386081,0.011452994303228853,constant_velocity,0,13.11813196053734,0,0,4.5077533872515758,0,0,1,0,0,0,0,0,-9.8066499999999994,0,0,0,-0.22681620100016922,0.23947501628059023,-9.812161236651546,-0.026087693526653213,-0.00087241431026564864,0.0078128274580725916,0.030229019905603151,-0.019838402431346693,0.036021361688859076,0.001128618368117746,-0.00092631867077637518,0.0013685085148629774
6422946255,6.4229462550000003,0.008560174037723009,constant_velocity,0,13.156719114051349,0,0,4.5077533872515758,0,0,1,0,0,0,0,0,-9.8066499999999994,0,0,0,-0.33946860610335139,-0.21700114156367192,-9.8621664664947541,-0.0059094958779850361,0.023213019415537522,0.013247599471256553,0.03024425353665474,-0.019775447753250849,0.03583320853464312,0.0011358455447978725,-0.00092801974630279537,0.0013632513409161022
6431182814,6.4311828140000005,0.0082365594676539148,constant_velocity,0,13.193847492890965,0,0,4.5077533872515758,0,0,1,0,0,0,0,0,-9.8066499999999994,0,0,0,0.39479474747378862,-0.70319134132095218,-10.014915082404352,0.002622901863294223,-0.018745996299955586,0.011648261719363824,0.030361117952154303,-0.019773172593811485,0.035892599148076416,0.0011294318131790237,-0.00092612585051211199,0.0013655189840431139
6440558136,6.4405581360000008,0.0093753220402044684,constant_velocity,0,13.236109132574271,0,0,4.5077533872515758,0,0,1,0,0,0,0,0,-9.8066499999999994,0,0,0,-0.36579665435072883,-0.1346714617708295,-9.6945534210989575,0.011536979739453664,-0.013916064872505064,0.0077981523529806352,0.030325756278042685,-0.019737520945395638,0.03585974946308805,0.0011341851224713454,-0.0009227691250969,0.0013694157199036889
6448564521,6.4485645210000007,0.0080063847045680429,constant_velocity,0,13.272199940345926,0,0,4.5077533872515758,0,0,1,0,0,0,0,0,-9.8066499999999994,0,0,0,-0.11573435399849481,0.32419432123883279,-9.2657506640776859,0.0020070730946017885,0.014149678975783706,0.011391957954842387,0.030409201360043922,-0.019698584367115857,0.03585230604345524,0.0011388745279289081,-0.00092501105551002973,0.0013829054269235059
6456753885,6.4567538850000004,0.0081893640108177505,constant_velocity,0,13.309115573705126,0,0,4.5077533872515758,0,0,1,0,0,0,0,0,-9.8066499999999994,0,0,0,-0.19624607395045271,-0.18741139595181849,-9.8608853820800508,0.016248734782484137,-0.0043565318341284333,-0.015984915934574163,0.03037121527421972,-0.019663530432735193,0.035754160998598461,0.0011407266128788355,-0.00091767624477697221,0.0013888634996648028
6465127960,6.4651279600000002,0.0083740749659647253,constant_velocity,0,13.346863838498052,0,0,4.5077533872515758,0,0,1,0,0,0,0,0,-9.8066499999999994,0,0,0,0.21176566911408143,-0.012325498642924194,-8.9545082473360118,0.011215834716438618,0.0014429888524940086,-0.022060284434990866,0.03029817345466488,-0.019602733305880998,0.035735798417241102,0.0011423199428719953,-0.00091313526731698553,0.0013862827385233
6473777399,6.4737773990000003,0.0086494394004868573,constant_velocity,0,13.385853378253424,0,0,4.5077533872515758,0,0,1,0,0,0,0,0,-9.8066499999999994,0,0,0,-0.26686102341488532,-0.19460697496925436,-9.299611719047455,-0.0015232440744217615,0.024539323802533004,-0.0051560004423567111,0.030362015598598399,-0.019582110334797894,0.035635466306480366,0.0011469132838781073,-0.00090484878390914895,0.0013853419085658246
6483422902,6.483422902,0.0096455025160207038,constant_velocity,0,13.42933292489176,0,0,4.5077533872515758,0,0,1,0,0,0,0,0,-9.8066499999999994,0,0,0,0.43575900103494597,-0.12751562632910518,-9.7998372231623296,0.0056471390014218685,-0.021754907356500167,0.010390142094294012,0.030361245522158142,-0.019525553358328989,0.035696893738995442,0.00115129607882651,-0.00090470663623095184,0.0013880056842325793
6492251389,6.4922513890000006,0.0088284874143899402,constant_velocity,0,13.469129568938284,0,0,4.5077533872515758,0,0,1,0,0,0,0,0,-9.8066499999999994,0,0,0,0.48466815809409092,0.28183866165140303,-9.925441822501476,-0.00054720487445287201,0.0095710552498771955,-0.015936930899456116,0.030438740605208094,-0.019570392407270532,0.03563916724909847,0.0011495877034880338,-0.00090605245884339781,0.0013867456067740199
6502745453,6.5027454530000002,0.010494064254018255,constant_velocity,0,13.516434222625371,0,0,4.5077533872515758,0,0,1,0,0,0,0,0,-9.8066499999999994,0,0,0,-0.57852328099506922,0.21010800287895998,-9.8017075167244823,0.014589824787615398,-0.0045684763646060009,-0.011722842373967812,0.03067018866455587,-0.019636448865074988,0.035591088932124142,0.0011527052383493947,-0.00090575742530165303,0.0013869579100781607
6510984501,6.5109845010000003,0.0082390480891252442,constant_velocity,0,13.553573819556854,0,0,4.5077533872515758,0,0,1,0,0,0,0,0,-9.8066499999999994,0,0,0,0.038278564394831689,0.64988794390582472,-9.9023946725331147,0.028056345709082383,0.0025707092049424367,-0.047872070340563705,0.03064258047310427,-0.019645328609126444,0.035576592483382304,0.0011544160577633049,-0.00090719923079968093,0.0013931699980537973
6521080939,6.521080939,0.010096437786130884,constant_velocity,0,13.599086071186461,0,0,4.5077533872515758,0,0,1,0,0,0,0,0,-9.8066499999999994,0,0,0,-0.053145106347730994,0.044568071098002301,-9.3511158743685527,0.0059795367946997701,0.010653722244599121,0.0086883557803484907,0.030601272804251966,-0.019646026889103121,0.035613296456235961,0.0011519712270385367,-0.00091072362596201942,0.0013974326153460288
6532326865,6.5323268650000008,0.011245925611834587,constant_velocity,0,13.649779930455988,0,0,4.5077533872515758,0,0,1,0,0,0,0,0,-9.8066499999999994,0,0,0,0.048404047717336987,-0.15253937808594781,-9.6130628899566535,-0.042241958557739476,-0.028746617628550089,-0.016971034509990893,0.030442254224980977,-0.019697983306659995,0.035547687376038924,0.0011561595326571911,-0.00091567229148417683,0.0013955715865306179
6542039212,6.5420392120000006,0.0097123468136868073,constant_velocity,0,13.693560794703547,0,0,4.5077533872515758,0,0,1,0,0,0,0,0,-9.8066499999999994,0,0,0,-0.0029861845648084424,-0.033448977981207606,-9.7820776110054535,0.0051439172838583591,0.0061979531842029419,-0.0084180365003194632,0.030355846028142622,-0.019748821950399544,0.035520785083612332,0.0011541678166977984,-0.0009206160614390719,0.0013983325787723542
6552535997,6.5525359970000006,0.010496785099438827,constant_velocity,0,13.740877713290795,0,0,4.5077533872515758,0,0,1,0,0,0,0,0,-9.8066499999999994,0,0,0,-0.3767147803666952,-0.34771938514777695,-9.9002974292716122,0.0079653740563559658,-0.0004482253119932115,-0.0087452658531048857,0.030337136404891236,-0.019758176362525474,0.03548993866064331,0.0011562364703016092,-0.00091507525146040187,0.0014018305855546321
6561643238,6.5616432380000003,0.0091072414828257189,constant_velocity,0,13.78193091193352,0,0,4.5077533872515758,0,0,1,0,0,0,0,0,-9.8066499999999994,0,0,0,-0.083712009443595678,0.018568520990777975,-9.8743753624001389,0.0027827995613992212,-0.026134040138081252,0.0025519104912946145,0.030497354757356557,-0.019857325732918912,0.03558931712147205,0.0011487238509949123,-0.00091885469760608312,0.0014031169644995794
6570755960,6.5707559600000005,0.0091127221437321548,constant_velocity,0,13.823008816044011,0,0,4.5077533872515758,0,0,1,0,0,0,0,0,-9.8066499999999994,0,0,0,-0.77355855006673302,-0.1127841075507748,-10.155758906905344,-0.016763725727206604,-0.0031047274458382975,-0.0089898533756016339,0.030495839830437806,-0.019857888825234898,0.035621117051264549,0.0011490188157121572,-0.00092699836628186384,0.0014107175522883027
6582146545,6.5821465450000005,0.01139058455012444,constant_velocity,0,13.87435476213261,0,0,4.5077533872515758,0,0,1,0,0,0,0,0,-9.8066499999999994,0,0,0,-0.06003995782588787,0.23529525889949518,-9.9804501538579995,-0.0029205373891183798,-0.012684440983293254,-0.0028214371957748395,0.030440971938049295,-0.019890866634060016,0.035606823184244192,0.0011519431833082554,-0.00092704110348662994,0.0014123002279522847
6592224238,6.592224238,0.010077693303237469,constant_velocity,0,13.91978251825596,0,0,4.5077533872515758,0,0,1,0,0,0,0,0,-9.8066499999999994,0,0,0,-0.025378202334635128,0.40457345603400252,-9.8330103337879819,-0.0039629598236438643,0.012246446125190432,-0.0024946440075706202,0.030594096536424163,-0.019800466233153471,0.035572979922993873,0.0011488987383550585,-0.00092700637351579086,0.0014130274301967503
6604092290,6.6040922900000005,0.011868052464965542,constant_velocity,0,13.973280771954988,0,0,4.5077533872515758,0,0,1,0,0,0,0,0,-9.8066499999999994,0,0,0,-0.16716677614593117,-0.20981726889058444,-9.7154975542378068,-0.015764624951671132,0.011147158228869299,-0.0060569889695119439,0.030566749898160276,-0.01987661896478168,0.035541963866045009,0.0011448891454976663,-0.00092448942797279253,0.0014111899672359671
6615159620,6.61515962,0.011067330283205924,constant_velocity,0,14.023169567526942,0,0,4.5077533872515758,0,0,1,0,0,0,0,0,-9.8066499999999994,0,0,0,0.068166348741039662,-0.1541379299033829,-10.56310029653485,-0.013605335192084175,0.0085798994107119646,-0.006896958627890591,0.030601496374078878,-0.019860733316927105,0.035622952902906603,0.0011468289397499282,-0.00093319287772388024,0.0014125980114601696
6623259688,6.6232596880000001,0.0081000677588378405,constant_velocity,0,14.05968267540381,0,0,4.5077533872515758,0,0,1,0,0,0,0,0,-9.8066499999999994,0,0,0,0.35176104143770159,0.5402221962985797,-10.082855768740325,-0.034687634886325959,0.03667141717314297,-0.0090039854572329953,0.03047765647055993,-0.019817458756840448,0.035797503891046981,0.0011426925496645852,-0.00092862677421580572,0.0014032495831235018
6631314331,6.6313143310000005,0.0080546425461976035,constant_velocity,0,14.095991017624533,0,0,4.5077533872515758,0,0,1,0,0,0,0,0,-9.8066499999999994,0,0,0,-0.024316026176423703,-0.69840816780534776,-9.7490324214220294,0.012312056386198988,0.0078412375951033737,0.018176752352525069,0.03031584435815363,-0.019889844905907391,0.035806372797317042,0.0011430609035422319,-0.00093479813616600971,0.0014015813404990151
6641936481,6.6419364810000001,0.010622149941877927,constant_velocity,0,14.143873050004927,0,0,4.5077533872515758,0,0,1,0,0,0,0,0,-9.8066499999999994,0,0,0,-0.32237602758377831,-0.28145499481665986,-9.7351777732489282,0.02099624798909026,0.0083530690882112658,0.011958417282655474,0.030315366275869768,-0.019956480585492153,0.035769687438439189,0.0011422670950073817,-0.00093320281233881172,0.001397014489018444
6650046788,6.650046788,0.0081103067030085362,constant_velocity,0,14.180432312517063,0,0,4.5077533872515758,0,0,1,0,0,0,0,0,-9.8066499999999994,0,0,0,-0.82581777454945327,0.45315092296759346,-10.242400289137569,0.0028664600338055273,0.009636195852426116,0.0016696114734348353,0.030343272225818986,-0.020020150247698092,0.035832712818507972,0.0011393378657816866,-0.00092864104080132631,0.0014035534585418806
6660823217,6.6608232170000008,0.010776428669837638,constant_velocity,0,14.229009795355998,0,0,4.5077533872515758,0,0,1,0,0,0,0,0,-9.8066499999999994,0,0,0,-0.14617660794958334,-0.21208615078060924,-9.9728903861207208,-0.0027627232525148761,0.0013016710576027562,0.011449264063705472,0.030420598663075171,-0.020071954273152372,0.035817323744723205,0.0011472089963899632,-0.00093348900148451793,0.0014095837900250322
6672255795,6.6722557950000008,0.011432577847865917,constant_velocity,0,14.280545036874733,0,0,4.5077533872515758,0,0,1,0,0,0,0,0,-9.8066499999999994,0,0,0,0.20569044799523589,0.14677284211374378,-10.30771081571087,-0.0020159436221129506,0.0058766515387826922,0.00086774352705088582,0.03041571152416149,-0.01993392599710065,0.035996912099177332,0.0011426570274391209,-0.0009285964979889545,0.0014077349945189968
6680666313,6.6806663130000006,0.0084105177204443545,constant_velocity,0,14.318457576617606,0,0,4.5077533872515758,0,0,1,0,0,0,0,0,-9.8066499999999994,0,0,0,-0.11569980945606578,-0.66960590750575799,-9.5845970837701753,0.018977379192166959,0.040287907673855816,0.0016648694085251974,0.03044653862180894,-0.019937359655229397,0.035844909781068933,0.0011524778305414612,-0.0009281630044404611,0.0014059050381630598
6692353485,6.6923534850000008,0.011687171851226703,constant_velocity,0,14.371140465117364,0,0,4.5077533872515758,0,0,1,0,0,0,0,0,-9.8066499999999994,0,0,0,0.044983063644586416,-0.3022854864574962,-9.4368538865276612,0.0083923232722771281,-0.017011885783646149,0.010016821754406371,0.030374267614456076,-0.019911519456487937,0.035851889297858999,0.0011452415627898793,-0.00092528689480354928,0.0014062989659421707
6701039540,6.70103954,0.0086860546018577203,constant_velocity,0,14.410295057170741,0,0,4.5077533872515758,0,0,1,0,0,0,0,0,-9.8066499999999994,0,0,0,0.29773056102109235,0.02478893797426018,-9.8944783785466175,0.021390642498292894,0.0090507736016363256,-0.020209596235629543,0.030434081113111931,-0.019814295811145004,0.035838964762777301,0.0011444616824397725,-0.00092732777712093795,0.0013994933955615812
6709290927,6.7092909270000005,0.0082513865899922663,constant_velocity,0,14.4474902730213,0,0,4.5077533872515758,0,0,1,0,0,0,0,0,-9.8066499999999994,0,0,0,0.60028226981110799,0.042781041840715253,-10.281315675814428,0.0042603827047882322,-0.017694931514471754,0.015605758052077997,0.030454639080693471,-0.019856885194958412,0.035841347481267806,0.0011420779985209155,-0.00092310951551309182,0.0013954401397692183
6717514418,6.7175144180000004,0.0082234913661849551,constant_velocity,0,14.484559744082254,0,0,4.5077533872515758,0,0,1,0,0,0,0,0,-9.8066499999999994,0,0,0,0.35107354092605292,0.058484706691081162,-9.361655010444764,0.0083210638572488067,-0.029323632214758935,-0.0080046938375082817,0.030438910338744098,-0.019840604178575489,0.035756424998831748,0.0011469056936813337,-0.00092408067734280682,0.001402490899774993
6727118231,6.7271182310000004,0.009603813051804062,constant_velocity,0,14.527851364897055,0,0,4.5077533872515758,0,0,1,0,0,0,0,0,-9.8066499999999994,0,0,0,-0.023689890636158929,-0.17616401394218975,-9.7960200852723407,0.0033352251903317988,-0.0095932533570693927,-0.0011831114618839878,0.030553855200641564,-0.019936708295963262,0.035803215018916222,0.0011424597641861527,-0.00092017221061018286,0.0014031635601444428
6738381817,6.7383818170000005,0.011263585957688381,constant_velocity,0,14.578624832650425,0,0,4.5077533872515758,0,0,1,0,0,0,0,0,-9.8066499999999994,0,0,0,0.13960349518926485,0.10529171734399201,-9.4975632251096052,-0.017372342528640596,0.0090448250227414834,-0.023764769525862692,0.030593285231182064,-0.01984665275625714,0.035897290779619832,0.0011495153326804748,-0.00091764319115951269,0.0014041369520646511
6747930276,6.7479302760000008,0.0095484586108043491,constant_velocity,0,14.621666929296309,0,0,4.5077533872515758,0,0,1,0,0,0,0,0,-9.8066499999999994,0,0,0,0.072595279134974933,-0.1024959153977542,-9.9376179629543095,-0.0034872384090442817,0.018588419258502988,0.0044576253612295304,0.030571827012085852,-0.019841083709243115,0.03569029328237347,0.0011441981858282923,-0.00091703649932886751,0.0014050686369700769
6757412152,6.7574121520000006,0.00948187570381929,constant_velocity,0,14.664408886617698,0,0,4.5077533872515758,0,0,1,0,0,0,0,0,-9.8066499999999994,0,0,0,-0.093820967038502734,-0.2969107987462789,-10.192277056263695,-0.013714467867392185,-0.013805273587032416,0.021294286132339638,0.030464076629713593,-0.019946417429786985,0.035642054233976678,0.0011418831695800134,-0.00091416813925311504,0.0014116076318956279
6766749596,6.7667495960000004,0.0093374443174644647,constant_velocity,0,14.706499782868022,0,0,4.5077533872515758,0,0,1,0,0,0,0,0,-9.8066499999999994,0,0,0,0.41373684050051374,0.78438832782675816,-9.752375031928235,0.013833428740641926,-0.025983410399196136,0.011600079172063241,0.03047645017668708,-0.019856099565092607,0.035563019313162379,0.0011400812783820772,-0.00090649501964877371,0.0014125831824933614
6777922186,6.7779221860000005,0.011172590020479503,constant_velocity,0,14.756863063377212,0,0,4.5077533872515758,0,0,1,0,0,0,0,0,-9.8066499999999994,0,0,0,-0.41164552715005276,0.53048368291778747,-9.4550257806791329,0.0035197281203319395,0.002768891432424694,-0.0068436889525164517,0.03059444280721595,-0.019913174472968566,0.035644954431765505,0.0011364443026639973,-0.00091324861282694877,0.0014130177409116223
6788920877,6.7889208770000007,0.010998691044410964,constant_velocity,0,14.806442450187989,0,0,4.5077533872515758,0,0,1,0,0,0,0,0,-9.8066499999999994,0,0,0,-0.048299601927894453,-0.29917664730399579,-9.7203305321033344,-0.013897018005133956,-0.0083887113755366765,0.011350558988379571,0.030660713218422436,-0.019875316222983348,0.035757450389658038,0.0011309035988603133,-0.00091300371930180455,0.0014172044964109564
6798225130,6.7982251300000005,0.0093042531413266207,constant_velocity,0,14.84838372880165,0,0,4.5077533872515758,0,0,1,0,0,0,0,0,-9.8066499999999994,0,0,0,0.4588505683392996,0.26472734513374963,-10.158192888857675,-0.021619356784772299,0.019055214385339629,0.0066207512613855306,0.030651957749798637,-0.019832481987213588,0.035750132498730672,0.0011310491541911189,-0.00091367874573859372,0.0014208142764794286
6809403763,6.8094037630000006,0.011178632571837231,constant_velocity,0,14.898774247642191,0,0,4.5077533872515758,0,0,1,0,0,0,0,0,-9.8066499999999994,0,0,0,-0.21947618023193499,0.069135278718367457,-10.025659951581812,-0.0073037239056390636,0.0030290517997901903,0.0029896522491931945,0.030622679613735396,-0.019863080981411065,0.035816037302664812,0.0011289475787714129,-0.00091034642745988089,0.0014188797808851099
6818103441,6.8181034410000008,0.008699678241234467,constant_velocity,0,14.937990251702114,0,0,4.5077533872515758,0,0,1,0,0,0,0,0,-9.8066499999999994,0,0,0,0.28092641710314792,-0.33225452824731455,-9.3775638160600288,0.00015618015018484678,0.011632214769078728,0.0079444388864500781,0.030652765750029478,-0.019914249791934752,0.035698662625106618,0.001130272281242383,-0.00090722695101954286,0.0014249561638318606
6826926773,6.8269267730000003,0.0088233322921772717,constant_velocity,0,14.977763657729023,0,0,4.5077533872515758,0,0,1,0,0,0,0,0,-9.8066499999999994,0,0,0,0.024111389852022054,-0.37847289568609421,-9.8887522544159925,0.020131573495793999,0.011215392715937651,0.012900736267784004,0.030648200555634841,-0.019949222221665591,0.035808013339175444,0.0011302764393755404,-0.0009127516112758309,0.0014231337018113107
6838020837,6.8380208370000002,0.011094063961561498,constant_velocity,0,15.027772962130138,0,0,4.5077533872515758,0,0,1,0,0,0,0,0,-9.8066499999999994,0,0,0,-0.016171573206900557,0.15304290844697258,-9.8221043779207129,-0.013711086539664625,0.013615632344939264,-0.0096093358581279559,0.030793249775929187,-0.01990759246614645,0.035860266678118292,0.0011298346778541039,-0.00091482810191726252,0.0014197128215860532
6847969147,6.8479691470000006,0.0099483096941597217,constant_velocity,0,15.072617488851414,0,0,4.5077533872515758,0,0,1,0,0,0,0,0,-9.8066499999999994,0,0,0,0.36351702596003937,-0.046443146730565765,-9.4674601241235887,0.01919041328873991,0.013885058994035469,0.0030068998938749389,0.030759763180777201,-0.019933730446935916,0.035852691889282612,0.0011351818531475089,-0.00091839297564342344,0.0014157726411140985
6856413075,6.8564130750000007,0.0084439276508355525,constant_velocity,0,15.110680632321175,0,0,4.5077533872515758,0,0,1,0,0,0,0,0,-9.8066499999999994,0,0,0,-0.34505394188535321,0.31076642789569653,-10.238634721676638,-0.020488970336316858,-0.028291261251961061,-0.0092848303920734336,0.030676324920168353,-0.019914762348310203,0.035930310160073468,0.0011330605995883828,-0.0009103933755498215,0.0014203506169562046
6867204424,6.8672044240000005,0.01079134926394963,constant_velocity,0,15.15932537351876,0,0,4.5077533872515758,0,0,1,0,0,0,0,0,-9.8066499999999994,0,0,0,0.01220289839117681,-0.077077737957503029,-9.0660405429028224,-0.0067691094693921455,0.001862684064051648,-0.010867882138740266,0.03078922457345537,-0.020011253159805585,0.035882628276982007,0.0011313747505840039,-0.00091717658335390903,0.001418562427641085
6876950429,6.8769504290000008,0.0097460048348126469,constant_velocity,0,15.203257959825057,0,0,4.5077533872515758,0,0,1,0,0,0,0,0,-9.8066499999999994,0,0,0,-0.040666522083435547,0.21868882019002767,-10.037775715027072,-0.0012310396555484269,-0.0070843961668427251,-0.0030265847897490341,0.030690981848206993,-0.020062720345824361,0.035787488067448053,0.0011263383788965406,-0.000921022640684692,0.0014180632658858047
6886053294,6.8860532940000008,0.0091028650819252616,constant_velocity,0,15.244291430731801,0,0,4.5077533872515758,0,0,1,0,0,0,0,0,-9.8066499999999994,0,0,0,0.62108774902078201,-0.19731013125049329,-9.468917579812608,-0.0056213577719311774,-0.00050739372007152376,-0.00064485407109355448,0.030591337460870879,-0.020141921582564191,0.035849174680369932,0.0011183383065376464,-0.00091864225932908588,0.0014202164829710969
6894775680,6.8947756800000004,0.008722386417328672,constant_velocity,0,15.283609797649431,0,0,4.5077533872515758,0,0,1,0,0,0,0,0,-9.8066499999999994,0,0,0,0.2037858328291505,-0.49422332101060218,-9.8169001257489885,0.0065054191242722385,-0.019942102644539921,-0.0089943434706811955,0.030601096832071007,-0.020186157751437173,0.035794779614343672,0.0011219582605395543,-0.00090965312287414376,0.0014205517312600002
6903399772,6.9033997720000002,0.0086240917151469663,constant_velocity,0,15.322485076290354,0,0,4.5077533872515758,0,0,1,0,0,0,0,0,-9.8066499999999994,0,0,0,-0.86084116814080547,0.2759657142645297,-9.7184542108087282,0.011525290519815833,-0.030642688168294456,-0.0077002866750734075,0.030606450368508231,-0.020162283360262798,0.035795357783920449,0.0011291679984423131,-0.00090687734864674163,0.0014158219742519908
6913928530,6.9139285300000006,0.010528758139964517,constant_velocity,0,15.369946121459332,0,0,4.5077533872515758,0,0,1,0,0,0,0,0,-9.8066499999999994,0,0,0,-0.25145045531052013,0.092237557489921213,-10.128459742074892,0.0057593128907247725,-0.0036001867502299671,0.012101006860146153,0.030440531395017012,-0.020065152313351271,0.035851276551952145,0.0011337220144025501,-0.00090359368024053443,0.0014159077855779641
6923702598,6.9237025980000002,0.0097740682302545692,constant_velocity,0,15.41400521063149,0,0,4.5077533872515758,0,0,1,0,0,0,0,0,-9.8066499999999994,0,0,0,-0.41799924634614122,0.015051301232770299,-9.5814244449802786,0.015586772836171405,0.010740236096333129,-0.0071619818559754932,0.0305649406803392,-0.01999813036536751,0.035998509830664646,0.0011332665559712742,-0.00090865081774812811,0.0014200698895567403
6933353254,6.933353254,0.0096506560719913682,constant_velocity,0,15.45750798822921,0,0,4.5077533872515758,0,0,1,0,0,0,0,0,-9.8066499999999994,0,0,0,-0.17510528676943932,0.43329680596100972,-10.202316282508123,0.0066425717056019839,-0.018984219348891888,0.0016150361137451932,0.030560076656040314,-0.019993118959278695,0.036049037162996005,0.0011365706768606005,-0.00090524994163228994,0.0014132531434509336
6945069521,6.9450695210000006,0.011716266933389601,constant_velocity,0,15.51032203018414,0,0,4.5077533872515758,0,0,1,0,0,0,0,0,-9.8066499999999994,0,0,0,-0.020312629781409283,-0.0028444319525766787,-9.640000892144414,0.0061736507628640403,0.033106490479587476,-0.0058111180005892913,0.030425373738717114,-0.019985880553562062,0.036180136328922301,0.0011415895972478854,-0.00090827107801723123,0.0014168434705464465
6953296778,6.9532967780000003,0.0082272569113315836,constant_velocity,0,15.547408475393985,0,0,4.5077533872515758,0,0,1,0,0,0,0,0,-9.8066499999999994,0,0,0,-0.51765158378697906,-0.076279818757241616,-10.127502153426251,-0.00421260929419995,0.012455859992306272,-0.004058273552582729,0.030346682679728162,-0.019798143795849793,0.036352473645461444,0.0011382467089879036,-0.00091120953463680147,0.0014115573739543082
6961545204,6.9615452040000001,0.0082484258358672489,constant_velocity,0,15.584590344895108,0,0,4.5077533872515758,0,0,1,0,0,0,0,0,-9.8066499999999994,0,0,0,0.1666974674900589,0.29868273854389837,-9.5299767583563799,0.015145502706977329,0.014863699362451577,0.0037386613433522519,0.030403510641155877,-0.019671295177290465,0.036338095745669742,0.001140674915500451,-0.00090701868430113246,0.0014110811767640737
6970260117,6.9702601170000005,0.0087149125449760521,constant_velocity,0,15.623875021439325,0,0,4.5077533872515758,0,0,1,0,0,0,0,0,-9.8066499999999994,0,0,0,-0.3077488239968027,-0.47656668355154319,-9.6238123298879241,-0.038243618842983468,0.0010282593756441721,0.0021198635265798965,0.030322752632725141,-0.01961522345314012,0.036462512622280945,0.0011404011094001108,-0.00091123082949372367,0.0014089115576980467
6978330006,6.9783300060000002,0.0080698891327308352,constant_velocity,0,15.660252091512136,0,0,4.5077533872515758,0,0,1,0,0,0,0,0,-9.8066499999999994,0,0,0,0.17566299903539589,0.059407239999129294,-9.5234387619204224,-0.026783780816761315,0.0079764452658239379,0.015432966567542498,0.030325007846355667,-0.019681717119573061,0.036535097245412852,0.0011384756947769067,-0.00090928368301664453,0.0014148393153458861
6986437068,6.9864370680000007,0.0081070616611891126,constant_velocity,0,15.69679672617602,0,0,4.5077533872515758,0,0,1,0,0,0,0,0,-9.8066499999999994,0,0,0,-0.08233244056427097,-0.13907322390221058,-9.8159183445789289,0.018288272538638618,0.015459935346940687,-0.0055052650627817681,0.030212729580079947,-0.019720750054829355,0.036615340342175333,0.0011419406736916601,-0.00091659492231697503,0.0014125113499043737
6997111019,6.9971110190000001,0.010673950509097602,constant_velocity,0,15.74491226273876,0,0,4.5077533872515758,0,0,1,0,0,0,0,0,-9.8066499999999994,0,0,0,-0.10889227828113578,-0.80086954855069992,-10.002219662856984,0.0086223601598790032,-0.010744327961118199,0.025631992685910019,0.030345324337480401,-0.019836972046081279,0.036586129933386224,0.0011412604263207218,-0.00092234500949189998,0.0014179231019010652
7008359167,7.0083591670000001,0.01124814758858541,constant_velocity,0,15.795616138131511,0,0,4.5077533872515758,0,0,1,0,0,0,0,0,-9.8066499999999994,0,0,0,-0.46566529727486938,-0.38719770031570877,-9.6521678835759417,0.019027228005164425,0.018983332528393987,-0.010427092537503435,0.030321561214647144,-0.019915727868813744,0.036633178682436686,0.0011422624273772644,-0.00092293553778866381,0.0014265188475860381
7020177706,7.0201777060000001,0.011818538924456607,constant_radius_turn,0,15.848891136725699,5.6666970068972479e-05,0,4.5077431871950395,0.009589503363448092,0,0.99999943430471105,0,0,0.0010636683026303334,0,0.81139560970528357,-9.8066499999999994,0,0,0.17999999999999999,-0.2578976695095081,1.2757642567727583,-9.7448733957053086,-0.0052528472242581777,-0.005375331578968412,0.16992260673413154,0.030470148798877463,-0.019872849957429061,0.036574858755640753,0.0011431790092111069,-0.0009186627377900736,0.0014316340506750514
7030006484,7.0300064840000003,0.0098287780678068953,constant_radius_turn,0,15.893196626054877,0.00019011227970493254,0,4.5077191670339598,0.017564493522844799,0,0.99999810214495177,0,0,0.001948257296799464,0,0.81139560970528357,-9.8066499999999994,0,0,0.17999999999999999,0.04917711993433288,0.1630616038489171,-9.7783875600786399,-0.0011349294729546147,-0.020450266733568045,0.19449340007758267,0.030567776533073979,-0.019807465348346733,0.036525558530140528,0.0011456352277267347,-0.00092522051109664161,0.0014271130941341044
7041842669,7.0418426690000002,0.011836185377170108,constant_radius_turn,0,15.946550543736166,0.00045484453076988755,0,4.5076715152126789,0.027168202338159225,0,0.99999545936646594,0,0,0.0030135106521582329,0,0.81139560970528357,-9.8066499999999994,0,0,0.17999999999999999,0.0058971845141537645,0.81991645072800745,-10.043138734161564,0.0054623392906438736,0.0078805195263561539,0.17387349251601872,0.030586184851972818,-0.019825027107194481,0.036537767061468711,0.0011360602020151207,-0.00092634376126932442,0.0014356336157089575
7052794562,7.0527945620000008,0.010951893234187084,constant_radius_turn,0,15.9959177396633,0.0008010475890957399,0,4.5076091986434177,0.036054300482804814,0,0.99999200326790905,0,0,0.0039991749441815596,0,0.81139560970528357,-9.8066499999999994,0,0,0.17999999999999999,-0.24030381237709947,0.54877890430916298,-10.21704029165962,-0.00042724915499402953,-0.0039218212669603781,0.17708097175777229,0.030514605139995814,-0.019725599048788241,0.03642319476351364,0.0011325700949398327,-0.0009317173270998087,0.0014401843556528704
7063767616,7.0637676160000007,0.010973054032829046,constant_radius_turn,0,16.04537954000828,0.001245520630927128,0,4.5075291934713073,0.044957427439333356,0,0.99998756613578788,0,0,0.004986739799029174,0,0.81139560970528357,-9.8066499999999994,0,0,0.17999999999999999,0.80481936097536111,0.75328480521275432,-10.317063461729141,-0.0074932192310638857,0.00030572738952808925,0.19242335299823432,0.030509141612887918,-0.019574548021052268,0.036261218365994927,0.0011371775290611214,-0.00093219786620857498,0.0014425417780650237
7072859445,7.0728594450000006,0.0090918286429652155,constant_radius_turn,0,16.08636086113729,0.0016877994320944958,0,4.5074495832700023,0.052334066888922434,0,0.99998315088942824,0,0,0.0058049924419411045,0,0.81139560970528357,-9.8066499999999994,0,0,0.17999999999999999,0.22579172682372758,1.1946288652650776,-9.9888668687016082,-0.023779052763834723,-0.0036425897032643963,0.17615354081931217,0.030553474626908318,-0.019593899625652614,0.036320034889475238,0.0011283288441044273,-0.00093474502731404042,0.0014474819625750254
7081099638,7.0810996380000004,0.0082401934167985035,constant_radius_turn,0,16.123502777274695,0.0021465873646776068,0,4.5073670014274523,0.059019613019336163,0,0.99997857081283392,0,0,0.0065465956895169293,0,0.81139560970528357,-9.8066499999999994,0,0,0.17999999999999999,-0.53054609160369381,1.0788341688914485,-10.157872284901526,0.028267224783655766,0.0039735665150674674,0.21172883034366863,0.030627763840270904,-0.019602944884611291,0.036334387753603405,0.0011243592302759087,-0.00093681279295129509,0.001446793138125946
7090601408,7.0906014080000004,0.0095017704402442608,constant_radius_turn,0,16.166330232926882,0.0027440024911442912,0,4.5072594666792787,0.066728556915918377,0,0.99997260679017952,0,0,0.0074017342057879189,0,0.81139560970528357,-9.8066499999999994,0,0,0.17999999999999999,-0.26647158381199409,0.2627346646729779,-9.964106035524452,0.0073586309917064354,0.003420712456923243,0.18832131866236421,0.03050158252738018,-0.019704337876683565,0.036207988161602249,0.0011252766670807987,-0.00093447661511165481,0.0014517559669552705
7099489655,7.0994896550000002,0.0088882472511577302,constant_radius_turn,0,16.206391369410579,0.0033691490097400517,0,4.5071469402825439,0.073939563021119079,0,0.99996636588585508,0,0,0.0082016520918807411,0,0.81139560970528357,-9.8066499999999994,0,0,0.17999999999999999,0.32886512994365152,0.36605294361951568,-9.2427060601037656,0.016574409490958161,0.0011187466377192898,0.19919988744496264,0.030441656187608464,-0.01986845043497051,0.036058396092130907,0.0011214829214064698,-0.00093789407171739904,0.001452628496752919
7109555477,7.1095554770000007,0.010065822485672941,constant_radius_turn,0,16.251758798949737,0.0041545109869576009,0,4.5070055750889848,0.082105702572164346,0,0.99995852547786868,0,0,0.0091075421561875175,0,0.81139560970528357,-9.8066499999999994,0,0,0.17999999999999999,-0.40818581083033112,0.68312376896819305,-9.4186289149488527,0.010153357568323289,0.00025873950077473474,0.18895598018920109,0.030450015393753874,-0.019834782316399104,0.036021502084620467,0.0011189421758361312,-0.00094370152058275314,0.0014533744321668309
7120934222,7.1209342220000007,0.011378745057270661,constant_radius_turn,0,16.303041855813071,0.005141289186496434,0,4.5068279549526267,0.091336656034597202,0,0.99994867420811839,0,0,0.010131581783038895,0,0.81139560970528357,-9.8066499999999994,0,0,0.17999999999999999,-0.24432957032051802,0.81166796823036025,-10.142926023696527,0.0080468413682619217,-0.023556563190883395,0.19068866355791375,0.03050447038700985,-0.020002718497440588,0.036099986899056642,0.0011188606691992281,-0.00094065226922015229,0.0014552211164318644
7129154845,7.1291548450000004,0.0082206226888912465,constant_radius_turn,0,16.340090212157929,0.0059195438312119198,0,4.5066878690914676,0.098005361393468257,0,0.99994090461738361,0,0,0.010871397010899651,0,0.81139560970528357,-9.8066499999999994,0,0,0.17999999999999999,-0.18296683066631697,1.1474363786297079,-10.105329725408923,0.030592885076787903,-0.0042629805508119876,0.16943545919218314,0.030531408913304164,-0.020144483646001153,0.036152670250980075,0.0011196914030746521,-0.00093666824129546515,0.0014545512671637324
7140878101,7.1408781010000002,0.011723255810729312,constant_radius_turn,0,16.392921995851594,0.0071242282310436432,0,4.5064710258208942,0.10751508598718051,0,0.99992887770667693,0,0,0.011926421435857587,0,0.81139560970528357,-9.8066499999999994,0,0,0.17999999999999999,0.33489166901652656,1.3001936036474446,-9.8947185252762146,-0.0037033913488427488,0.0046450892194678083,0.17685326498861451,0.030620869468133905,-0.020220004587678159,0.036052524307405187,0.0011206848535233699,-0.00093558115260403921,0.0014530462525490951
7149448087,7.1494480870000006,0.0085699863900772846,constant_radius_turn,0,16.43154165755816,0.0080754183613114035,0,4.506299811564026,0.11446662647286991,0,0.99991938144361392,0,0,0.012697661730433137,0,0.81139560970528357,-9.8066499999999994,0,0,0.17999999999999999,-0.33382200024312708,0.90135159249502017,-9.6680842166068075,-0.009692207809916014,-0.029926115371499275,0.21180645382784694,0.030611075890103662,-0.020426717382643553,0.036032351266036988,0.0011179757960897317,-0.00093512194908002011,0.0014480143624379508
7159284406,7.1592844060000003,0.0098363187785741671,constant_radius_turn,0,16.475866027528305,0.0092405875811241815,0,4.5060900810505942,0.12244501515174298,0,0.99990774878400435,0,0,0.01358285396021682,0,0.81139560970528357,-9.8066499999999994,0,0,0.17999999999999999,0.096686571375177444,0.74260417534731471,-9.0471244690653219,0.0016441613548160831,0.0020820453894892371,0.20552509642822067,0.030671499670295553,-0.020384208088648395,0.036074912393658162,0.0011105074605698795,-0.0009420176682190212,0.0014465129188093652
7169338870,7.1693388700000007,0.010054463645122358,constant_radius_turn,0,16.521171195289718,0.010512703275876407,0,4.5058611001640454,0.13059994757470672,0,0.99989504825189013,0,0,0.014487666525368263,0,0.81139560970528357,-9.8066499999999994,0,0,0.17999999999999999,-0.11802674948354452,0.60203643708850185,-9.6303517663221818,0.0097564996919807471,0.0069324126897303403,0.1895418528233288,0.030655877837849371,-0.020339527705342676,0.036064626907784912,0.001112359612968335,-0.00094655584567393818,0.0014461506277623304
7179210136,7.179210136,0.0098712658104364633,constant_radius_turn,0,16.565648567477297,0.011841404405516662,0,4.5056219338987225,0.13860587667480403,0,0.99988178261072613,0,0,0.01537598137345051,0,0.81139560970528357,-9.8066499999999994,0,0,0.17999999999999999,0.01959658570888051,0.57029039528764713,-9.3994310195021988,0.011884153408204099,-0.029321048231105106,0.1963167405648624,0.030688394530692838,-0.02030125954012664,0.036041699432872908,0.0011152224260349722,-0.0009497544716201851,0.0014472434878882792
7190037363,7.1900373630000001,0.010827226954508461,constant_radius_turn,0,16.614430450030486,0.013389657238302826,0,4.5053432483019664,0.14738661831368335,0,0.99986632476084747,0,0,0.016350309148014788,0,0.81139560970528357,-9.8066499999999994,0,0,0.17999999999999999,-0.47204380316037992,0.87446664300650823,-10.26437792310532,0.0092204051308407559,0.0026190740358775166,0.18864368605886889,0.030750702164429277,-0.020268936004262047,0.035952389649831301,0.001116809579838825,-0.00094361423813408239,0.0014496262355145147
7199727258,7.1997272580000002,0.0096898953044645599,constant_radius_turn,0,16.658085475729571,0.014855889290087396,0,4.505079326466606,0.15524452493163693,0,0.99985168559197857,0,0,0.017222276820423484,0,0.81139560970528357,-9.8066499999999994,0,0,0.17999999999999999,0.14406293654366034,1.0356473479139703,-9.9421609172903835,-5.31834048636084e-05,0.017609474191522211,0.20424615665619375,0.030769337919462091,-0.020256228682921533,0.035920456507161719,0.0011167885013728422,-0.00093813097620442786,0.0014498064015332594
7211023831,7.2110238310000003,0.011296572905801128,constant_radius_turn,0,16.708975597179673,0.016661359967988183,0,4.5047543416342135,0.16440474994890433,0,0.99983365909731392,0,0,0.018238808515808485,0,0.81139560970528357,-9.8066499999999994,0,0,0.17999999999999999,-0.75878566032091233,1.0424756277681386,-9.89478080130616,0.0046582974083280585,0.021297592851844602,0.18766485993189086,0.030685432188662147,-0.020367373833270346,0.036010311352913972,0.0011146347797407997,-0.00094205852938432843,0.001445633013648569
7219975156,7.2199751560000003,0.0089513253708030406,constant_radius_turn,0,16.749297907254807,0.018165484818374652,0,4.5044835991032031,0.17166276733265692,0,0.9998186411058394,0,0,0.019044287785914688,0,0.81139560970528357,-9.8066499999999994,0,0,0.17999999999999999,-0.061133552199582872,0.92639976980429228,-9.7800012542250645,0.00089789214493589029,-0.027077430735097087,0.17291246624236234,0.030546744350133381,-0.020277155068827678,0.036092368769596463,0.0011231480956148286,-0.00093273321799345363,0.0014422336888908459
7230189925,7.2301899250000004,0.01021476901424893,constant_radius_turn,0,16.795308515821151,0.019961279249383439,0,4.5041603560156291,0.17994467920783777,0,0.99980071063180553,0,0,0.019963442091400201,0,0.81139560970528357,-9.8066499999999994,0,0,0.17999999999999999,0.0072279946394961068,0.45247713223232411,-10.075497779806071,0.013229653117320356,-0.017964614728575495,0.16494501660582983,0.03059476554077193,-0.020140213017900498,0.035923022428956154,0.0011177941803778241,-0.0009308678047584355,0.0014419917594616894
7239848125,7.2398481250000009,0.0096582003492160038,constant_radius_turn,0,16.838809055390971,0.02173703335061512,0,4.5038407201977622,0.18777477830251496,0,0.99978297993882181,0,0,0.02083249924155502,0,0.81139560970528357,-9.8066499999999994,0,0,0.17999999999999999,0.65964460397798841,0.46970461376707806,-9.7393589188108134,0.021530791814005593,-0.0093518680779404346,0.18915743525465958,0.030623414249514563,-0.020166821925885377,0.036031226298803107,0.0011092016364284609,-0.00092624058363617394,0.001440684973093625
7248712194,7.2487121940000003,0.0088640689023879726,constant_radius_turn,0,16.878730056611971,0.023433329559246537,0,4.5035353868160417,0.19496056004673931,0,0.9997660423304231,0,0,0.021630085597675108,0,0.81139560970528357,-9.8066499999999994,0,0,0.17999999999999999,0.076282037544144699,0.93979416247570535,-10.653806339113633,-0.014014579917834257,-0.011897084594560497,0.1732508780877853,0.030607272685885419,-0.020319551067820345,0.03606582396178528,0.0011107996980668151,-0.00092768700502816176,0.00144092431605559
7257764525,7.2577645250000007,0.0090523307161855006,constant_radius_turn,0,16.919496083427987,0.025231389516530034,0,4.5032117359527843,0.20229844649716366,0,0.99974808829209327,0,0,0.022444597485921591,0,0.81139560970528357,-9.8066499999999994,0,0,0.17999999999999999,-0.047129093459216731,0.81015332322821998,-9.5141342147343373,0.0028448922909995495,0.0068484263853801882,0.20689487915051447,0.030527411362800877,-0.020240958277408665,0.036016970498314337,0.0011075238209394291,-0.00093139662683368557,0.001442590344552264
7265925725,7.2659257250000007,0.0081612004391123667,constant_radius_turn,0,16.956246464526188,0.026909381144568086,0,4.5029096974058573,0.20891351628447466,0,0.99973133287321392,0,0,0.023178914373785855,0,0.81139560970528357,-9.8066499999999994,0,0,0.17999999999999999,0.079419083397290202,0.66119078655350016,-9.7271576309478291,0.017571493833619119,0.010495374449641926,0.17589009197656363,0.030402054358390978,-0.020179600903709839,0.036035443097196446,0.0011143941077687643,-0.00093254184113783869,0.0014401733135144829
7276598332,7.2765983320000007,0.010672607122416137,constant_radius_turn,0,17.004302064638043,0.029185192116331214,0,4.5025000513062343,0.21756352696491293,0,0.99970860753701718,0,0,0.024139180110315375,0,0.81139560970528357,-9.8066499999999994,0,0,0.17999999999999999,-0.043658960373224545,0.69973776803107335,-9.9794592059591736,0.026282206986198774,0.002786199927493853,0.1540538266836142,0.030336354541885435,-0.020117069384846475,0.036084864979405537,0.001113896858266152,-0.00093253379583028268,0.0014375759865337151
7285775579,7.2857755790000001,0.0091772474640974318,constant_radius_turn,0,17.045620944503131,0.031215953876782544,0,4.5021345141069284,0.22500092703192132,0,0.99968832872946867,0,0,0.02496488337809482,0,0.81139560970528357,-9.8066499999999994,0,0,0.17999999999999999,0.13316784471765217,0.75695801241841743,-9.8949551549840837,0.00014049830198978189,0.016139786420634454,0.19900746461325119,0.030358239859166223,-0.020053563228834545,0.036046067687847967,0.0011120658837484824,-0.00093390845680379607,0.0014369720548188184
7294219200,7.2942192000000006,0.0084436207293677804,constant_radius_turn,0,17.08363379513623,0.033144663325160195,0,4.501787346339893,0.23184324146302088,0,0.9996690686170292,0,0,0.025724565115107938,0,0.81139560970528357,-9.8066499999999994,0,0,0.17999999999999999,-0.36315140102854371,0.86917377525211037,-9.8150189134661918,0.032977455208218313,0.011217146500035607,0.15997464428273156,0.030285342409633206,-0.020074126596270506,0.036082422517589481,0.0011130893455724895,-0.00093202226220765513,0.0014347219754735718
7302358836,7.3023588360000007,0.008139636263122722,constant_radius_turn,0,17.120275304563062,0.035058625358233113,0,4.5014428331127441,0.23843871433970384,0,0.999649955405851,0,0,0.026456882981185044,0,0.81139560970528357,-9.8066499999999994,0,0,0.17999999999999999,0.48389070299357806,0.73430482736588498,-9.7429341522965558,-0.011260617636997079,-0.0071434050707124344,0.15642228816021267,0.030245966020929729,-0.02006546162397882,0.036139073170555293,0.001104999910645194,-0.00093349086624459779,0.0014344191536111981
7312337412,7.3123374120000006,0.0099785757411995947,constant_radius_turn,0,17.165191119827774,0.037478241772986885,0,4.5010073020419741,0.246523563260971,0,0.99962579210277591,0,0,0.027354629642856194,0,0.81139560970528357,-9.8066499999999994,0,0,0.17999999999999999,-0.027292548744761485,0.38732647981087404,-9.8302884067342351,-0.0014165072202794401,-0.027442241544286681,0.18712890372998503,0.03019671572725818,-0.020036092770461075,0.036217129943004196,0.0011120904851873465,-0.00093708286104022306,0.001438089281918617
7322573972,7.3225739720000007,0.010236559848445544,constant_radius_turn,0,17.211263586421889,0.040044241120922863,0,4.5005454220297487,0.25481660959428482,0,0.99960016631987991,0,0,0.028275563535823247,0,0.81139560970528357,-9.8066499999999994,0,0,0.17999999999999999,0.51185339733748381,0.6342188948188815,-10.471213628079532,0.013709975723059492,0.00043418995997081137,0.17426296641156716,0.030118001708830305,-0.019945331075000277,0.036197737411401545,0.001109729776555254,-0.00093751571542906439,0.0014477082861224021
7332527210,7.3325272100000003,0.0099532377759999641,constant_radius_turn,0,17.256056277233348,0.042620616348792772,0,4.5000816743656546,0.26287929609701616,0,0.99957443625595899,0,0,0.029170985303583259,0,0.81139560970528357,-9.8066499999999994,0,0,0.17999999999999999,-0.037523265533683348,1.0323954558056627,-9.1360617801820752,0.021604933409624758,0.0023951729498376218,0.19107994116060223,0.030056408829414644,-0.019973102826789709,0.03618836928668008,0.0011125556953325965,-0.00094301172075105509,0.0014464838945180299
7343464955,7.3434649550000008,0.010937745379013743,constant_radius_turn,0,17.305274146633312,0.045544373105515158,0,4.4995553979808589,0.27173851545073258,0,0.99954523611514645,0,0,0.030154949171177194,0,0.81139560970528357,-9.8066499999999994,0,0,0.17999999999999999,-0.073062372440108714,1.2291083899689488,-9.6707095972599308,0.011522892931531817,-0.010518297899830805,0.17828990127744723,0.029905452603689608,-0.020085018297580866,0.036224019403476443,0.0011200127688623315,-0.00094042981355604751,0.0014459348510390264
7354211280,7.3542112800000004,0.010746324936779858,constant_radius_turn,0,17.353624961463229,0.048511326933299813,0,4.4990213461266499,0.28044166483388783,0,0.99951560368485082,0,0,0.03112166432741368,0,0.81139560970528357,-9.8066499999999994,0,0,0.17999999999999999,-0.26900655008828955,0.89606646280309932,-9.9139553548773662,-0.0052740699461085779,-0.020137755348751889,0.16312942644986744,0.029930958715784037,-0.020058992075003165,0.036254396088986798,0.0011134125867851802,-0.00094352139880731379,0.0014429844138289637
7365361082,7.3653610820000006,0.011149801923890017,constant_radius_turn,0,17.40378497005501,0.051688530647173984,0,4.498449449267711,0.28947046941110288,0,0.99948387041043496,0,0,0.032124644579774,0,0.81139560970528357,-9.8066499999999994,0,0,0.17999999999999999,-0.29536152095981155,1.0788420741402589,-9.4980876758302113,0.0266621205425225,-0.0014647037359660489,0.16809501454113443,0.029952013165678637,-0.020042008173193189,0.036131938663862252,0.0011115105860275184,-0.00094202665478526864,0.0014463237404490042
7374668876,7.3746688760000003,0.0093077939946586401,constant_radius_turn,0,17.445653324397089,0.054417935337836114,0,4.4979581563092097,0.29700677495557681,0,0.9994566088611796,0,0,0.032961902307224698,0,0.81139560970528357,-9.8066499999999994,0,0,0.17999999999999999,-0.46924048680772501,1.1399975579061787,-9.7381759394731553,0.010403311994167396,-0.026253612733306179,0.187042743411583,0.029918495343428414,-0.02001046044774784,0.03602909703705711,0.0011153566337923936,-0.00093904467717388391,0.0014436211925960177
7385049619,7.3850496190000001,0.010380743333622563,constant_radius_turn,0,17.49234255230289,0.057544706656254566,0,4.4973953373092836,0.30541083842387345,0,0.99942537746123428,0,0,0.033895647013582969,0,0.81139560970528357,-9.8066499999999994,0,0,0.17999999999999999,-0.042249047726468189,0.74172164915825378,-9.8121490201170332,0.0084378319276621309,0.0091520785456399838,0.18715545292004349,0.029902976937348748,-0.020016537696303356,0.036027376813803802,0.0011126146522389701,-0.00094145719575922809,0.0014525291861935987
7395483622,7.3954836220000004,0.010434002904161955,constant_radius_turn,0,17.539265354470565,0.060775427589628506,0,4.4968138073715034,0.31385694529682373,0,0.99939310674707449,0,0,0.034834152586660658,0,0.81139560970528357,-9.8066499999999994,0,0,0.17999999999999999,-0.20832210923040914,0.68291898475417534,-9.3203833183261029,0.011987153875004328,0.022653326791281292,0.18880782397516163,0.029922361973418098,-0.020030107908385563,0.036063080405142008,0.0011150972605556621,-0.00093286630821415382,0.0014491214676620027
7407018202,7.4070182020000006,0.011534579971216407,constant_radius_turn,0,17.591130398869407,0.064449477388898752,0,4.4961524781718101,0.32319265664236557,0,0.99935640648348145,0,0,0.035871615804456955,0,0.81139560970528357,-9.8066499999999994,0,0,0.17999999999999999,-0.4024695316020942,1.0314950606082207,-9.4197904417413518,0.01222088579490049,-0.019027399103718479,0.20474904928912882,0.029971039339805512,-0.020142264312996244,0.035968676302227109,0.0011186461786257969,-0.0009378243281575199,0.0014514218777086983
7417089483,7.4170894830000007,0.010071281308176241,constant_radius_turn,0,17.636409427730179,0.067745483172872462,0,4.4955591969692286,0.33134288406942292,0,0.99932348137594529,0,0,0.036777432899277575,0,0.81139560970528357,-9.8066499999999994,0,0,0.17999999999999999,0.074464904737363391,0.65168106233805156,-9.3044396561272738,-0.01242739928921908,-0.012088584253454724,0.19377935304293617,0.029898513843680811,-0.020251642794851567,0.036085522929815338,0.0011184735738186829,-0.00093438707210452706,0.0014516116845236624
7427538793,7.4275387930000001,0.010449309903967946,constant_radius_turn,0,17.683381621343841,0.07125196210323774,0,4.4949280305768617,0.33979788141256884,0,0.99928845257708143,0,0,0.037717218164945554,0,0.81139560970528357,-9.8066499999999994,0,0,0.17999999999999999,0.11789131282299695,0.54154268734910982,-9.9783426874575962,-0.0051721687949141549,-0.036023883180472824,0.16594426508402554,0.029834991888497562,-0.020323679296857633,0.036150878036352675,0.0011234957473760779,-0.0009329185271925081,0.0014506918914187945
7435565793,7.4355657930000003,0.0080270000539515527,constant_radius_turn,0,17.719460419588099,0.074005584128861546,0,4.4944323785264295,0.34629206622634923,0,0.99926094376248498,0,0,0.038439124221393672,0,0.81139560970528357,-9.8066499999999994,0,0,0.17999999999999999,-0.26350270418772115,0.72391530653736458,-9.2580320384457178,0.012514181290037981,-0.0038641674095365982,0.18988410531559535,0.029921730199032173,-0.020272813575603427,0.036228813921284464,0.0011260846499747414,-0.00093515427297826217,0.0014457412739304152
7444461617,7.4444616170000009,0.0088958243510506435,constant_radius_turn,0,17.759439608592142,0.077118145840309391,0,4.4938721172992757,0.35348832178472323,0,0.99922984821035377,0,0,0.039239144301494236,0,0.81139560970528357,-9.8066499999999994,0,0,0.17999999999999999,-0.057204538329284155,0.49141581049999994,-9.8038493891745393,0.019906376027634266,0.0046421739380654381,0.19589046410018693,0.029904074919719578,-0.02026886253346219,0.036183838081867176,0.0011267379290237033,-0.00093263532575217514,0.0014466290902916865
7454304477,7.4543044770000009,0.0098428596104282728,constant_radius_turn,0,17.803669044044597,0.080636662752078828,0,4.493238784090412,0.36144962224876453,0,0.99919469586050247,0,0,0.040124303909699045,0,0.81139560970528357,-9.8066499999999994,0,0,0.17999999999999999,0.018681886887992542,0.75929954720506498,-10.010944161641204,-0.0062684473130346701,-0.0037536253017165485,0.18856750440194034,0.02984596181979355,-0.020348090479042898,0.036229034126175577,0.0011251208185810784,-0.00093369778083864769,0.0014375600890592177
7463245923,7.4632459230000006,0.0089414455580837677,constant_radius_turn,0,17.843842467202403,0.083900873644718502,0,4.4926512260035327,0.36868083997817719,0,0.99916208309438481,0,0,0.040928372878600711,0,0.81139560970528357,-9.8066499999999994,0,0,0.17999999999999999,-0.55476951798527818,0.28851602702326018,-10.631986959454659,0.011169592513111559,0.00999991963759507,0.17579010917661952,0.029896235594040029,-0.020312572091944373,0.036190037897047979,0.0011229607325239706,-0.00093413102923481297,0.001439265631924708
7471696143,7.4716961430000008,0.0084502201764986365,constant_radius_turn,0,17.881803967931589,0.087045178399285203,0,4.492085251039093,0.37551391142686608,0,0.9991306673059196,0,0,0.041688243532535127,0,0.81139560970528357,-9.8066499999999994,0,0,0.17999999999999999,0.55537770359862659,0.88652070150290485,-9.0876249859193727,0.0095698443369950075,0.0040418367070172104,0.13000537804112255,0.029901224171221097,-0.020243692237992238,0.036135138727315726,0.0011221828472408521,-0.00093615485274117847,0.001437949829816178
7482660465,7.4826604650000004,0.010964322291571639,constant_radius_turn,0,17.931052527564756,0.091211031910019127,0,4.4913353971651899,0.3843786550383122,0,0.999089043359214,0,0,0.042674154233807542,0,0.81139560970528357,-9.8066499999999994,0,0,0.17999999999999999,0.14256676308829785,0.72494576897919671,-10.10383947629618,0.027367880036272881,-0.0015772219205502311,0.19242651251414544,0.029789976371859067,-0.020195396735336001,0.0361491994496747,0.0011250579774978941,-0.00093444607478950111,0.0014337898256764265
7494539599,7.4945395990000003,0.011879133646620977,constant_radius_turn,0,17.984400758315939,0.095834153125386623,0,4.4905032350313201,0.39398134023238779,0,0.99904284849929992,0,0,0.04374227774596158,0,0.81139560970528357,-9.8066499999999994,0,0,0.17999999999999999,-0.12515661022859381,0.36721385996726014,-9.9540592573448663,0.01132342375831619,0.00036491881560463254,0.17641883427809948,0.029687160294432122,-0.020198634956054548,0.036221534813276654,0.0011183133334889456,-0.00093344815840268346,0.0014349430082934485
7503577916,7.5035779160000002,0.0090383173319312522,constant_radius_turn,0,18.024984428047027,0.099428094239886161,0,4.4898563254886792,0.40128640239529162,0,0.99900693587779732,0,0,0.044554933150601529,0,0.81139560970528357,-9.8066499999999994,0,0,0.17999999999999999,-0.23780489010872519,0.38752415073197322,-9.3996590704877381,0.0042540767647620253,0.020919406910945629,0.20559836732394077,0.029530980536816909,-0.020262643989355268,0.036321548791717444,0.0011178633300747134,-0.00093420960850882371,0.0014279590405850348
7515172498,7.5151724980000001,0.011594582051817379,constant_radius_turn,0,18.077037523729238,0.10413516043831635,0,4.4890090532671989,0.4106559630191452,0,0.99895989834337839,0,0,0.045597384813025325,0,0.81139560970528357,-9.8066499999999994,0,0,0.17999999999999999,0.1543513899746641,0.81538889587511043,-9.6060752572344033,-0.014787219504841171,0.0035837995601023121,0.17059941285218044,0.02954804718080694,-0.020314861646913752,0.036185730339441911,0.0011159805541267902,-0.00093821451383723181,0.0014277824817926403
7526112426,7.5261124260000001,0.010939927750499515,constant_radius_turn,0,18.126142487505454,0.10867605545552463,0,4.4881916919013847,0.41949485935520792,0,0.9989145192540515,0,0,0.046580931972720466,0,0.81139560970528357,-9.8066499999999994,0,0,0.17999999999999999,0.066833855580553825,0.76923502757030549,-9.8738303839893113,-0.00883376999330545,0.021362803444845178,0.18865998325484204,0.029649885613825779,-0.020364047786241124,0.03631320890380333,0.001104550021624291,-0.00093296299894198346,0.0014301950495681369
7534259578,7.5342595780000003,0.0081471522409397954,constant_radius_turn,0,18.162705942848454,0.11212055386953251,0,4.4875716820761795,0.42607628249648077,0,0.99888009555077584,0,0,0.047313367164818897,0,0.81139560970528357,-9.8066499999999994,0,0,0.17999999999999999,0.42491703572485578,1.0527950744110031,-9.4466675006200944,0.01158049682075764,0.015585656528320897,0.18036921396252623,0.029711735738733928,-0.02037481587173479,0.036279080086698855,0.0011064087294718147,-0.00093440084249483241,0.0014353101200561367
7544200385,7.5442003850000008,0.0099408067821427429,constant_radius_turn,0,18.20731220073144,0.11639600388143614,0,4.486802100869661,0.43410541105778633,0,0.99883736581140958,0,0,0.048207018772420514,0,0.81139560970528357,-9.8066499999999994,0,0,0.17999999999999999,0.0060755665940069488,0.65804940474221296,-9.5663616741364557,0.0020026884503316546,-0.027943179031979237,0.1953941512696297,0.029751722652263817,-0.020430371834907136,0.036370998292574223,0.0010988930468787542,-0.00093315018312470019,0.0014355146739100501
7555630927,7.5556309270000002,0.011430542051919953,constant_radius_turn,0,18.258593621835608,0.12141081976505264,0,4.4858994336938469,0.44333607011304327,0,0.99878724436141975,0,0,0.04923454580801577,0,0.81139560970528357,-9.8066499999999994,0,0,0.17999999999999999,0.76959289500357198,1.3608477321564596,-9.5415138411929625,0.023999846177452315,-0.0093923293520373988,0.18859762809962247,0.029724596149334013,-0.020266673339161261,0.036411418688392538,0.0010933374782412435,-0.00093623776424933594,0.0014313026588659481
7565107326,7.5651073260000006,0.009476398500898613,constant_radius_turn,0,18.301100178456725,0.12564830186470147,0,4.485136686731761,0.45098725216007274,0,0.99874489015314161,0,0,0.050086369333275767,0,0.81139560970528357,-9.8066499999999994,0,0,0.17999999999999999,-0.102644813897961,0.49440512211789778,-9.8305796712259568,-0.016715217339568749,-0.0010175433482207392,0.17064344580756918,0.029771306550934334,-0.020120397318432178,0.036309578647770339,0.0010993694876396556,-0.00093424939156047855,0.0014287882409862037
7573942137,7.5739421370000004,0.0088348107196538506,constant_radius_turn,0,18.340722318966744,0.12966419375452626,0,4.4844138260398507,0.45811923895497075,0,0.99870474911255946,0,0,0.050880488401937908,0,0.81139560970528357,-9.8066499999999994,0,0,0.17999999999999999,0.15370374966660935,0.86015027520179965,-10.228191880148065,0.017962678232033354,0.0036817596075865073,0.16899481024460702,0.029821030414074395,-0.020111517755797857,0.036339791885850847,0.0011022153539337208,-0.00094222081892757421,0.0014342858174258618
7582653084,7.5826530840000004,0.0087109473679518653,constant_radius_turn,0,18.379782659159936,0.13368546907380405,0,4.4836899963346495,0.46515010163027021,0,0.99866455264517962,0,0,0.051663442490829201,0,0.81139560970528357,-9.8066499999999994,0,0,0.17999999999999999,0.35204366378282936,0.86977761630574502,-9.8534710758869348,0.02125506365101713,-0.007425121980259651,0.17924387276001164,0.029767017161680571,-0.0200968604675416,0.03628687908361914,0.0011043982765942117,-0.00094313113733463666,0.0014391284584925621
7591947412,7.5919474120000006,0.0092943276641614218,constant_radius_turn,0,18.421451897613107,0.1380435824235817,0,4.4829055357494543,0.47265056630131297,0,0.99862098733347349,0,0,0.052498796720673729,0,0.81139560970528357,-9.8066499999999994,0,0,0.17999999999999999,-0.17568967440752253,1.2509377881511612,-9.7464982323837699,-0.0030453629817747056,-0.0062030642817319879,0.18649261473610868,0.029692435262115829,-0.020062473973567488,0.036268827850611446,0.0011031935140666184,-0.00093792053330987333,0.0014433149997051568
7603932817,7.6039328170000005,0.011985404812110204,constant_radius_turn,0,18.475175162019614,0.14376644138554859,0,4.4818754207387883,0.48232075764533017,0,0.99856377662481033,0,0,0.053575964879747792,0,0.81139560970528357,-9.8066499999999994,0,0,0.17999999999999999,-0.14243932153087441,0.66017053597321462,-9.5869239071122152,-0.0023337573432261824,0.031236995637593822,0.18111213416840749,0.029696177761569253,-0.019951477315908368,0.036264063836941821,0.0011062007797753716,-0.00094366807357917351,0.0014365442990189607
7615205086,7.6152050860000005,0.011272269487509284,constant_radius_turn,0,18.525690501870397,0.14925453899868468,0,4.4808875628310991,0.49141352193812454,0,0.99850890971955542,0,0,0.05458898433443049,0,0.81139560970528357,-9.8066499999999994,0,0,0.17999999999999999,0.17914137485914289,0.97814591420560415,-10.007509545911645,0.024128671238006535,0.016799800315513685,0.18575818118554469,0.029737989851495509,-0.019913258399199545,0.036404226729003245,0.001105959275025082,-0.0009505130885194234,0.0014325508818807734
7624175788,7.6241757880000005,0.0089707022979906362,constant_radius_turn,0,18.565883624907919,0.15369531386848284,0,4.4800882231814905,0.49864828565690678,0,0.99846451115521084,0,0,0.055395125810724838,0,0.81139560970528357,-9.8066499999999994,0,0,0.17999999999999999,-0.29738718685254062,0.31342118104761746,-9.5931113059288844,0.0043122759244987128,0.025507936620439452,0.18709050144075209,0.029641936846240467,-0.019782089146399506,0.036279113834907027,0.0011103148896726288,-0.00095250302516464613,0.0014336548625730682
7634346558,7.6343465580000007,0.010170770070968492,constant_radius_turn,0,18.611444891524851,0.1588086563306762,0,4.4791678212822754,0.50684931593862315,0,0.99841338585724093,0,0,0.056309066242304869,0,0.81139560970528357,-9.8066499999999994,0,0,0.17999999999999999,0.39067789264528829,0.80232837927793299,-9.7844932403090699,-0.025205590266121174,-0.011771015989136385,0.18471953559132934,0.02966439852563699,-0.019970394316954524,0.036225729225389587,0.001115226241837581,-0.00094939534530043171,0.0014349226363384671
7644694709,7.6446947090000004,0.01034815055978427,constant_radius_turn,0,18.657791069519295,0.16409677313235127,0,4.4782159599838884,0.51519163038974292,0,0.99836051033928075,0,0,0.057238897570540778,0,0.81139560970528357,-9.8066499999999994,0,0,0.17999999999999999,0.088285464927033055,1.2447000447384493,-9.5860795319925334,-0.01699510691922633,0.0016852559423443259,0.19942509170711351,0.029704395313870788,-0.019935965555036367,0.036126812312670682,0.0011180665946481034,-0.00094699856915002941,0.0014358341880599923
7653170750,7.6531707500000001,0.0084760407447686242,constant_radius_turn,0,18.695745257197839,0.16849251150303091,0,4.4774247269241902,0.52202338549714167,0,0.9983165555248148,0,0,0.058000473834871231,0,0.81139560970528357,-9.8066499999999994,0,0,0.17999999999999999,0.39773313145444067,0.59605222112069922,-9.6356202255339287,0.014117403282412806,-0.016506489304863019,0.17481936687474559,0.029773378266431141,-0.02004718304831073,0.036178400825339893,0.001119398419256053,-0.00095508181445196495,0.0014240374153843631
7664216805,7.6642168050000006,0.011046054882190232,constant_radius_turn,0,18.745197355047807,0.17430797304613443,0,4.4763779435030351,0.53092476604279071,0,0.99825840132662191,0,0,0.058992916361349582,0,0.81139560970528357,-9.8066499999999994,0,0,0.17999999999999999,-0.12849345224715927,1.0691979369153004,-9.8756372434091055,0.01281243447477202,-0.010067237987961584,0.16867503984414559,0.029773989033712821,-0.020062573461217138,0.036102633111115993,0.0011228478498480244,-0.00094896365418546615,0.0014236777148206442
7674484952,7.6744849520000002,0.010268147027156184,constant_radius_turn,0,18.791156384651345,0.17980205888894463,0,4.4753890077708931,0.53919739372656017,0,0.99820345775249009,0,0,0.059915414802643445,0,0.81139560970528357,-9.8066499999999994,0,0,0.17999999999999999,0.61571270336717743,1.0184816012310884,-9.5775709241558769,-0.00031842060691289042,-0.012569252054531181,0.16920982572682505,0.029871507187037877,-0.020065750454646553,0.036320257301048903,0.0011190527306942084,-0.00094241808624372786,0.0014272669586896732
7683153468,7.6831534680000004,0.0086685155327727893,constant_radius_turn,0,18.829947693638864,0.18450636355670888,0,4.4745422327594495,0.54617983076102339,0,0.99815640998083621,0,0,0.060694161285653019,0,0.81139560970528357,-9.8066499999999994,0,0,0.17999999999999999,-0.46677553087681628,0.89597654163673046,-9.235196776164825,-0.0093595700231081675,0.010284100002227575,0.18608086255653547,0.029862815367526076,-0.019956191567756697,0.03626797608033297,0.0011177096409401316,-0.00094596731110778084,0.0014264148837567678
7694576988,7.6945769880000006,0.011423520098583415,constant_radius_turn,0,18.881056248014961,0.19079820542245171,0,4.4734097008262435,0.55537937379030611,0,0.99809348176673096,0,0,0.061720350410253054,0,0.81139560970528357,-9.8066499999999994,0,0,0.17999999999999999,-0.0070857847141739157,0.39792869920782081,-9.9332691992330595,0.012870440058694636,0.023800880168763718,0.17087593259595252,0.029688995820455127,-0.01991418453867403,0.036207445688055569,0.0011185462842908216,-0.00094772300195241374,0.0014226577253863327
7703754580,7.7037545800000009,0.0091775921021669954,constant_radius_turn,0,18.922107139472374,0.19592915813897349,0,4.4724861291279288,0.56276853593314258,0,0.99804216132066748,0,0,0.06254473779920118,0,0.81139560970528357,-9.8066499999999994,0,0,0.17999999999999999,0.4563593331394552,0.74338418306441756,-9.9376256991100043,-0.014389214561660405,0.0058973169261045304,0.18122777412297261,0.029622147912607664,-0.019849373481341227,0.035986368904022292,0.0011148831281771806,-0.00095766621235412498,0.0014306892562357533
7715613544,7.7156135440000009,0.01185896391547969,constant_radius_turn,0,18.975139007628105,0.20265961120258658,0,4.4712746471183955,0.57231427582607608,0,0.99797483845569346,0,0,0.063609919111193819,0,0.81139560970528357,-9.8066499999999994,0,0,0.17999999999999999,-0.27887186622999011,1.0065454309750022,-9.662685663672983,-0.012134984722848328,-0.0068936040368896678,0.16827729084319809,0.029673937394621694,-0.019738140868012705,0.036197539144170655,0.0011173618745944516,-0.00095477357781699327,0.001432423537341613
7724618294,7.7246182940000008,0.0090047502817997959,constant_radius_turn,0,19.015397516247411,0.20784578495333944,0,4.4703411356395284,0.57956080896412454,0,0.99792295950068954,0,0,0.064418684412096375,0,0.81139560970528357,-9.8066499999999994,0,0,0.17999999999999999,0.67336918414761848,1.1094268640409022,-9.9489535844590531,-0.010329924553220479,-0.016498780407218402,0.19504791239966898,0.029608641882781762,-0.019594195995105059,0.036255512277116618,0.00111099212278498,-0.00095546887372726307,0.0014471008802295743
7732717248,7.7327172480000002,0.0080989537397730231,constant_radius_turn,0,19.051599161706385,0.2125660087322043,0,4.4694914952092804,0.58607710630083909,0,0.99787573924971673,0,0,0.06514605910437965,0,0.81139560970528357,-9.8066499999999994,0,0,0.17999999999999999,-0.37771413457166614,1.1822551638446079,-9.9792983559560078,-0.012504481637891531,0.026648536625823796,0.19887776207618679,0.029679716613128938,-0.019638482579567181,0.03630262646952627,0.0011070112526829561,-0.00095839783879211741,0.0014450980741681917
7744184433,7.7441844330000009,0.01146718483237438,constant_radius_turn,0,19.102844656173453,0.21933955100446556,0,4.4682722571690849,0.59530129858009306,0,0.997807974061791,0,0,0.066175878526124068,0,0.81139560970528357,-9.8066499999999994,0,0,0.17999999999999999,-0.33184142949659545,0.93673311401789505,-9.38067928817226,0.010367141143084959,0.0079361221825605625,0.18042793843528232,0.029563320793496672,-0.019652569299518769,0.036219198375331982,0.0011051925891147985,-0.00096387283926953067,0.0014469301554810863
7754769005,7.7547690050000009,0.010584572144433747,constant_radius_turn,0,19.150133360910552,0.22568560833102386,0,4.4671299665060005,0.60381326800771717,0,0.99774448142918548,0,0,0.067126371699994192,0,0.81139560970528357,-9.8066499999999994,0,0,0.17999999999999999,0.085918658360058964,1.0716727714889573,-9.9840147511903865,-0.0025615564477507527,-0.0082561304745515547,0.18130818016127942,0.029594719555801879,-0.019763541542400724,0.036247003842976619,0.0011025359938637996,-0.000962555019114717,0.0014498827911391897
7766723177,7.7667231770000003,0.011954171755282111,constant_radius_turn,0,19.203526372212728,0.23296114010864144,0,4.4658203702827342,0.61342401375055311,0,0.9976716843786686,0,0,0.068199781444154242,0,0.81139560970528357,-9.8066499999999994,0,0,0.17999999999999999,0.20768760828527677,0.58960373828204082,-9.8116641129596616,0.0020699180514185817,0.0012643509123276514,0.15919976408341191,0.02955566884753482,-0.019664954477447927,0.03621069101442443,0.0010980027590894769,-0.00096262565945217109,0.0014494560219172397
7775876665,7.7758766650000002,0.0091534877317277236,constant_radius_turn,0,19.244399550753613,0.23860978119673054,0,4.4648036146575505,0.62078118755237,0,0.99761516191280541,0,0,0.069021654005732166,0,0.81139560970528357,-9.8066499999999994,0,0,0.17999999999999999,0.27367824415153774,0.92596083301212773,-9.3978638634653588,0.021293377871816545,-0.013702511341597,0.16158055118367859,0.029657977153314013,-0.019706269268429655,0.036368281758758211,0.0011025417898791073,-0.00096366776843179809,0.0014432408539951879
7787858351,7.7878583510000006,0.011981685856915999,constant_radius_turn,0,19.297887342088941,0.24610546505757,0,4.4634543910416333,0.63040899372488457,0,0.99754015227285253,0,0,0.070097393699439958,0,0.81139560970528357,-9.8066499999999994,0,0,0.17999999999999999,0.65493753877404404,0.70373208771281903,-9.5040177129700503,-0.028258992737183578,-0.012842624260870541,0.17391441781501873,0.029564248737152285,-0.019719560596812083,0.036453347331132487,0.0011067769577125771,-0.00096180108839038613,0.0014386787862880723
7798515956,7.7985159560000001,0.010657604888009549,constant_radius_turn,0,19.345450587236964,0.25286973697618348,0,4.4622368217241393,0.63897038047729937,0,0.99747245706805998,0,0,0.071054186298959696,0,0.81139560970528357,-9.8066499999999994,0,0,0.17999999999999999,0.11847934827317642,1.1077779571522979,-10.225725975620595,0.0031916575332217611,-0.024879455003281214,0.19755769620522612,0.029564472999822931,-0.01975198542085678,0.0365898797116656,0.0011073538823273429,-0.00096214625563776496,0.0014395652547892427
7807201627,7.8072016270000004,0.0086856710797139774,constant_radius_turn,0,19.38420374646395,0.25844991728743621,0,4.4612323890640759,0.64594595055909343,0,0.99741660851422143,0,0,0.071833899100552157,0,0.81139560970528357,-9.8066499999999994,0,0,0.17999999999999999,0.44508700149084812,0.94273423808265033,-9.8154360044498112,0.0046180871963752562,-0.0037056441194148197,0.19448504603948938,0.029520838903141368,-0.019708766150230619,0.036489056760427935,0.0011061876953194355,-0.000959244901588544,0.0014324783167639519
7816774162,7.8167741620000006,0.0095725353120176826,constant_radius_turn,0,19.426903692226162,0.26467004492894752,0,4.4601127658124176,0.65363194269800462,0,0.99735435143701912,0,0,0.072693174849109005,0,0.81139560970528357,-9.8066499999999994,0,0,0.17999999999999999,0.22269090706345743,1.1433301912514016,-9.4691816154493651,-0.0018150731595394881,0.0045871594182020125,0.17860887752313948,0.029529634573590948,-0.019758349491529579,0.036614962827700423,0.0011054914276635711,-0.00095803634103046981,0.0014303198346258504
7825981360,7.8259813600000001,0.0092071984849435764,constant_radius_turn,0,19.467963820628785,0.27072218836083117,0,4.4590233797460339,0.66102276750223454,0,0.99729377197957803,0,0,0.073519605349494796,0,0.81139560970528357,-9.8066499999999994,0,0,0.17999999999999999,0.014796028801574103,0.76737041468304934,-9.8829260804770289,-0.017068757945136025,0.020648368239860798,0.21613231965309201,0.029532720471470739,-0.019709906216247478,0.036555486665228183,0.001107609471286089,-0.00095753631546060961,0.0014325153819531472
7834414080,7.8344140800000002,0.0084327198440384537,constant_radius_turn,0,19.505561263385889,0.27632494256107271,0,4.458014883796853,0.66779030849794874,0,0.99723768744459806,0,0,0.074276475011609389,0,0.81139560970528357,-9.8066499999999994,0,0,0.17999999999999999,0.058201927624418344,0.40634054179657569,-9.7657775056969314,0.024599285447257042,-0.026580319092566616,0.19163352732706507,0.029517264879964967,-0.019700482357427166,0.036466724374323141,0.001107765718927697,-0.00096078773382653518,0.0014263786300265659
7844177867,7.8441778670000009,0.0097637866255109902,constant_radius_turn,0,19.549082606343433,0.28288334863816361,0,4.4568343704000046,0.67562415224683359,0,0.99717203265804033,0,0,0.075152759660788993,0,0.81139560970528357,-9.8066499999999994,0,0,0.17999999999999999,-0.3852271731449094,1.1964042748028434,-9.6634996178620103,-0.026180462957023917,-0.018458909964110825,0.17438042238908999,0.029498652334913406,-0.01968197095128342,0.036408642661858996,0.0011066206134703589,-0.00095818891952858295,0.0014250729225634194
7853897301,7.8538973010000008,0.0097194340598617326,constant_radius_turn,0,19.59239473677717,0.28948792029528958,0,4.4556455471993681,0.68342033771354949,0,0.99710591134917059,0,0,0.076025006100229858,0,0.81139560970528357,-9.8066499999999994,0,0,0.17999999999999999,0.10390624189290829,1.0246105713881366,-9.5836601130214891,0.020822437509128419,0.0025967653945031402,0.20307108602176188,0.029541650278020502,-0.019675643397544136,0.036340748247913252,0.0011051401686555263,-0.0009597721063098199,0.0014288627021771913
7861945963,7.8619459630000001,0.0080486623031302256,constant_radius_turn,0,19.628252719775762,0.29501451460309464,0,4.4546507600503746,0.68987477578229572,0,0.99705057878632952,0,0,0.076747269279403688,0,0.81139560970528357,-9.8066499999999994,0,0,0.17999999999999999,0.54082889231322351,0.92737232696322036,-9.8837512624516517,-0.031524321661232674,0.0091957009352290602,0.1970108660911995,0.029572442645827892,-0.019569574130412243,0.036331007595445615,0.0011062071128120996,-0.00095849548957765355,0.0014274238625514603
7871138038,7.8711380380000007,0.0091920750435490837,constant_radius_turn,0,19.669194929691887,0.3013897662722681,0,4.4535032144888245,0.69724437524856631,0,0.99698674560192735,0,0,0.077572089659089849,0,0.81139560970528357,-9.8066499999999994,0,0,0.17999999999999999,-0.11677886086727371,1.1116513773202337,-9.8095756047565743,0.048091083082059241,-0.0037525309297522912,0.16894254675888914,0.029579956480879709,-0.019502856664841153,0.036243261152856698,0.0010993645813663286,-0.0009569045742545138,0.0014251938847458291
7881054540,7.8810545400000001,0.0099165023277151803,constant_radius_turn,0,19.713351898666062,0.30834340119980852,0,4.4522515598704819,0.70519263177440705,0,0.99691711660360327,0,0,0.078461854571236292,0,0.81139560970528357,-9.8066499999999994,0,0,0.17999999999999999,-0.18437005847464469,0.70398511421662224,-9.3566882132267288,-0.016975028402518449,0.012354594590136351,0.19563437821804638,0.029524569022441279,-0.019333865387952252,0.036271876946428513,0.001104060487304212,-0.00096084927084237322,0.00143057446684248
7891542271,7.8915422710000005,0.010487731226215803,constant_radius_turn,0,19.760038893847614,0.31578333966334821,0,4.45091237055051,0.71359629340299213,0,0.99684261270251107,0,0,0.079402805368774795,0,0.81139560970528357,-9.8066499999999994,0,0,0.17999999999999999,-0.4351897654082782,0.7579046051996291,-9.5703409671042419,0.025059437474457647,-0.015057106663832033,0.16569795953969108,0.02960959677284241,-0.019256753017453207,0.036368757907963227,0.0011066619297929192,-0.00096098236620132695,0.0014251164039926366
7900087037,7.9000870370000005,0.0085447658509573508,constant_radius_turn,0,19.798066186222087,0.32191009699907147,0,4.4498095540131954,0.72044120737985462,0,0.99678125488526692,0,0,0.08016938261800842,0,0.81139560970528357,-9.8066499999999994,0,0,0.17999999999999999,0.13383576290629162,0.87805711195539593,-9.0620799788315374,0.015993755202982934,0.024710909843062723,0.17802508958582844,0.029642185732374995,-0.019413623152573643,0.036272795872593737,0.0011128525074420841,-0.0009619688211342834,0.0014269364630910971
7910255263,7.9102552630000007,0.01016822557748831,constant_radius_turn,0,19.843306111693941,0.3292771066074226,0,4.4484834919145477,0.72858439623821525,0,0.99670747126945247,0,0,0.081081543619085733,0,0.81139560970528357,-9.8066499999999994,0,0,0.17999999999999999,0.5148986995445145,0.87487736349746004,-10.226196749028682,0.0093099397425446574,0.0059431379839600777,0.20297910577854683,0.029572722801606274,-0.019416908755076238,0.036331098286125872,0.001104018516270586,-0.00096346827130455183,0.0014321985592055733
7921089607,7.9210896070000008,0.010834343847574224,constant_radius_turn,0,19.891494768515589,0.33721782882356449,0,4.4470541614639787,0.73725835721540667,0,0.99662793556702045,0,0,0.082053385350142644,0,0.81139560970528357,-9.8066499999999994,0,0,0.17999999999999999,-0.1195742332179246,0.6455428705993238,-10.010329884122612,-0.0041546880360643912,0.0051888961524238905,0.17455131086657724,0.029426000482874141,-0.019317955576435192,0.036316299891342552,0.0011023698186001841,-0.0009589395068311579,0.0014348835294716292
7931845884,7.9318458840000003,0.010756277033317274,constant_radius_turn,0,19.939320793329586,0.34519428267810454,0,4.4456183993229557,0.74586704437135276,0,0.99654803557967975,0,0,0.083018147306967743,0,0.81139560970528357,-9.8066499999999994,0,0,0.17999999999999999,-0.25573103640041789,0.90117038188558107,-10.000316639986037,0.019189590781629205,0.0048461196502104405,0.18271139501155553,0.029416725469954684,-0.019180717673338003,0.036309523668272801,0.0010978169923975835,-0.00094805539842136291,0.0014316525578879058
7942292535,7.9422925350000009,0.010446651001957238,constant_radius_turn,0,19.985755250333778,0.35302975301482148,0,4.4442080142479234,0.75422524909511313,0,0.99646954158518253,0,0,0.083955063534108504,0,0.81139560970528357,-9.8066499999999994,0,0,0.17999999999999999,-0.43296428534880088,0.57970801842384378,-9.8718499508786675,0.021257493374041422,-0.007356688787339952,0.16267988803914415,0.02937093182113713,-0.019159580760373267,0.036373760610747867,0.0010968664361317001,-0.00095092898202150326,0.0014311056335614978
7951517516,7.9515175160000009,0.0092249812318077589,constant_radius_turn,0,20.026747180967114,0.36002150027517715,0,4.4429494994525927,0.76160379830460867,0,0.99639949460418786,0,0,0.084782351657163565,0,0.81139560970528357,-9.8066499999999994,0,0,0.17999999999999999,-0.14990168826193645,1.2338291190201796,-9.7718582954916897,-0.022929931024601911,-0.014984061725462319,0.1855122162892755,0.029406770968581793,-0.019139624857241057,0.036416952861288446,0.001097227208366787,-0.00094392836212253944,0.0014313544654686386
7962491749,7.9624917490000007,0.010974232923093356,constant_radius_turn,0,20.075496841024869,0.36842766688756651,0,4.4414363889717521,0.77037873996860651,0,0.99631527070243386,0,0,0.085766434956431756,0,0.81139560970528357,-9.8066499999999994,0,0,0.17999999999999999,0.18369003202770529,0.48257701130219011,-10.035564637697988,-0.0024871103830178326,-0.0062179998820577334,0.17994036577222228,0.029350939298711427,-0.01908213734885816,0.036349285737779229,0.0010990678623860398,-0.00093793052722526595,0.0014243192964010312
7972027075,7.9720270750000006,0.0095353257904817485,constant_radius_turn,0,20.117841048759576,0.3758098180920581,0,4.440107601429542,0.77800069923211324,0,0.99624130085153895,0,0,0.086621420431862439,0,0.81139560970528357,-9.8066499999999994,0,0,0.17999999999999999,0.23457925790918419,0.95823143694700952,-10.111644136294098,-8.0792429559354119e-05,0.004231616047202214,0.17514421526501395,0.029326697266616832,-0.019126095093314074,0.036282842386773567,0.0011027115119362693,-0.00093907502290048234,0.0014255645034146952
7981300112,7.9813001120000004,0.00927303680677714,constant_radius_turn,0,20.159008280328063,0.38305860429652261,0,4.4388028196105234,0.78541080263497787,0,0.99616866198684195,0,0,0.087452826571501052,0,0.81139560970528357,-9.8066499999999994,0,0,0.17999999999999999,0.07019958713296251,1.2917377866370878,-9.3726382318708641,-0.0078359256426371558,0.0046275199105369957,0.14988824695132191,0.029360599216120803,-0.019192424676501285,0.036330072476794095,0.001106727973017323,-0.00094299198798938563,0.001425542635714409
7992959605,7.9929596050000002,0.0116594927810574,constant_radius_turn,0,20.210752803322677,0.39227039425021498,0,4.4371446968120418,0.79472482019302104,0,0.99607634453687799,0,0,0.088498112149643357,0,0.81139560970528357,-9.8066499999999994,0,0,0.17999999999999999,-0.068594954669151942,1.1153842122184781,-9.3590982688904738,0.00062759590688482364,-0.019618083235258706,0.16642817048175107,0.029361542857568396,-0.019181644908683432,0.036336156964157228,0.0011115760152924027,-0.00094185851510427245,0.0014265361325436357
8002221844,8.002221844000001,0.0092622387441519977,constant_radius_turn,0,20.251844532207414,0.3996655794089487,0,4.4358135631758522,0.80212133310566014,0,0.99600222630509738,0,0,0.089328412027135165,0,0.81139560970528357,-9.8066499999999994,0,0,0.17999999999999999,-0.15630833480172143,0.73167478212997805,-9.8701283516395684,-0.0060428524168302531,-0.0095716592446684519,0.15955999304643748,0.029372511069914283,-0.019187816022976225,0.036232012076916495,0.0011089238340870535,-0.00094710154772127372,0.0014303043121289313
8012041927,8.0120419270000003,0.0098200833686141482,constant_radius_turn,0,20.295397595520832,0.40758097031096724,0,4.4343887924434213,0.80996088654343901,0,0.99592288819811503,0,0,0.090208651265413164,0,0.81139560970528357,-9.8066499999999994,0,0,0.17999999999999999,-0.081258138762240958,0.69588173879231441,-9.5409608617627999,0.017330644323292229,-0.0068280642655950468,0.16946813647528278,0.029459793698838457,-0.019101907149586667,0.036177388823911083,0.0011089273117890616,-0.00095086932997094154,0.0014255174941994121
8023658064,8.023658064000001,0.011616137045582071,constant_radius_turn,0,20.34689817089296,0.41704342839677283,0,4.4326855493692099,0.81923099348806483,0,0.99582803511311258,0,0,0.091249791686104309,0,0.81139560970528357,-9.8066499999999994,0,0,0.17999999999999999,0.40585875613062294,1.1033340191588239,-9.944686708663717,0.0060673209028606137,-0.022045759967389354,0.18929167906458894,0.029291832121198041,-0.019114435071846868,0.036237736392376235,0.001105331572427272,-0.00094375917227876457,0.0014253333961855579
8033335922,8.0333359220000009,0.0096778579000402452,constant_radius_turn,0,20.38979013351797,0.42500918876197169,0,4.4312517121417292,0.82695154871313359,0,0.99574817815238204,0,0,0.09211713036244723,0,0.81139560970528357,-9.8066499999999994,0,0,0.17999999999999999,-0.30171633121069918,0.67218931946172433,-10.293595799947905,-0.0034205286616651245,0.0038573029219692444,0.20573893954163794,0.02936180436331063,-0.019166711640936251,0.036344173502932925,0.0011111878624073168,-0.00094410181101856972,0.0014217619044089502
8044214556,8.044214556,0.010878634433280569,constant_radius_turn,0,20.437987246891574,0.4340524810670176,0,4.4296239190080477,0.83562703189272036,0,0.99565751113596457,0,0,0.093092000292917948,0,0.81139560970528357,-9.8066499999999994,0,0,0.17999999999999999,-0.19911588863547452,1.3116954418897007,-9.7864493424973187,0.018943802138518585,0.021353123414705386,0.16713271850500963,0.029386456516982299,-0.019076098124233862,0.036361931485092147,0.0011112108397045835,-0.00094755908418255486,0.0014237684182455551
8055784655,8.0557846550000001,0.011570099234805679,constant_radius_turn,0,20.489228311965615,0.44377412655693532,0,4.4278740221891137,0.84485042694009416,0,0.99556003381439806,0,0,0.094128736693290138,0,0.81139560970528357,-9.8066499999999994,0,0,0.17999999999999999,0.53451624846227208,1.0804978766016291,-9.5237766792494671,0.016268970655174735,0.00081919887122281496,0.17969745166173859,0.029402669367187623,-0.018874254535215768,0.036203658065517293,0.0011086524147645392,-0.00095015144444799381,0.0014304523011673014
8067531293,8.067531293,0.011746637822132824,constant_radius_turn,0,20.541230394511697,0.45375325503346958,0,4.4260777783959799,0.85421080528600279,0,0.99545996482493848,0,0,0.095181187378242979,0,0.81139560970528357,-9.8066499999999994,0,0,0.17999999999999999,0.22910723687170267,0.6709676821449404,-9.370692598928823,-0.0042342338468407317,-0.011037439103657867,0.17091729954195087,0.029398846770291882,-0.018900825414453606,0.036278532371306543,0.0011073458590241132,-0.00095152094244281798,0.0014338282226358497
8076068875,8.0760688750000007,0.0085375824927756364,constant_radius_turn,0,20.579012772622868,0.46107518157368055,0,4.4247598313598795,0.86101163468454289,0,0.99538653541510902,0,0,0.09594605314605649,0,0.81139560970528357,-9.8066499999999994,0,0,0.17999999999999999,0.17387578494073136,0.9453192954082833,-9.4786886314932222,0.0050476085725714602,0.0066727397902078692,0.14872618759022546,0.029490119904651904,-0.019063035302371682,0.036263837377667467,0.0011124554085541517,-0.00095395754885113117,0.001439072039503327
8087139329,8.0871393290000011,0.011070454052999725,constant_radius_turn,0,20.627987327498307,0.47065576668913134,0,4.4230353254699146,0.86982705747941558,0,0.99529044639972575,0,0,0.096937749640863727,0,0.81139560970528357,-9.8066499999999994,0,0,0.17999999999999999,0.13325968680386302,0.72263570198786942,-9.4751986082840922,-0.01288216436610343,0.010429573911631549,0.18167024723796263,0.029590127806618231,-0.019044834375436893,0.036290779326861554,0.0011108871232342991,-0.00095046981088183131,0.0014375908699349018
8098099548,8.0980995480000004,0.01096021852869806,constant_radius_turn,0,20.676455310033891,0.48023707111576286,0,4.4213106901151464,0.87855129716572744,0,0.99519434089186842,0,0,0.097919476391571739,0,0.81139560970528357,-9.8066499999999994,0,0,0.17999999999999999,0.084432723056553069,1.0571093545369723,-9.6879575965027946,0.0064526727997598803,0.024515065284212333,0.18922595601994871,0.029560314482072102,-0.019101261219708492,0.036218632013270025,0.0011099083642550701,-0.0009489508389017231,0.0014429342370539232
8109433937,8.1094339370000004,0.011334389494544019,constant_radius_turn,0,20.726557957384223,0.49024602319814992,0,4.419509078116997,0.8875697768172981,0,0.99509393593903961,0,0,0.098934618093722157,0,0.81139560970528357,-9.8066499999999994,0,0,0.17999999999999999,0.15818485937146023,0.43478948951512575,-9.8670336724231404,-0.018507556715374799,-0.0064983517034375177,0.1771502605756588,0.029562672612519048,-0.01914651538287673,0.036372921577560988,0.0011119602277067688,-0.00094901540549591082,0.0014397770006186067
8120579627,8.1205796269999997,0.011145689797951464,constant_radius_turn,0,20.775806461703681,0.50018800239914329,0,4.4177195212620717,0.89643451056843393,0,0.994994192796405,0,0,0.099932758900325255,0,0.81139560970528357,-9.8066499999999994,0,0,0.17999999999999999,0.30625100850119158,0.72005395755714985,-9.9108512972589988,-0.013580560895282872,0.0050248263159511693,0.20121708203626362,0.029500732584589785,-0.019100532000747746,0.03638822533044031,0.0011141813210815783,-0.00094545334138205063,0.0014401674583842453
8128712202,8.1287122020000009,0.0081325751018725429,constant_radius_turn,0,20.811728542226131,0.5075046158988844,0,4.4164025305973595,0.90290048621722052,0,0.99492078232174297,0,0,0.10066099991700363,0,0.81139560970528357,-9.8066499999999994,0,0,0.17999999999999999,0.11081022772646416,1.1630435736287712,-10.283413863858879,-0.015275965561309239,-0.032511985739300107,0.20689761065280754,0.029629711026111699,-0.019094101743960312,0.036359522170873716,0.0011166157481437965,-0.00094486608489838112,0.0014411540435336646
8140240932,8.1402409320000011,0.011528729589742727,constant_radius_turn,0,20.862633197416013,0.5179667294197724,0,4.4145193494895043,0.9120633274399399,0,0.99481580237228484,0,0,0.1016932610864023,0,0.81139560970528357,-9.8066499999999994,0,0,0.17999999999999999,0.30607352500145807,0.62026823118045715,-9.9939914290709737,0.0017257508440719246,0.0080935607092695577,0.20030583972541932,0.029587161332701794,-0.019059330786633577,0.036408553460435616,0.0011155073051882516,-0.00094963395112527486,0.0014424297324166051
8150392663,8.1503926629999999,0.010151730865170024,constant_radius_turn,0,20.907439712786136,0.52726668860067583,0,4.4128453563721699,0.92012850245095523,0,0.99472247453003693,0,0,0.1026021377206153,0,0.81139560970528357,-9.8066499999999994,0,0,0.17999999999999999,-0.070318388603649598,1.2028614372880155,-9.9069243973554446,0.0019891656030762948,0.010482874150391015,0.17911845750728092,0.029552527528423304,-0.019137498207182229,0.036349814501100079,0.0011113982350707775,-0.00094756825739341147,0.0014470980771830262
8160847597,8.1608475970000001,0.010454933847822995,constant_radius_turn,0,20.953566626452712,0.53692997408930121,0,4.4111059644720312,0.92843134936156024,0,0.99462549132213651,0,0,0.10353807035191749,0,0.81139560970528357,-9.8066499999999994,0,0,0.17999999999999999,0.56194149693585804,0.77613930350485427,-9.8520704123702476,-0.0026273592330990159,0.0099276477745391927,0.15722847275775476,0.029533850188182061,-0.01924318519484822,0.036439806682816517,0.0011141897031201548,-0.00095339739762684967,0.0014481848777355318
8171688758,8.1716887580000002,0.010841161082949248,constant_radius_turn,0,21.001378270513225,0.54704189796053782,0,4.4092858175989482,0.93703744802373412,0,0.99452399533593272,0,0,0.10450848147903505,0,0.81139560970528357,-9.8066499999999994,0,0,0.17999999999999999,-0.4701392824007124,1.5175667817544938,-9.6716797058910799,0.005561671173614312,0.012435712446573929,0.18131012757940448,0.029472919805316366,-0.019283327965404648,0.036456968607548344,0.00111812746255676,-0.00094573195384234983,0.001445375356637671
8183110701,8.1831107010000004,0.011421943458774767,constant_radius_turn,0,21.051729828403115,0.55779644687622498,0,4.4073499981138839,0.94610073163675412,0,0.99441603778504939,0,0,0.10553077179611306,0,0.81139560970528357,-9.8066499999999994,0,0,0.17999999999999999,0.18277050964964012,1.7245855517004887,-9.7295952160884287,-0.023431200275058003,-0.016687316704045212,0.1784953665633302,0.029334458176592939,-0.019275885175541345,0.036497107519703011,0.0011170732376969822,-0.0009464891107438387,0.0014426097636311554
8194869472,8.1948694720000006,0.011758770547806788,constant_radius_turn,0,21.103543014269274,0.56897626166811777,0,4.4053376307019176,0.95542710857483482,0,0.99430379885291209,0,0,0.10658309240525796,0,0.81139560970528357,-9.8066499999999994,0,0,0.17999999999999999,0.26808471556852426,0.40390911990273826,-9.6120467947454706,0.0045985393698169709,0.0092103463740888167,0.19886084895535328,0.029263869264576855,-0.019398241923225312,0.036532466727241648,0.0011199947257217176,-0.00094204694783909637,0.0014424404871766563
8205764415,8.2057644150000009,0.010894942540983018,constant_radius_turn,0,21.151528661679507,0.57943263721917859,0,4.4034554825008758,0.96406452787717367,0,0.99419881137389132,0,0,0.10755800045901559,0,0.81139560970528357,-9.8066499999999994,0,0,0.17999999999999999,0.15941471376544072,0.85225913120164465,-10.141027156838106,-0.0010566794339444505,-0.018053549725692324,0.18888352740916892,0.029246112977911298,-0.019391981351984951,0.03662797601151771,0.0011216320201331809,-0.00093573607343279907,0.0014412393983392257
8214111306,8.2141113060000013,0.0083468908537592881,constant_radius_turn,0,21.188277758206198,0.58750718527993184,0,4.4020020635770036,0.97067936649640207,0,0.99411773111239943,0,0,0.10830483224646589,0,0.81139560970528357,-9.8066499999999994,0,0,0.17999999999999999,0.2968934339787927,1.1221070619102538,-9.7808660677277128,0.01001123597567375,0.0092251744179522067,0.17444932319695128,0.029362074266169609,-0.019356056322614827,0.036527404937798817,0.001118824688188161,-0.00093583831643263545,0.0014359034844715474
8223300967,8.2233009670000001,0.0091896605217471061,constant_radius_turn,0,21.228723257481125,0.5964608503816573,0,4.4003904034918975,0.97795955802603141,0,0.9940278154948522,0,0,0.10912699951218391,0,0.81139560970528357,-9.8066499999999994,0,0,0.17999999999999999,0.00023732725460480844,0.84284823585423074,-9.581400160653164,0.018605705330977176,0.019716449254706506,0.15230661532097109,0.029437098562969017,-0.019423648022898535,0.03655020212753568,0.0011187462672122485,-0.00093830954775242937,0.0014376463441453529
8232669321,8.2326693210000013,0.0093683539972732738,constant_radius_turn,0,21.269939918354488,0.6056574736328838,0,4.398735010915142,0.98537855874147118,0,0.99393545154348562,0,0,0.10996507702469699,0,0.81139560970528357,-9.8066499999999994,0,0,0.17999999999999999,-0.020903454214523064,0.89018946633429108,-9.83466467854333,-0.01168680232477956,0.00023483841286589383,0.17407671916793671,0.029412542523461243,-0.019495497959838282,0.036668106499990666,0.0011159705452885591,-0.00094019089217166384,0.0014420622778192249
8240943060,8.2409430600000011,0.0082737391865389236,constant_radius_turn,0,21.306327813560557,0.61383733459133427,0,4.3972626356709359,0.99192838108925463,0,0.99385329197760952,0,0,0.11070516711187671,0,0.81139560970528357,-9.8066499999999994,0,0,0.17999999999999999,0.19357751310823773,0.94502596401828165,-9.4424520956339517,-0.002265151880454023,-0.0034880485711922243,0.16777724782238093,0.029279538386649161,-0.019469808351224114,0.036597896959635591,0.0011202925332381018,-0.00094259430330538693,0.0014406851344974617
8251779854,8.2517798540000005,0.010836793874098865,constant_radius_turn,0,21.353969513092068,0.62463312351215561,0,4.3953193930503556,1.0005038897243277,0,0.99374484728511669,0,0,0.1116744307989976,0,0.81139560970528357,-9.8066499999999994,0,0,0.17999999999999999,-0.4965694323799823,0.79326192817894547,-10.151786133737732,-0.011384194370947839,0.0067350444400389948,0.19068963030255942,0.029310325203783162,-0.019529954724270188,0.036605284659631435,0.0011185872714089872,-0.00094647603681219156,0.0014413512488426414
8260010133,8.2600101329999998,0.0082302792146242646,constant_radius_turn,0,21.390138099641351,0.63289434086820351,0,4.3938323736547451,1.0070142364939851,0,0.99366185461465906,0,0,0.11241049187578667,0,0.81139560970528357,-9.8066499999999994,0,0,0.17999999999999999,-0.23550396006141025,0.87885120618085744,-9.6079458819980506,0.0084112713966141405,0.016939155266226733,0.19722344588369262,0.029285997612461891,-0.019485391642251333,0.036694513161042955,0.0011247489367512758,-0.00094532321200943711,0.0014423534476846538
8268547381,8.2685473810000012,0.0085372478732696454,constant_radius_turn,0,21.427642707960661,0.64152028777795578,0,4.3922797029059524,1.013765067320064,0,0.99357519045050424,0,0,0.11317394099899608,0,0.81139560970528357,-9.8066499999999994,0,0,0.17999999999999999,0.35042536910879302,0.64949318097232833,-9.9041919795045423,-0.043255391278666455,-0.0017853256263292714,0.13322156335190483,0.029292710854761501,-0.019442749245107908,0.036676113462507702,0.0011239909838471113,-0.00093970338389139498,0.0014402618235144623
8277384088,8.2773840879999998,0.0088367071777749225,constant_radius_turn,0,21.466448848386193,0.65050949549964909,0,4.3906616451754887,1.0207501740695069,0,0.99348486859002727,0,0,0.11396409909553221,0,0.81139560970528357,-9.8066499999999994,0,0,0.17999999999999999,0.093303778519150948,0.43559497670150882,-9.7234725915646401,0.015982419483838668,-0.010996121727814178,0.1750531415309802,0.029394844341246187,-0.019318540796345075,0.036617689019176315,0.0011282298382390703,-0.0009433494364298557,0.0014352800001203041
8287659389,8.2876593889999999,0.01027530077551601,constant_radius_turn,0,21.511554479276594,0.66103972322587767,0,4.3887662036455026,1.0288691899445237,0,0.99337905239905289,0,0,0.11488280225847436,0,0.81139560970528357,-9.8066499999999994,0,0,0.17999999999999999,0.097471620442677709,1.0507837035251399,-9.639638113693632,0.001308754207003694,0.022820373519581987,0.15630178835994973,0.029375353719572193,-0.019405488440366742,0.036687249134050602,0.0011317355512710059,-0.0009425980147848191,0.0014413685818292141
8298063602,8.2980636020000009,0.010404212873892683,constant_radius_turn,0,21.557206073540993,0.67178704451762028,0,4.3868316852487137,1.0370864793140364,0,0.99327104305276148,0,0,0.11581293119889213,0,0.81139560970528357,-9.8066499999999994,0,0,0.17999999999999999,-0.20807342044635155,0.78330446477223403,-9.7358700216763925,-0.014726759991728216,0.0048169294991640427,0.16318542222547214,0.029306335792865592,-0.019359131361016454,0.036800511974656107,0.0011310637300005831,-0.00094520579086923855,0.0014394546380492915
8306702440,8.3067024400000005,0.0086388383316259431,constant_radius_turn,0,21.595096214596559,0.68077572636949879,0,4.3852137221898913,1.0439067060784391,0,0.99318069881904525,0,0,0.11658515983311543,0,0.81139560970528357,-9.8066499999999994,0,0,0.17999999999999999,-0.015054176831039535,0.16122525861892445,-9.5207924024947879,0.00052870383165979555,0.0045399163988100325,0.17704686679861309,0.029245148934644808,-0.019247355626742176,0.036816859582025761,0.0011349357191282044,-0.00094938977174007704,0.0014450099724347839
8317168416,8.3171684160000012,0.010465975554588128,constant_radius_turn,0,21.640981422355161,0.69174444946740632,0,4.3832393514495003,1.052166045917954,0,0.99307044226815322,0,0,0.11752062241723606,0,0.81139560970528357,-9.8066499999999994,0,0,0.17999999999999999,0.30317894528265937,0.87096341245075259,-9.6668189605611765,-0.0077984279462406589,0.015836494128214269,0.19032545373205034,0.029290496875991699,-0.019378287295666916,0.036798231267303472,0.0011371544876258867,-0.00095187804896739575,0.0014446366044457734
8328041511,8.3280415110000003,0.010873094825735832,constant_radius_turn,0,21.688629558600187,0.70323137812274861,0,4.3811717036328739,1.0607427131800995,0,0.99295496363806257,0,0,0.11849236341019552,0,0.81139560970528357,-9.8066499999999994,0,0,0.17999999999999999,-0.064581547573517667,0.88485084782864587,-9.7238489790461227,-0.016500736145103743,0.011584813908435226,0.19386564107395649,0.029274414198367089,-0.019328333218861609,0.036790402267880301,0.00114084229587281,-0.00094624227575096712,0.0014477695779656552
8338841082,8.3388410820000001,0.010799571485606535,constant_radius_turn,0,21.735933156541765,0.71473292217616735,0,4.3791014250526246,1.0692573634911895,0,0.99283932462205049,0,0,0.11945742121790028,0,0.81139560970528357,-9.8066499999999994,0,0,0.17999999999999999,0.24120861132656352,0.84470786528348252,-9.6602595143531307,0.014369646973043864,-0.025990172454271591,0.19199895174116785,0.029202969261511096,-0.019261277397259979,0.036796050836355891,0.0011369920057287255,-0.00094702241311774601,0.0014454213469043608
8350709683,8.3507096829999998,0.011868601281690979,constant_radius_turn,0,21.787893350274626,0.72747901405659743,0,4.3768071276434517,1.0786102019207542,0,0.99271115690831846,0,0,0.1205178781332796,0,0.81139560970528357,-9.8066499999999994,0,0,0.17999999999999999,0.27377511908018898,1.0776795944828772,-9.7666578644550981,-0.012424164510930851,-0.022119484483722189,0.16942047521410308,0.029149206134162622,-0.019268788373637255,0.036897029515294041,0.0011345144341204118,-0.0009420906647273833,0.0014446203128730085
8361995451,8.3619954510000003,0.011285768333952895,constant_radius_turn,0,21.837276566312031,0.73970211842221034,0,4.3746069681025705,1.0874991838647492,0,0.9925882325298675,0,0,0.12152613152418615,0,0.81139560970528357,-9.8066499999999994,0,0,0.17999999999999999,0.084113817794755463,0.60437455726684586,-9.9309283126124459,0.014154365100453143,0.025913996513832999,0.19494285824907451,0.029150835960298317,-0.019371321076863429,0.036865120838960055,0.0011314305702304352,-0.00094159266235708313,0.0014473745476623406
8371546651,8.3715466510000009,0.0095512004699616834,constant_radius_turn,0,21.87905035488831,0.7501249502361077,0,4.3727308579147621,1.0950184676607433,0,0.99248340097812859,0,0,0.1223793233470724,0,0.81139560970528357,-9.8066499999999994,0,0,0.17999999999999999,0.1364762779112953,0.70996053861265274,-10.104243736893149,0.0020668554831142303,0.023358101000130936,0.20616067514828076,0.02916387421152827,-0.019358362163848366,0.036952314919633418,0.0011290237720542832,-0.00094113769014533258,0.0014465851010295216
8383447073,8.383447073000001,0.011900422438945617,constant_radius_turn,0,21.931073682732389,0.76321185157370075,0,4.3703752147751755,1.1043826702537893,0,0.99235175884514648,0,0,0.123442240407991,0,0.81139560970528357,-9.8066499999999994,0,0,0.17999999999999999,-0.24985484184021786,0.6392430049671336,-10.077645865787034,0.006010634484516394,-0.00038117599814989453,0.17132784850882188,0.029118832750605089,-0.019348901860950889,0.036869194337190367,0.0011260669455243916,-0.00093825690280963927,0.0014476191142164933
8392010353,8.3920103529999999,0.0085632795579943279,constant_radius_turn,0,21.968491116672656,0.77269782656189867,0,4.3686677389397506,1.1111178096966603,0,0.99225632780323192,0,0,0.12420700436950118,0,0.81139560970528357,-9.8066499999999994,0,0,0.17999999999999999,0.18949940723158432,0.90441206799608598,-9.7780690858117794,0.0016008141046772555,0.0066305772195360459,0.17798945717745082,0.029120050019175284,-0.019364273694882167,0.03701937659660387,0.0011292477433826088,-0.00094086034994691971,0.0014430548627778371
8400290174,8.4002901740000002,0.0082798209967723992,constant_radius_turn,0,22.004656027876294,0.78192463264919754,0,4.3670069135370673,1.1176274949183707,0,0.99216349525367764,0,0,0.12494638324499698,0,0.81139560970528357,-9.8066499999999994,0,0,0.17999999999999999,-0.065905421752475338,0.46756742137520918,-9.0187657518544029,-0.032391741343378591,-0.0012560672477932124,0.20096774616986007,0.02920153624431171,-0.019323837201554356,0.037039113373155248,0.0011308255210803614,-0.00094111330821340634,0.0014448352897300147
8411164499,8.4111644989999999,0.010874325030450284,constant_radius_turn,0,22.052132340538567,0.79412454187112469,0,4.3648109291773274,1.1261732339263859,0,0.99204073642748947,0,0,0.12591734300089272,0,0.81139560970528357,-9.8066499999999994,0,0,0.17999999999999999,0.60708038334893555,0.21868459402377172,-9.638736697542015,-0.017021300985372228,-0.025191298166529284,0.19021583303446879,0.02915619248923973,-0.019278377767851834,0.036910862698566665,0.0011305764608060263,-0.000941185431991592,0.001445460399525511
8419662449,8.4196624490000005,0.0084979497894688803,constant_radius_turn,0,22.089216943551445,0.80372306835406371,0,4.3630831940740205,1.1328484637703755,0,0.99194414276012888,0,0,0.12667603421276338,0,0.81139560970528357,-9.8066499999999994,0,0,0.17999999999999999,0.14536886399827009,0.66126742754516932,-9.2429927489689447,0.00699224730808767,-0.0052712017104630231,0.21279890444800953,0.029144630914211656,-0.01930473358804698,0.036769874882628319,0.0011294440566171238,-0.00094294629082895386,0.0014439588978121479
8428123491,8.4281234910000009,0.0084610415270545778,constant_radius_turn,0,22.126125851261115,0.81333625216011074,0,4.3613528206549548,1.1394920684423919,0,0.99184739216205919,0,0,0.12743135666437247,0,0.81139560970528357,-9.8066499999999994,0,0,0.17999999999999999,-0.096644794894508779,0.86548865466938907,-10.272612917470546,0.013761788452399434,-0.0029223341032793334,0.16694029777187394,0.029032946447998031,-0.019340311527350537,0.036926346359787816,0.0011215837171641241,-0.00093495044804328719,0.0014498238333192465
8436483364,8.4364833640000008,0.0083598726017022652,constant_radius_turn,0,22.162579017315519,0.8228896876348758,0,4.3596332019454778,1.1460536395704501,0,0.99175123354276806,0,0,0.12817757513074576,0,0.81139560970528357,-9.8066499999999994,0,0,0.17999999999999999,0.082222979838817795,0.96001695524479713,-10.015945987285336,-0.025548515041970581,0.010749986754014533,0.18993766038899673,0.029141705569946441,-0.019346570419562337,0.036992832154624948,0.00112265912716831,-0.00093840085468504337,0.00144228443789692
8447230991,8.4472309910000014,0.010747626980775884,constant_radius_turn,0,22.209422770496118,0.8352523560008398,0,4.3574079209468533,1.1544855177730367,0,0.99162678517073921,0,0,0.12913682252535366,0,0.81139560970528357,-9.8066499999999994,0,0,0.17999999999999999,0.54012880434930433,0.7650065459210279,-9.4665947800918584,0.015523256240957387,0.011247814528454246,0.17746219331450128,0.029147639366555865,-0.019343068247400039,0.037037007644917061,0.0011247868064804647,-0.00093576526915650044,0.0014417929267716981
8456985610,8.4569856100000003,0.0097546188510334083,constant_radius_turn,0,22.251917704481496,0.84655122917970316,0,4.3553741232530134,1.1621346078557764,0,0.99151303180060757,0,0,0.13000733736819395,0,0.81139560970528357,-9.8066499999999994,0,0,0.17999999999999999,-0.51169252379983732,1.0318967019720731,-9.8989985814765387,-0.013214910725419445,0.0032323212487228455,0.18702471311269536,0.029280934311093944,-0.019313871945331889,0.037045804690418724,0.0011229297584619622,-0.00093132015945107454,0.0014428043029438805
8467122100,8.467122100000001,0.01013649047518427,constant_radius_turn,0,22.296055129382765,0.85837146145271248,0,4.353246480854625,1.1700793465423101,0,0.99139401558527696,0,0,0.13091182475888,0,0.81139560970528357,-9.8066499999999994,0,0,0.17999999999999999,0.064343626576926258,0.8203793957031672,-9.9467793232460071,0.01493465838338911,-0.011431582558765734,0.1690538141506287,0.0292654674757017,-0.019400459220644622,0.036893802973032228,0.0011272193774677038,-0.00092584772623298178,0.0014411807831863196
8477924282,8.477924282,0.010802182209535598,constant_radius_turn,0,22.343067358642603,0.87105657689526694,0,4.3509631593568887,1.1785415504754928,0,0.99126627508488641,0,0,0.13187559243216435,0,0.81139560970528357,-9.8066499999999994,0,0,0.17999999999999999,0.40498177809887509,0.83264773705379125,-9.3714491128554656,0.0018084182994275058,0.0034116575240836404,0.15623358826303263,0.029231424382538295,-0.019400097448428934,0.036873593198502148,0.001129537396536859,-0.00093030770291518332,0.0014446498781304107
8486086579,8.4860865790000002,0.0081622965353376365,constant_radius_turn,0,22.378574124373948,0.88070226602408486,0,4.3492269350018073,1.1849327694569169,0,0.99116913093447423,0,0,0.13260374761898364,0,0.81139560970528357,-9.8066499999999994,0,0,0.17999999999999999,0.20592724539638366,0.08260988729441987,-9.7265011477790697,-0.0076356766246134314,7.7337684664254458e-05,0.16501492915397351,0.029115317047849198,-0.019427530728921123,0.036784877908816696,0.0011315573641602059,-0.00092780565913874681,0.0014454842039640819
8496440106,8.4964401059999997,0.010353527293853117,constant_radius_turn,0,22.423592493304554,0.89301244871428165,0,4.3470111014773405,1.1930360782100486,0,0.99104513815752904,0,0,0.13352727861498648,0,0.81139560970528357,-9.8066499999999994,0,0,0.17999999999999999,0.044775508594034424,0.96002151551225712,-9.6134529174932819,0.01288311530450257,0.017303866318570352,0.18998183854165565,0.029046085393716746,-0.019436370906845652,0.036768270381841703,0.001129633198858432,-0.00092794857978404841,0.001448570178560787
8506993745,8.5069937450000008,0.010553639359398065,constant_radius_turn,0,22.469457280219981,0.90564688488394995,0,4.3447369022840725,1.201291742337828,0,0.99091786324298403,0,0,0.13446854020907179,0,0.81139560970528357,-9.8066499999999994,0,0,0.17999999999999999,-0.065347357673386355,0.086967946268730278,-9.0231184563005176,0.0055694356723236483,-0.0050655132861643706,0.16262422931278933,0.028970253835460289,-0.01942367154117005,0.036708792325491638,0.0011297148620678489,-0.00092870292759675331,0.0014469024680902733
8516612377,8.5166123770000013,0.0096186315158114342,constant_radius_turn,0,22.511237669494705,0.91723783582524976,0,4.3426505305942786,1.2088122142861082,0,0.99080108566192737,0,0,0.13532630435782267,0,0.81139560970528357,-9.8066499999999994,0,0,0.17999999999999999,0.078772289936854131,1.5839255671154988,-9.6973309181564371,-0.018222830348749094,-0.0036490334295672011,0.19965295901015873,0.028993830795254909,-0.019475041371163061,0.036616186180088488,0.0011322620816128243,-0.00093313703732195066,0.0014493453436468806
8525114472,8.5251144720000003,0.0085020952791752327,constant_radius_turn,0,22.548151412277086,0.92754351842825311,0,4.3407955073641871,1.2154566892838854,0,0.99069724546630467,0,0,0.13608441433711804,0,0.81139560970528357,-9.8066499999999994,0,0,0.17999999999999999,-0.20665186608010189,1.1003963075334384,-9.4237502191786842,-0.013204166337549205,-0.005325405515567417,0.16641212572033562,0.029115165276441937,-0.019480787634167055,0.036746557336988027,0.0011286011516555075,-0.00093221308078010145,0.0014436272077443647
8533496972,8.533496972,0.0083825004525159737,constant_radius_turn,0,22.584530425364765,0.93775952992242995,0,4.3389566249468325,1.222004912882122,0,0.99059429805502197,0,0,0.13683178234927157,0,0.81139560970528357,-9.8066499999999994,0,0,0.17999999999999999,0.43869792654348744,0.39479462402552828,-10.000588298577904,0.020567034836295447,-0.020978791022678824,0.1588444226829594,0.029209449330435754,-0.019532258386013707,0.036784719172275819,0.0011275765452493508,-0.00093330681793791397,0.0014456621173606729
8545343414,8.5453434140000013,0.011846442126870027,constant_radius_turn,0,22.635916131035913,0.95229072683373528,0,4.3363410085135747,1.2312543434081873,0,0.99044784777779193,0,0,0.13788785600022901,0,0.81139560970528357,-9.8066499999999994,0,0,0.17999999999999999,0.28395817624931868,0.86150577083673852,-9.5534205446435774,0.0099969201920827554,0.014286686545159428,0.20615586191526297,0.029243377128196243,-0.019516499824404922,0.036810310091676034,0.0011278022913260848,-0.00093801035206586862,0.0014533001439972989
8553590277,8.5535902770000014,0.0082468634853829735,constant_radius_turn,0,22.671669787192243,0.96247125032384562,0,4.3345085139492943,1.2376900026982258,0,0.99034523216548731,0,0,0.13862294588951374,0,0.81139560970528357,-9.8066499999999994,0,0,0.17999999999999999,0.68354672889077861,1.0097622345041692,-9.3436440001439838,0.0080771322381835414,0.025941418106810252,0.19504455263013004,0.029141698965431031,-0.019634244941242524,0.036926785606545047,0.001135251706463111,-0.00093907826256026897,0.0014538136277963932
8563559332,8.5635593320000005,0.0099690553904422871,constant_radius_turn,0,22.714869637501028,0.97484861008559576,0,4.3322805885952924,1.245465977840615,0,0.99022045898651845,0,0,0.13951144255769438,0,0.81139560970528357,-9.8066499999999994,0,0,0.17999999999999999,0.13042697558975641,0.51250711990329167,-9.7713659951423502,-0.019780066078965215,0.0017234835107956389,0.16391056275714377,0.029145880539839811,-0.019668356955920365,0.036876571493059888,0.0011428553631953626,-0.00094037247863262266,0.0014503322884753013
8572914647,8.5729146470000011,0.0093553149276993375,constant_radius_turn,0,22.755389647531914,0.98653445352304803,0,4.3301771362802119,1.252759581369929,0,0.99010264238984269,0,0,0.14034513718918559,0,0.81139560970528357,-9.8066499999999994,0,0,0.17999999999999999,0.46060609754169718,1.1431210936916179,-9.8735265467148974,0.0062856958378812409,-0.0091907365015498881,0.18716886091917481,0.029184165107066642,-0.019638519131032449,0.036862173353188137,0.001140739097666919,-0.00093423741680024675,0.0014571208871641949
8583845545,8.5838455450000009,0.010930897958368119,constant_radius_turn,0,22.802708854461898,1.0002747924239179,0,4.3277038744815117,1.2612770413655214,0,0.9899640944356376,0,0,0.14131911310303369,0,0.81139560970528357,-9.8066499999999994,0,0,0.17999999999999999,0.27438856225343511,0.77421966480741089,-9.8634754465419672,0.014058882644889702,0.0088738324209337235,0.1792580218757242,0.029334616565095065,-0.019725406186825906,0.0369011715503028,0.0011405814933103805,-0.00093589032950375315,0.0014622391380053773
8594843582,8.5948435820000011,0.010998037492988531,constant_radius_turn,0,22.8502913268999,1.0141934628804055,0,4.325198512982519,1.2698418892019041,0,0.98982372853830869,0,0,0.14229893331476731,0,0.81139560970528357,-9.8066499999999994,0,0,0.17999999999999999,-0.19235685500084967,0.55628242927350635,-9.1994799506370999,-0.022996621789113603,0.0044663005729640862,0.17031288209627052,0.029197198544154254,-0.019725943864371296,0.036994272802829208,0.0011397340165376513,-0.00093402290448485437,0.0014647912422899544
8604892426,8.604892426000001,0.010048844001709231,constant_radius_turn,0,22.893742995994881,1.0269932034618954,0,4.3228945590506553,1.2776631917717167,0,0.98969462917117901,0,0,0.14319406757866196,0,0.81139560970528357,-9.8066499999999994,0,0,0.17999999999999999,0.091807959306818385,1.1740444293974506,-10.361609018339452,-0.011554372934713666,-0.0011109390986437581,0.17414805726928118,0.029147005062787477,-0.019714981920585774,0.037230660233326267,0.0011389556957633103,-0.0009315133747697631,0.0014619336628976483
8615217580,8.6152175800000013,0.01032515398071163,constant_radius_turn,0,22.938365250508308,1.0402267385187247,0,4.3205125220558465,1.2856951998964161,0,0.98956113680248814,0,0,0.1441136930696291,0,0.81139560970528357,-9.8066499999999994,0,0,0.17999999999999999,-0.34282865885163277,0.7205765296130483,-9.650886404293022,-0.0032755492898292483,-0.0035937503348270187,0.18047924524164285,0.02925522175694216,-0.019580431737100282,0.037268743835887318,0.0011400892530430242,-0.00092953988298558271,0.0014586413605629583
8626141696,8.6261416960000012,0.010924116107785693,constant_radius_turn,0,22.985549176617354,1.05431821202589,0,4.3179760560086313,1.2941883093329944,0,0.98941897023409198,0,0,0.14508653052888507,0,0.81139560970528357,-9.8066499999999994,0,0,0.17999999999999999,0.12169625801246192,0.59618837300769378,-9.4203332980510659,-0.01350746126091355,-0.01869161559838111,0.20254934502306504,0.029272237279541761,-0.019583613333967381,0.03736009994066742,0.0011410512025987873,-0.00092669325599203445,0.0014656685602882731
8634881330,8.6348813300000007,0.0087396340177576595,constant_radius_turn,0,23.023277787049945,1.0656586202909479,0,4.3159347821005021,1.3009794606115608,0,0.98930454388918521,0,0,0.14586472993911656,0,0.81139560970528357,-9.8066499999999994,0,0,0.17999999999999999,0.23042468315274137,0.57081886698401174,-9.6589316504985945,-0.002466812735036801,-0.010779766537577614,0.21847370249673068,0.029201379605386164,-0.019475065856870179,0.037482550201634983,0.0011391126171911162,-0.00091931241417260977,0.0014613794928990608
8643849478,8.6438494779999999,0.008968147527812869,constant_radius_turn,0,23.061974284556563,1.0773572292654017,0,4.3138290320284369,1.3079448316755,0,0.989186489376227,0,0,0.14666318295855854,0,0.81139560970528357,-9.8066499999999994,0,0,0.17999999999999999,0.14086862456510385,0.90000197619850386,-9.6390763692004917,0.00018315832247008665,-0.001581489856643786,0.19761725183790435,0.029201185857911205,-0.019519278432088002,0.037484228445400856,0.0011395491108135457,-0.00091827357600035261,0.0014616640197334424
8652256529,8.6522565290000006,0.0084070507796213424,constant_radius_turn,0,23.098232523600924,1.088380622127209,0,4.3118448209351321,1.3144713159490904,0,0.98907523579984058,0,0,0.14741159359931585,0,0.81139560970528357,-9.8066499999999994,0,0,0.17999999999999999,-0.12871695940184077,0.13988811730301687,-9.6384642715992896,-0.023442032825760857,0.016823873129475177,0.1503397281266049,0.029240386138512243,-0.019677490078438754,0.03755260005112393,0.0011417005401145636,-0.00091618378123550749,0.0014588745054086411
8662260914,8.6622609140000009,0.010004385197972761,constant_radius_turn,0,23.141358004516629,1.1015699294724548,0,4.3094707449723693,1.3222339046119436,0,0.98894210627808232,0,0,0.148302091793306,0,0.81139560970528357,-9.8066499999999994,0,0,0.17999999999999999,-0.23142171005186735,0.69989047563199625,-9.5555288190003544,-0.014210293095611609,-0.028142644122459638,0.19681985956170278,0.029247840110396009,-0.019615996501144713,0.037548791824557136,0.0011406538492146575,-0.00091575040995064342,0.0014577406179687379
8673228950,8.6732289500000004,0.010968035779997644,constant_radius_turn,0,23.188610072224595,1.1161188818837289,0,4.3068519326891028,1.3307392795623778,0,0.98879523204483022,0,0,0.14927822709762656,0,0.81139560970528357,-9.8066499999999994,0,0,0.17999999999999999,-0.052755788692680418,1.0945183550240312,-10.133072155471341,0.031096728648434446,0.025561074922816684,0.1835966237164833,0.02931133158116906,-0.019646434136278354,0.037373546785665381,0.0011409782977141042,-0.00091377087705914455,0.0014622696527950702
8683615864,8.6836158640000001,0.010386913724787408,constant_radius_turn,0,23.233332011217868,1.1299829630519718,0,4.3043563973529713,1.3387892309264378,0,0.98865525140883626,0,0,0.15020250950543709,0,0.81139560970528357,-9.8066499999999994,0,0,0.17999999999999999,-0.016389458515244513,0.74241655706235965,-9.6545471043409385,0.0034950836672161382,0.013855293870739381,0.17998968837841747,0.029315886627140655,-0.019581759398783486,0.037461537587911188,0.0011360630790487078,-0.00091514842223992246,0.0014614005362275214
8691702465,8.6917024650000005,0.0080866014141988511,constant_radius_turn,0,23.26813172802823,1.1408345449763293,0,4.3024031122621151,1.3450531810584005,0,0.98854567307659957,0,0,0.1509220071478404,0,0.81139560970528357,-9.8066499999999994,0,0,0.17999999999999999,-0.066461039741828654,0.40673526647663716,-9.3907600089021166,0.0017977717774194856,-0.013176018447678791,0.18616380532171686,0.029359592946506773,-0.019550176547721183,0.037423711720528378,0.0011381548225736318,-0.00092042759773427367,0.0014694380403036627
8701821580,8.7018215800000007,0.010119115153728023,constant_radius_turn,0,23.31165580886903,1.1544849312865262,0,4.2999460420479583,1.3528875177760173,0,0.98840781539475275,0,0,0.1518222331102152,0,0.81139560970528357,-9.8066499999999994,0,0,0.17999999999999999,0.24764913609269101,0.64816884617805726,-9.4321435122505992,-0.013200139789002766,0.032091728129846404,0.16309429806525505,0.029354673713552319,-0.019735589442650085,0.037414864653418645,0.0011370370065439659,-0.00092763204615257499,0.0014712587522841363
8711149686,8.7111496860000006,0.0093281062339965939,constant_radius_turn,0,23.351755539322223,1.1671384746959594,0,4.2976684036998716,1.3601054709535783,0,0.98828000783722458,0,0,0.15265197708924449,0,0.81139560970528357,-9.8066499999999994,0,0,0.17999999999999999,-0.090875391359199642,1.1236741035034874,-9.6036784052243025,-0.0091315292803181864,-0.02105676916671723,0.17965244473487599,0.02938254986228821,-0.019666546795913089,0.037394406267100097,0.0011361746088529301,-0.00092393059324997952,0.0014663653570517827
8722999320,8.7229993200000013,0.011849634055797108,constant_radius_turn,0,23.402664091303137,1.1833095191289407,0,4.2947576146002566,1.3692690137847896,0,0.98811664755103945,0,0,0.153705858159326,0,0.81139560970528357,-9.8066499999999994,0,0,0.17999999999999999,0.40659891869612508,0.76495658185804505,-9.633614830777022,-0.0049623408891992498,-0.010344433295135919,0.20036864989886449,0.029250376722894624,-0.019680467446193933,0.037494906978132396,0.0011387358998226822,-0.00092709181069358789,0.0014609256029243678
8733268122,8.7332681220000001,0.010268802250177759,constant_radius_turn,0,23.446753075458524,1.1974110185715692,0,4.2922193439789558,1.3772050331925605,0,0.98797417182505731,0,0,0.15461900208768681,0,0.81139560970528357,-9.8066499999999994,0,0,0.17999999999999999,-0.021263117756679214,0.44996106889309079,-10.091024741357336,-0.0097514883408384,0.013903630127244699,0.16498067796388091,0.029342011122918992,-0.019631087181603363,0.03745723938535938,0.0011397058068407728,-0.00092941062071126275,0.0014606299800578131
8745024454,8.7450244540000011,0.011756331541111465,constant_radius_turn,0,23.497196641551003,1.2136552703875865,0,4.2892953775627269,1.3862848784781154,0,0.98781002112867133,0,0,0.15566426101637409,0,0.81139560970528357,-9.8066499999999994,0,0,0.17999999999999999,0.023909291908338119,0.6899911782929824,-9.9060693497180772,0.010035798016112511,0.00033877203287280798,0.17370492299054111,0.029331994041156724,-0.019662328832999933,0.037558921659452987,0.0011366374835506379,-0.00093241160582309391,0.001464989709464597
8754154645,8.7541546449999998,0.0091301911326318423,constant_radius_turn,0,23.536348301220645,1.2263444878954664,0,4.2870113178978793,1.393332178805019,0,0.98768177564795467,0,0,0.15647590885789234,0,0.81139560970528357,-9.8066499999999994,0,0,0.17999999999999999,-0.13680814752843556,0.31327615237412471,-9.4546263629135616,-0.034660579107765148,0.016398147207948643,0.2081321418952666,0.029294116921948121,-0.019777164434140338,0.037630697283887682,0.0011317650348389248,-0.00093754550267137308,0.0014635870138115068
8764954286,8.764954286,0.010799640559521916,constant_radius_turn,0,23.582631813126291,1.2414369607041451,0,4.2842946719381008,1.4016632135719522,0,0.987529219608555,0,0,0.15743582952847315,0,0.81139560970528357,-9.8066499999999994,0,0,0.17999999999999999,-0.58650286658743112,0.8070367837039244,-10.005900708224839,-0.026283453941040175,0.026217206895252865,0.18488947174098747,0.029358204827207055,-0.019843065708779306,0.037440660040356462,0.0011281277238027959,-0.00093349582800314576,0.0014627252254384301
8775676727,8.7756767270000005,0.010722440539922544,constant_radius_turn,0,23.628555361705967,1.2565105283160172,0,4.2815814289269554,1.4099294548827153,0,0.98737683113861063,0,0,0.15838874117397225,0,0.81139560970528357,-9.8066499999999994,0,0,0.17999999999999999,0.02490836573392443,0.82405005162962297,-9.5187233451446414,-0.0036963809627080773,-0.00038203641201683025,0.16700027013091717,0.029431734054261909,-0.019925398663040932,0.037468810467144717,0.0011330201095329688,-0.0009354715083358528,0.0014654256757439608
8783797399,8.7837973990000009,0.0081206715152369879,constant_radius_turn,0,23.663316291445362,1.2679855076738404,0,4.2795159322751868,1.4161864233500088,0,0.98726080737732547,0,0,0.15911033346917303,0,0.81139560970528357,-9.8066499999999994,0,0,0.17999999999999999,-0.17637318366312263,0.91994542050771733,-10.317311418449055,-0.0020558671773836423,-0.016593016275132266,0.18869914660716103,0.029345828598692815,-0.019899208216472262,0.03745038349299553,0.0011332787300073898,-0.00094536502184126283,0.0014689392081119596
8792246825,8.7922468250000012,0.0084494255181891721,constant_radius_turn,0,23.699466622166117,1.2799789598431759,0,4.2773571104690475,1.4226934841342076,0,0.9871395267495513,0,0,0.15986104819083324,0,0.81139560970528357,-9.8066499999999994,0,0,0.17999999999999999,-0.10471508546234881,0.58013862211367484,-9.9827493951077546,-0.0058779422298134171,-0.011780142517201673,0.20173024127956324,0.029277082005594514,-0.019941976834966596,0.037384568450909629,0.0011303646764884386,-0.00094178585397233295,0.0014726012890049695
8803999846,8.803999846,0.011753021257244008,constant_radius_turn,0,23.749720748024082,1.2967530640373424,0,4.2743377705897876,1.4317392301629428,0,0.98696987800831482,0,0,0.16090512702910428,0,0.81139560970528357,-9.8066499999999994,0,0,0.17999999999999999,0.41905926691672757,0.95358166028116076,-10.236290857928234,0.012482972733573003,-0.0018468146269239672,0.18097613906084492,0.029297783030145644,-0.019976644838136541,0.037360530827544453,0.0011293584169965686,-0.00093903614023352127,0.0014709303937807481
8813408609,8.8134086089999997,0.0094087629112506489,constant_radius_turn,0,23.789925542876045,1.3102580039813283,0,4.2719068808195786,1.4389760949662758,0,0.98683327153350364,0,0,0.16174082414307914,0,0.81139560970528357,-9.8066499999999994,0,0,0.17999999999999999,0.72956038764371067,0.79453774335887184,-10.501339431668493,0.011550272724436914,0.018344599540351218,0.16628703520216026,0.029410135877444687,-0.019977773713910463,0.037345090701716148,0.0011272338269755402,-0.0009347089551554502,0.001471374228293911
8823508256,8.8235082560000002,0.010099647448027747,constant_radius_turn,0,23.833057050488037,1.3248303604146956,0,4.2692838559401425,1.446739768474939,0,0.98668584660428538,0,0,0.16263775733446573,0,0.81139560970528357,-9.8066499999999994,0,0,0.17999999999999999,0.46244254753108666,0.67700087627936811,-9.7615668681440138,-0.0095644197227494829,-0.0049792228690782991,0.15447025781604284,0.029478300228747513,-0.020111153276442181,0.037344378442990413,0.001128475754746158,-0.00093509071043400304,0.0014724405204775244
8834043911,8.8340439110000002,0.010535654728018182,constant_radius_turn,0,23.87802225776241,1.3401153475266854,0,4.2665325574365704,1.4548335082104111,0,0.98653118848959187,0,0,0.1635732684068926,0,0.81139560970528357,-9.8066499999999994,0,0,0.17999999999999999,0.21338427131440432,0.80424641449684109,-9.9072081864873081,-0.0034264630874171354,0.0070956680098547562,0.16995800934614536,0.029366209032785723,-0.020005387584456243,0.037311778170024609,0.0011292644293251729,-0.00093804649854891298,0.0014754135324390966
8845029484,8.8450294840000012,0.010985572863655599,constant_radius_turn,0,23.924876714632077,1.3561438521327569,0,4.2636474256687347,1.4632673131955176,0,0.98636898118840677,0,0,0.16454857322184407,0,0.81139560970528357,-9.8066499999999994,0,0,0.17999999999999999,0.14069614703465055,1.0549099997487035,-9.5673040985281137,0.0075029886721315704,0.01477125712169112,0.18317806507136392,0.029331702091468626,-0.019917786604958066,0.037302715327218794,0.0011297926074685008,-0.00093986203201734848,0.0014801269225092702
8853685748,8.8536857480000002,0.0086562636407010538,constant_radius_turn,0,23.961774080467826,1.3688390251806908,0,4.2613622940583173,1.4699088403898026,0,0.98624048804301512,0,0,0.16531696750386965,0,0.81139560970528357,-9.8066499999999994,0,0,0.17999999999999999,0.17221882544862885,1.0745190900901438,-9.4793427273534956,-0.0072012134363788503,0.026223746948142421,0.1698723385449904,0.029187862420357143,-0.019932787835231495,0.037246866972910665,0.0011311955781907407,-0.00093530191188309685,0.0014735068016961843
8865029109,8.865029109,0.011343361013125514,constant_radius_turn,0,24.010095178777224,1.3855620629689682,0,4.2583521462122018,1.4786066411077656,0,0.98607120161783912,0,0,0.16632373654999144,0,0.81139560970528357,-9.8066499999999994,0,0,0.17999999999999999,0.53038375691629258,1.0027368551977922,-9.6055084320023436,0.020483433019591719,-0.0095801826488709965,0.18099084071072111,0.029269364093498694,-0.020042779807259607,0.037339930450645216,0.0011277132825924104,-0.00093825347897256463,0.0014694152972269104
8874283581,8.8742835810000003,0.009254471783034561,constant_radius_turn,0,24.049492554014677,1.3992786005894622,0,4.2558831688702643,1.4856981702906054,0,0.98593232815260246,0,0,0.16714497989347168,0,0.81139560970528357,-9.8066499999999994,0,0,0.17999999999999999,-0.052854443628359046,1.1839358222908716,-9.5513637838524286,0.0049047679011392856,0.033836029868088424,0.17390685352697152,0.029303881502150474,-0.019980101950724576,0.037411812829444939,0.0011268513509791007,-0.00093444832176442407,0.0014731780402385891
8884746256,8.8847462559999997,0.010462674525110686,constant_radius_turn,0,24.094005797734035,1.4148648924886484,0,4.2530776355003157,1.4937105565286406,0,0.98577450055201399,0,0,0.16807329966841117,0,0.81139560970528357,-9.8066499999999994,0,0,0.17999999999999999,0.55260664975401674,0.81042694127917259,-9.7079725566351165,7.7947470954785672e-05,-0.017754634074632354,0.1986852087835243,0.029248331029583956,-0.0199794896089238,0.037429117349389543,0.0011285114548879589,-0.00093099857684920582,0.0014753352349826147
8893000538,8.8930005380000008,0.0082542821802946437,constant_radius_turn,0,24.129102721888618,1.4272204739175227,0,4.2508536304344231,1.5000280040387728,0,0.98564936934971081,0,0,0.1688055707034494,0,0.81139560970528357,-9.8066499999999994,0,0,0.17999999999999999,-0.1127626271696618,1.3259869206502399,-9.8175089619036147,-0.0044218023197174095,0.029971342645882838,0.20538248344458535,0.02923550636055745,-0.019915118377068521,0.03720999565706308,0.0011291286894741875,-0.00092476701008181673,0.0014769777615503527
8904699855,8.9046998550000005,0.011699316672394326,constant_radius_turn,0,24.178816271175975,1.4448221218932946,0,4.2476853326296489,1.508976446218099,0,0.98547108111349135,0,0,0.16984330510504875,0,0.81139560970528357,-9.8066499999999994,0,0,0.17999999999999999,0.22811178862380002,1.2786654173916572,-9.7256075040538938,-0.013148108461004563,-0.025253595418137792,0.19470101793509675,0.029157967715526829,-0.019939023856328241,0.037217736769020709,0.0011292580628690467,-0.00092703248701002557,0.0014779601012071565
8915858874,8.9158588740000013,0.011159018773947959,constant_radius_turn,0,24.226199312447793,1.4617084057523306,0,4.2446458005145287,1.517505396515092,0,0.98530000853173505,0,0,0.17083293940971364,0,0.81139560970528357,-9.8066499999999994,0,0,0.17999999999999999,-0.20606917687089468,0.5112110333779617,-9.8887742548067337,0.024959363821697684,0.011917089507306355,0.18117691165334332,0.029148786196219818,-0.020033480504429556,0.037191780220603127,0.0011249202483042946,-0.0009228703211013764,0.0014772211049419288
8925129910,8.9251299100000008,0.0092710357239183024,constant_radius_turn,0,24.265539808956046,1.4758100779494558,0,4.2421074989306664,1.5245866875301834,0,0.98515712371386355,0,0,0.17165500748835555,0,0.81139560970528357,-9.8066499999999994,0,0,0.17999999999999999,0.58053550242271001,0.18593756429006836,-9.748859459439382,-0.0067914245075224467,-0.020106973285173035,0.19124675756880796,0.029112304742834834,-0.020011920817913944,0.037236254024024765,0.0011265446115130019,-0.00091856857776995995,0.0014824497934055199
8934090493,8.9340904930000011,0.0089605832777273475,constant_radius_turn,0,24.303540524657812,1.4895019097091402,0,4.2396429686802399,1.5314268178395793,0,0.98501837176365359,0,0,0.1724494340033646,0,0.81139560970528357,-9.8066499999999994,0,0,0.17999999999999999,0.1015496839341516,0.743982803164974,-10.00499325625649,-0.0095689215302805046,0.012483755572028216,0.15026126149683355,0.02921182883858273,-0.019902094535601881,0.037113148224751209,0.0011217164387913444,-0.00091542296584519152,0.0014796298784455926
8944201322,8.9442013220000014,0.010110828787961263,constant_radius_turn,0,24.346392703305028,1.5050248984754895,0,4.2368488299320326,1.5391402121254636,0,0.98486103935809644,0,0,0.17334570417085643,0,0.81139560970528357,-9.8066499999999994,0,0,0.17999999999999999,0.18762757612306716,1.2483637308229523,-9.8644592663571302,0.0033400276070913483,0.014760894669777253,0.17700173006807279,0.029214837100188788,-0.01983849370709927,0.03708210735546958,0.0011220398547631906,-0.00091743894957650946,0.001476460003125136
8953447917,8.9534479170000001,0.0092465952112684175,constant_radius_turn,0,24.38555725866151,1.5192892974927876,0,4.2342812375168712,1.5461898337172733,0,0.98471644116368584,0,0,0.17416523907463624,0,0.81139560970528357,-9.8066499999999994,0,0,0.17999999999999999,-0.1398982727012309,0.89510927675309016,-9.9170989903227564,-8.8785922456003589e-06,-0.015633655280852088,0.18514190971398298,0.029157323353803194,-0.019857692013351809,0.037108304492844975,0.0011211460466960936,-0.00091236432984603648,0.001479063585547488
8961665949,8.9616659490000004,0.0082180316603847718,constant_radius_turn,0,24.42034529877823,1.532021664535637,0,4.2319894110316723,1.552451682080269,0,0.9845873552444403,0,0,0.17489351015048671,0,0.81139560970528357,-9.8066499999999994,0,0,0.17999999999999999,0.12731570691643582,0.47448233824173647,-9.8603197224431316,-0.018520815470984262,-0.019305747132892639,0.15954691595841838,0.029223734986186915,-0.019832029415193905,0.037089272495715545,0.0011225101186594756,-0.00091629277248223354,0.0014758224311405724
8972472724,8.9724727240000011,0.010806775471959748,constant_radius_turn,0,24.466063097416214,1.5488431268946246,0,4.2289615468535597,1.5606808884304306,0,0.98441678643572683,0,0,0.17585104658078243,0,0.81139560970528357,-9.8066499999999994,0,0,0.17999999999999999,0.2312707317382906,0.47427291250078452,-9.839785279995219,-0.017262749705305173,-0.0051379433368194255,0.16470818451157682,0.029297126860917799,-0.019766930115322306,0.03699504710683045,0.0011245076541079541,-0.00092133334650133466,0.0014734401885485608
8981638448,8.981638448,0.0091657244830946512,constant_radius_turn,0,24.50481276720857,1.5631798631266278,0,4.2263809337470963,1.5676558305754109,0,0.9842713893098517,0,0,0.17666304703036909,0,0.81139560970528357,-9.8066499999999994,0,0,0.17999999999999999,0.18693563436532401,0.7069069619972792,-9.8854706720633523,0.051205863517622782,0.026822090448445111,0.16006331853505018,0.029424103877635603,-0.019754028114099865,0.036925739995880655,0.0011252383166526444,-0.00092167580154359989,0.0014779178000941281
8990565625,8.9905656250000003,0.0089271765304111596,constant_radius_turn,0,24.54253114752051,1.5772049081524389,0,4.2238564250998252,1.5744451404926683,0,0.98412913244044886,0,0,0.17745379872521647,0,0.81139560970528357,-9.8066499999999994,0,0,0.17999999999999999,-0.49140524980722905,0.51031588016603968,-9.4650418727983219,0.0074250016883871091,0.029381518197265897,0.19134818917618684,0.029244844266543127,-0.019786328594231389,0.036892476878182826,0.0011228180910392569,-0.00092361668440321567,0.0014780616283283615
9000119320,9.0001193200000014,0.009553695456955346,constant_radius_turn,0,24.582871622227273,1.5922813636061066,0,4.2211426624501618,1.5817064277296258,0,0.98397618811042864,0,0,0.17829991932603442,0,0.81139560970528357,-9.8066499999999994,0,0,0.17999999999999999,0.2801192987616492,1.1322619644244822,-9.9529135269555464,-0.0158463432387515,-0.012695376539570067,0.17863386082669627,0.029306608272481806,-0.019766713252227869,0.036898932555243236,0.0011218480988660329,-0.00091991405121249733,0.0014771313229223855
9040119320,9.0401193200000005,0.040000000000000001,constant_radius_turn,1,24.751487376239979,1.6561566413650151,0,4.2096450630198952,1.6120573946576082,0,0.98332793362850157,0,0,0.18184107056960869,0,0.81139560970528357,-9.8066499999999994,0,0,0.17999999999999999,0.15627281902957854,0.86311470647712962,-9.837558831865957,0.0022285950836467765,-0.0017450483293511621,0.1723477642671426,0.029222225245582104,-0.019807963383481869,0.036955365355703533,0.0011194637268285971,-0.00091892818629265129,0.0014749970932067705
9049797403,9.0497974030000012,0.0096780827035378054,constant_radius_turn,0,24.79221504896427,1.671793741087465,0,4.2068303843588399,1.6193883776022691,0,0.98316917206581611,0,0,0.18269750709688906,0,0.81139560970528357,-9.8066499999999994,0,0,0.17999999999999999,0.3430292460891633,0.74918490412257055,-10.021009111905705,0.030965961468620299,-0.0027701393085173887,0.19873651499716616,0.029277607383363453,-0.01980528920884474,0.037186771834263714,0.0011171302184654545,-0.00092498666647518367,0.0014807952573202183
9058299219,9.0582992190000002,0.0085018158406570798,constant_radius_turn,0,24.82797019065568,1.6855888413830513,0,4.2043472658215135,1.6258243043629335,0,0.98302909081856249,0,0,0.18344973863276692,0,0.81139560970528357,-9.8066499999999994,0,0,0.17999999999999999,0.61043240124452236,0.60989439928050015,-9.5131669799327216,-0.0095413756881391025,0.0038804458230042526,0.16827977117504864,0.029337520242739799,-0.019832991141661881,0.037235133610260811,0.0011206806727972769,-0.00092927698446748262,0.0014840590960149514
9068591615,9.0685916150000008,0.010292396253444953,constant_radius_turn,0,24.87122746095687,1.7023625392662396,0,4.2013279993400001,1.6336106152445902,0,0.98285873672734236,0,0,0.1843602550408652,0,0.81139560970528357,-9.8066499999999994,0,0,0.17999999999999999,-0.040899516797726743,0.41000916643311691,-9.8852722269448829,0.029769660954675665,-0.02580528593215559,0.20572199258037094,0.029293729683265848,-0.019793040399500608,0.037213485677948632,0.0011177891690760547,-0.00092110896348584462,0.0014805098523052009
9077923441,9.0779234410000011,0.0093318256306716349,constant_radius_turn,0,24.91042069024391,1.7176400256820716,0,4.1985780511392674,1.6406653981752779,0,0.98270355250722885,0,0,0.18518565789410441,0,0.81139560970528357,-9.8066499999999994,0,0,0.17999999999999999,0.43491274528639956,0.38844197444032552,-9.7435601100686604,-0.025622445317016324,0.01980842787746008,0.18676889235881367,0.029397258915265852,-0.019883156975701498,0.037243628686942871,0.0011162352535036874,-0.00092447511447948363,0.0014744645427413412
9086938027,9.0869380270000004,0.0090145855125142067,constant_radius_turn,0,24.948257106959229,1.7324606413867067,0,4.1959103397277184,1.6474759546785731,0,0.98255298562669902,0,0,0.18598287672810032,0,0.81139560970528357,-9.8066499999999994,0,0,0.17999999999999999,-0.069130543606184522,0.83636930672138066,-9.3905410632059301,-0.0053861649293621035,0.0045815825979118137,0.18320711719192562,0.029370197902974782,-0.020026770245731535,0.037263260115507166,0.0011195242698734565,-0.00092612825323459835,0.0014833499411853279
9096277813,9.0962778130000004,0.0093397864527712173,constant_radius_turn,0,24.987433051743547,1.7478806455473685,0,4.1931347383257727,1.654527626400873,0,0.98239630488920038,0,0,0.18680872608110485,0,0.81139560970528357,-9.8066499999999994,0,0,0.17999999999999999,0.33550139461041095,0.47048930303125824,-9.7121211261727005,0.018536049827609809,-0.012081970427425665,0.16810842250176974,0.029427874048579911,-0.020018797788190115,0.037261078189615285,0.0011178087684999601,-0.00092259396360630801,0.0014955345653407169
9107978387,9.1079783870000011,0.011700574247754456,constant_radius_turn,0,25.036474695738871,1.7672912122993829,0,4.1896408350206444,1.663355125583702,0,0.98219904098394373,0,0,0.18784313639369773,0,0.81139560970528357,-9.8066499999999994,0,0,0.17999999999999999,-0.15402055902669384,0.73363613146588114,-9.3817266762027138,0.0005581574780719388,0.018890817280621957,0.16297408540917716,0.029465412030759041,-0.020175536696787549,0.037292579612045171,0.0011199060598330595,-0.00092508833158836399,0.0014961028691783135
9117024937,9.1170249370000001,0.0090465503017214451,constant_radius_turn,0,25.074364215558475,1.7823696873730541,0,4.1869267089082616,1.6701752406585033,0,0.98204577553433503,0,0,0.18864277021705991,0,0.81139560970528357,-9.8066499999999994,0,0,0.17999999999999999,-0.63402683680871263,0.60526459327156179,-9.7761593364168675,-0.012983844374655122,0.0025076597383555284,0.19662198279159276,0.029379894016380619,-0.020109194346118714,0.037286352548186796,0.0011216740868076785,-0.00091636001104410179,0.0015002497599808842
9128796441,9.1287964410000004,0.011771503639234702,constant_radius_turn,0,25.123629754241428,1.8020823549780314,0,4.1833784274135883,1.6790430409398873,0,0.98184536963105462,0,0,0.18968307814367052,0,0.81139560970528357,-9.8066499999999994,0,0,0.17999999999999999,-0.12029403081382577,0.27312412657554086,-9.3922734251910516,-0.01307202574488894,-0.0036800997923644536,0.15897727178838245,0.029330423952961888,-0.020048131295181855,0.037482904471331277,0.001126042714230079,-0.00091799760968588385,0.0015030464852803349
9139626735,9.1396267350000002,0.010830293700151669,constant_radius_turn,0,25.168919203290265,1.8203110290907041,0,4.1800972650354309,1.687195144350933,0,0.98166001412867787,0,0,0.19064001851889323,0,0.81139560970528357,-9.8066499999999994,0,0,0.17999999999999999,-0.015197289460274981,0.69998531652994023,-9.8985106500407767,-0.031645040202132921,-0.010821399790175922,0.1818279190912668,0.029264925019779606,-0.020106083118323414,0.037369006670535963,0.0011208846976044655,-0.00091767908469339338,0.0015030723580284004
9149626265,9.1496262650000002,0.0099995300443505904,constant_radius_turn,0,25.210702994303333,1.8372197912871779,0,4.1770536870192903,1.6947162287641571,0,0.98148804866357076,0,0,0.19152339369010848,0,0.81139560970528357,-9.8066499999999994,0,0,0.17999999999999999,0.37275754429225982,0.4812967149668228,-9.7899249523853857,-0.01116915373431787,-0.0045976615983080891,0.16884554404269153,0.029131586231395661,-0.019940044816915352,0.037492790696995452,0.0011096846005398315,-0.00091966215041924663,0.0015024521623476592
9158376631,9.1583766310000012,0.0087503658375519267,constant_radius_turn,0,25.24724204089188,1.8520779539908756,0,4.1743792171802507,1.7012932585100227,0,0.98133691333724304,0,0,0.19229628837222112,0,0.81139560970528357,-9.8066499999999994,0,0,0.17999999999999999,-0.10255449426778641,0.48998075855448125,-9.5506114899901089,0.026740016498617084,0.01661406871871135,0.19688023462963908,0.029207338252365114,-0.019897041885485075,0.037472607688552539,0.001108132737562691,-0.00091399207674044622,0.0015101469839288704
9167449006,9.167449006,0.0090723751457238936,constant_radius_turn,0,25.285100947203418,1.8675436369933351,0,4.1715953936217725,1.7081078631607725,0,0.9811795736625839,0,0,0.1930974992777226,0,0.81139560970528357,-9.8066499999999994,0,0,0.17999999999999999,-0.3181032309168938,0.28108001445253838,-9.9687429428172063,0.021302238203346494,-0.0080635263736035731,0.16158975711881812,0.029115972153519309,-0.019820284945939192,0.037447811577225661,0.0011031620970802464,-0.00091416178609876218,0.0015131392203963632
9178429082,9.178429082000001,0.010980075603685998,constant_radius_turn,0,25.330886801321707,1.8863440363847683,0,4.1682113206310651,1.7163493195853474,0,0.98098827434421976,0,0,0.19406701316594169,0,0.81139560970528357,-9.8066499999999994,0,0,0.17999999999999999,0.40082288892382373,0.77419954284164161,-9.5569269776830907,-0.010220396387383458,0.018153282175338129,0.17967882965569118,0.029328413388127549,-0.019652816403401691,0.037406463392861369,0.0010968813329348588,-0.00091036320370216914,0.0015113737451123461
9188303294,9.1883032940000007,0.009874211636265633,constant_radius_turn,0,25.372029508574016,1.903328195484437,0,4.1651541711891964,1.7237550088406692,0,0.98081542371061503,0,0,0.19493872014396402,0,0.81139560970528357,-9.8066499999999994,0,0,0.17999999999999999,-0.22870629621871627,0.78479292650415278,-9.7604133869497147,0.010191616787560918,-0.023758244017552461,0.16206992564203479,0.029288303775313464,-0.019607415505828948,0.037365180980934325,0.0010970430580312684,-0.00091536533630704711,0.0015159406419591424
9199081104,9.1990811040000011,0.010777809772691861,constant_radius_turn,0,25.416902684667125,1.9219500261949514,0,4.1618022406112489,1.7318321830712249,0,0.98062587119307443,0,0,0.19589002207060932,0,0.81139560970528357,-9.8066499999999994,0,0,0.17999999999999999,0.14422507878822163,1.044776371404927,-9.9380166831181622,0.016548056375878382,0.013448837010397991,0.16585959694200078,0.029174444258785095,-0.019600050986773757,0.037288786457170466,0.0010900989920088124,-0.00091308353603285859,0.0015087831722468562
9209805872,9.2098058720000004,0.010724767737928359,constant_radius_turn,0,25.461519077812238,1.9405665891803641,0,4.1584512582344111,1.7398631363319061,0,0.980436335664986,0,0,0.19683645929505789,0,0.81139560970528357,-9.8066499999999994,0,0,0.17999999999999999,0.016665271049475659,0.91686218693282484,-9.4894137360954147,0.011622763991577502,-0.017117263773476211,0.16497463716675032,0.029187188171901333,-0.019644111262428241,0.03717419253878277,0.001087466141059149,-0.00092065426947782972,0.0015042875106099423
9219490756,9.2194907560000008,0.0096848839850749366,constant_radius_turn,0,25.501778477761569,1.957452053504583,0,4.1554118738871217,1.7471098301583599,0,0.9802643927962682,0,0,0.19769097150796658,0,0.81139560970528357,-9.8066499999999994,0,0,0.17999999999999999,0.29892732947828499,1.3240895780611122,-9.5307633271128029,0.013365519418956263,-0.01274885136853221,0.19590243577139607,0.029223432938217275,-0.019694251471765366,0.037137605192623935,0.0010861661516915657,-0.00092327203717156091,0.0015028295216412415
9229434419,9.2294344190000004,0.009943662799786597,constant_radius_turn,0,25.543082911824364,1.9748616891074755,0,4.1522781386428873,1.7545446302748793,0,0.9800870807611527,0,0,0.19856815989750687,0,0.81139560970528357,-9.8066499999999994,0,0,0.17999999999999999,0.42466875786958169,0.39572085074667102,-9.9719943022478077,0.016246864105427253,-0.018933435425193844,0.18172066297184639,0.029274782120945489,-0.019533653840638644,0.037062177743368674,0.0010893213541353928,-0.0009164935243291684,0.0014993382045577497
9239664235,9.2396642350000011,0.0102298155390949,constant_radius_turn,0,25.585543390210123,1.9928494497044107,0,4.1490403408215855,1.7621875185442557,0,0.97990384698942967,0,0,0.19947042551545471,0,0.81139560970528357,-9.8066499999999994,0,0,0.17999999999999999,-0.064870720877818061,0.71983548835054312,-9.6029775762430418,0.024788587666238461,0.0053369508872212965,0.1923422777801832,0.029259452009133994,-0.019594460675705791,0.037024557129098322,0.0010943803658073339,-0.00091890851423944418,0.001498399740567338
9250114045,9.2501140450000001,0.01044980981508483,constant_radius_turn,0,25.628882715800128,2.0113047340436365,0,4.1457183886621749,1.7699885994509561,0,0.97971581512976125,0,0,0.20039191995843422,0,0.81139560970528357,-9.8066499999999994,0,0,0.17999999999999999,0.093574769497384608,0.74597242293887089,-9.80718014228062,-0.020895084213087813,-0.014579542582888875,0.16036185524116664,0.029163142021307115,-0.019503329596306875,0.037105636388502027,0.0010986229946452586,-0.00093155234898996029,0.0015011860082645605
9259925048,9.2599250480000013,0.0098110026654369548,constant_radius_turn,0,25.669541004809403,2.0287059977970059,0,4.1425861603733711,1.7773070933749928,0,0.97953848911492436,0,0,0.20125692122869027,0,0.81139560970528357,-9.8066499999999994,0,0,0.17999999999999999,0.2118061085426412,0.60931533527751902,-10.058722109689436,0.021388223805527271,-0.0041069746566601969,0.20089790089028656,0.029008240172883257,-0.01953096357176887,0.037083534287692392,0.0010975890527188982,-0.00093242597659712648,0.0015087132771933207
9268900850,9.2689008500000014,0.008975801564469723,constant_radius_turn,0,25.706711124898728,2.0446887804420473,0,4.1397092588720525,1.7839977164467058,0,0.9793755897237123,0,0,0.20204814835412585,0,0.81139560970528357,-9.8066499999999994,0,0,0.17999999999999999,-0.23840716272956436,0.75193181856188207,-9.8157599765963557,-0.019543447914508502,0.0037665669223358057,0.16158713070641681,0.02886057384479147,-0.019607067831351219,0.037129137487017669,0.0010961648193107602,-0.00092962026470783381,0.0015047989086621812
9280156661,9.2801566610000013,0.011255811326020274,constant_radius_turn,0,25.753286521605911,2.0648163041176346,0,4.1360863033725872,1.7923812907224119,0,0.97917040780819198,0,0,0.20304017452893175,0,0.81139560970528357,-9.8066499999999994,0,0,0.17999999999999999,-0.044858409851747147,1.2848485502523346,-9.5119315178580592,0.013967246906526586,-0.018262034713092772,0.17578614370708523,0.028711942397502858,-0.019547146981143394,0.037256561615993833,0.0010936740228881198,-0.00093126240690643528,0.0014995941068202778
9290389081,9.2903890810000007,0.010232419725562228,constant_radius_turn,0,25.79559176679912,2.0831956614613611,0,4.1327780181164675,1.7999962370103391,0,0.97898300931673254,0,0,0.20394182373695299,0,0.81139560970528357,-9.8066499999999994,0,0,0.17999999999999999,0.42877985466819651,0.65077759619842068,-9.9188392463297017,0.030442782528165024,-0.024733946790407423,0.1398661482969194,0.028519174841591621,-0.019433445432570015,0.037276282322956808,0.0011024870160485786,-0.00093065468764846285,0.0014961708681388583
9301527880,9.3015278800000001,0.011138799093464385,constant_radius_turn,0,25.841605804828106,2.1032915866388513,0,4.1291607503741368,1.8082787666307838,0,0.97877806738680639,0,0,0.20492314364792596,0,0.81139560970528357,-9.8066499999999994,0,0,0.17999999999999999,0.021564751878783921,0.90315682131139163,-9.5688605647662754,0.0022932606035965799,0.0097733334633676779,0.17559301760247342,0.028541917066195834,-0.019410944268962674,0.037170320109083201,0.0010973194004911951,-0.00094093978062692498,0.001498071283729156
9313443559,9.3134435590000013,0.011915679254499042,constant_radius_turn,0,25.890784396244843,2.1248911961240124,0,4.1252728191781687,1.8171309164801137,0,0.97855774273883445,0,0,0.20597267810531816,0,0.81139560970528357,-9.8066499999999994,0,0,0.17999999999999999,-0.10432859342770671,0.51787476091614781,-9.920394994772618,-0.014453625801884588,-0.0021386477018829268,0.16779281555952757,0.028491168484723089,-0.019514066807389874,0.037054289985846256,0.0010944444964871604,-0.00094889255608237471,0.0014989229214966082
9323492356,9.3234923560000009,0.010048797033225747,constant_radius_turn,0,25.9322218774372,2.1431886516172751,0,4.1219792762923451,1.8245896651287086,0,0.97837106258382478,0,0,0.20685759328242653,0,0.81139560970528357,-9.8066499999999994,0,0,0.17999999999999999,0.49384288988290387,0.74182706442336421,-9.9479130377021203,-0.041287380833669694,-0.02033469431261933,0.18264621679097959,0.028675678890413385,-0.019507725838900834,0.037292363360229078,0.0010928105733412424,-0.00095162155944339616,0.0015001136352407274
9332867799,9.3328677990000006,0.0093754427833732407,constant_radius_turn,0,25.970852796633981,2.1603275840149627,0,4.118894267729301,1.8315432322347076,0,0.97819616997588987,0,0,0.2076830591177338,0,0.81139560970528357,-9.8066499999999994,0,0,0.17999999999999999,-0.40825697033121566,0.93951498533618405,-9.8750438205397337,0.0092148207313267304,-0.0031946270077128922,0.19354249549926925,0.02884622852672682,-0.019654880955790485,0.037334207121834689,0.001089096162063761,-0.00095111743213633184,0.0015028704548678351
9342279907,9.342279907,0.0094121076922362903,constant_radius_turn,0,26.009605642532044,2.1775990933078293,0,4.11578539531369,1.8385187461651264,0,0.9780198928606213,0,0,0.20851160439864957,0,0.81139560970528357,-9.8066499999999994,0,0,0.17999999999999999,-0.06300360339053275,1.0472506232102341,-9.793978846458586,0.014121276762874644,-0.023246961575733506,0.19492276614255266,0.028896034737222218,-0.019604570223908227,0.03713391888425642,0.0010892014884109633,-0.0009503563578450269,0.001507310196340644
9350951950,9.3509519500000007,0.0086720427117529409,constant_radius_turn,0,26.045285443723799,2.1935706539178037,0,4.1129105138206539,1.8449411116839423,0,0.97785685505575792,0,0,0.20927486953875363,0,0.81139560970528357,-9.8066499999999994,0,0,0.17999999999999999,0.47522010460070607,0.71398475064733835,-9.6013334643800476,-0.026610338475030464,0.0049495758917315865,0.19842686107869353,0.028984382196054058,-0.019631896273738524,0.037142333436738048,0.0010933467754165214,-0.00094603166755821558,0.0015013643846483295
9360839607,9.3608396070000008,0.0098876570330370464,constant_radius_turn,0,26.085936226607558,2.2118489735805453,0,4.1096204154137403,1.8522582545348933,0,0.97767023646442941,0,0,0.21014497075016261,0,0.81139560970528357,-9.8066499999999994,0,0,0.17999999999999999,0.16299470295570023,1.5377857398641313,-9.9816439295347799,0.0041841941876017089,0.0038050637260674432,0.19355077984305014,0.028988287141199363,-0.019642670541411646,0.037205971206713331,0.0010897811047445535,-0.00095268544301075925,0.0014972956830377651
9372654124,9.3726541240000003,0.011814516718893352,constant_radius_turn,0,26.134466081925403,2.2337841118364636,0,4.1056720890414056,1.8609936317850302,0,0.97744623530514385,0,0,0.21118441487903714,0,0.81139560970528357,-9.8066499999999994,0,0,0.17999999999999999,0.45991574105008992,1.1582562898593376,-9.8099355532588497,0.0011911179898841193,-0.015802478770788483,0.18728382299184435,0.029113604612313628,-0.019711006179229745,0.037085865187720869,0.0010875542674961144,-0.000949845114947658,0.0015046400827464211
9381590865,9.3815908649999997,0.0089367412823732357,constant_radius_turn,0,26.171144010842976,2.2504448307659497,0,4.1026731589879919,1.8675956604140915,0,0.97727606212087048,0,0,0.21197051305670919,0,0.81139560970528357,-9.8066499999999994,0,0,0.17999999999999999,-0.061612398255534287,0.71259751253297643,-9.694601127672172,0.01327018880199388,0.035771069017186984,0.19620604809057071,0.029147122833424275,-0.019736456052999462,0.03713000637223024,0.0010810832366905789,-0.00094266032006859891,0.0015020820561206976
9393555235,9.3935552350000009,0.011964369781974522,constant_radius_turn,0,26.22020579219074,2.272842265277466,0,4.0986416192195883,1.8764267844707099,0,0.97704724717307023,0,0,0.21302271426194339,0,0.81139560970528357,-9.8066499999999994,0,0,0.17999999999999999,-0.12726937700706084,1.1875179150870239,-9.7003829382967215,0.013700490253325377,-0.011117244273338709,0.17106049332267781,0.029151483629798126,-0.019835401382191434,0.037187617531472643,0.0010840635904704871,-0.00093983964155534502,0.0015065760548450518
9401766515,9.4017665150000003,0.0082112800430275672,constant_radius_turn,0,26.253849481297667,2.2882749942895475,0,4.0958637274921115,1.8824826496126013,0,0.97688955335881444,0,0,0.21374470879630225,0,0.81139560970528357,-9.8066499999999994,0,0,0.17999999999999999,-0.064518754470070466,0.81708086119102141,-9.7036760708593377,0.017647689959385787,0.024672686182450169,0.16630533527745478,0.028887077450545025,-0.019874354740954996,0.037215443519748238,0.0010893336633867607,-0.00093258376927602706,0.0015088257168452707
9410789160,9.4107891600000002,0.0090226447757556574,constant_radius_turn,0,26.2907911879532,2.3052899646141074,0,4.0928010321610975,1.889132158272445,0,0.9767156624623925,0,0,0.21453790970513781,0,0.81139560970528357,-9.8066499999999994,0,0,0.17999999999999999,0.29936722784546821,1.1995042617082183,-9.75759652847346,0.0016645640343394331,0.006841337286948814,0.19530430191230949,0.02892527240951371,-0.020072316816351549,0.037010331597022765,0.0010891670679246672,-0.00093341271181874121,0.0015066238267991811
9419320446,9.4193204460000004,0.0085312862996938521,constant_radius_turn,0,26.325695650067644,2.3214334921185382,0,4.0898951966397386,1.8954149626879211,0,0.97655064898191757,0,0,0.2152877840774895,0,0.81139560970528357,-9.8066499999999994,0,0,0.17999999999999999,0.27647438519691753,0.68140755170789247,-9.4805755416206292,-0.00064613356207416641,0.0026747065534344526,0.16352534962503126,0.028999094977580544,-0.02017543687196665,0.037070236660900313,0.0010917570016762829,-0.00093686308326222678,0.0015068836839823789
9428956819,9.4289568189999997,0.0096363730949356272,constant_radius_turn,0,26.36509153577601,2.339732584892352,0,4.086601359115388,1.9025062238937145,0,0.9763635683355758,0,0,0.21613463958149204,0,0.81139560970528357,-9.8066499999999994,0,0,0.17999999999999999,-0.64602910634376898,0.55463247765019585,-9.7289580207724367,0.0093945712035802906,-0.00069950591844131129,0.17595499825320515,0.028999463815872619,-0.020181318187603242,0.037061592163974429,0.0010951266321408922,-0.00093423906900683032,0.0015085033614322583
9439804329,9.4398043290000011,0.010847509840923593,constant_radius_turn,0,26.409400794143863,2.3604132979595325,0,4.0828788295818663,1.9104818929344149,0,0.97615209603925912,0,0,0.21708773663696679,0,0.81139560970528357,-9.8066499999999994,0,0,0.17999999999999999,0.31477200886394591,0.4993495593560327,-9.4948540125249341,-0.016300710091462323,0.022759935533584789,0.17638549660156075,0.028985146128896314,-0.020224568613159126,0.036989128021108514,0.001095050351159146,-0.00093563061466129692,0.0014987815335262221
9451588577,9.4515885770000008,0.01178424777815572,constant_radius_turn,0,26.457490518296179,2.3829778931004908,0,4.0788172009353278,1.9191380465282204,0,0.97592130766651131,0,0,0.21812290398416823,0,0.81139560970528357,-9.8066499999999994,0,0,0.17999999999999999,0.38868617574436098,1.0287385350899012,-9.7751069418772758,-0.0025543918686220142,0.002592503091187949,0.18654531143007513,0.028941936868370814,-0.020214409309633332,0.036975353112924311,0.0010958087207009613,-0.00094175979415208407,0.0014945183671872301
9462342165,9.4623421650000008,0.010753587990479825,constant_radius_turn,0,26.501332423326758,2.4036579441700923,0,4.0750947905817547,1.9270295918982414,0,0.97570974629026508,0,0,0.21906732068975179,0,0.81139560970528357,-9.8066499999999994,0,0,0.17999999999999999,-0.29466772015770648,0.3437531749634542,-9.7350637103249724,0.01337002117436896,0.012758102006908637,0.20970585465496466,0.02885452278835374,-0.02033372386741544,0.036950500562340012,0.001096032676884064,-0.00093091391235847285,0.0014960982636711903
9471796857,9.4717968570000011,0.0094546918019106224,constant_radius_turn,0,26.539845657390046,2.4219101868347708,0,4.0718093861098712,1.9339619757031439,0,0.97552298381225067,0,0,0.21989749442420511,0,0.81139560970528357,-9.8066499999999994,0,0,0.17999999999999999,-0.016861716561812783,1.5947351006639376,-9.6814547464487308,0.0055160300582391981,-0.012820442037118105,0.16509693821223911,0.028850546407456441,-0.020364198294593832,0.03681804777798256,0.0010963950307074585,-0.00092822276486162448,0.0015000141391924506
9482181494,9.4821814940000007,0.010384637361036175,constant_radius_turn,0,26.582111113958558,2.4420331826692792,0,4.0681872458060369,1.941569760101127,0,0.97531703776159206,0,0,0.22080913896837079,0,0.81139560970528357,-9.8066499999999994,0,0,0.17999999999999999,0.25441021252016899,0.94569602932464081,-9.9255787542882921,0.016235241640540358,-0.0065059802927826035,0.18861654265242414,0.028867009327766785,-0.020281988082781279,0.03674915965190325,0.001101998334360885,-0.00092688592774408328,0.001494369899014083
9493829457,9.4938294570000004,0.011647962999473087,constant_radius_turn,0,26.629473448379585,2.4646981661478216,0,4.0641075472870503,1.9500949834206776,0,0.97508502398175112,0,0,0.22183145855921318,0,0.81139560970528357,-9.8066499999999994,0,0,0.17999999999999999,0.60227474191011332,0.5330582579795885,-9.5991071510142216,0.002376177540523456,-0.0098432354132379773,0.18927560560065892,0.028849556714517031,-0.020369905220781175,0.036674195455152409,0.0011025232523678909,-0.00092692435594938399,0.0014989361320127594
9502934994,9.5029349940000003,0.0091055368640236868,constant_radius_turn,0,26.666464753068894,2.4824851422298515,0,4.0609058908761755,1.9567534197555989,0,0.97490290607242336,0,0,0.22263046451809734,0,0.81139560970528357,-9.8066499999999994,0,0,0.17999999999999999,0.19739731866283255,1.0512505342173502,-9.8071533611803758,-0.0094087041157471171,0.022656076874592965,0.18705672143163476,0.028861745181617379,-0.020361513173024662,0.036691102187436035,0.0011083207685399588,-0.00093143635153205943,0.0014998972369119911
9514087668,9.5140876680000002,0.011152674490203442,constant_radius_turn,0,26.711732764319336,2.5043536135463573,0,4.0569695647186341,1.9649016645177824,0,0.97467895174567676,0,0,0.22360890193359625,0,0.81139560970528357,-9.8066499999999994,0,0,0.17999999999999999,-0.44276011337397514,0.6555533912392395,-9.9363901343938554,-0.009154967816813837,-0.01905091966168642,0.16785909041353633,0.02881362392608015,-0.020395541916955605,0.036806528030145814,0.0011137705158868767,-0.00093154588822552513,0.0015002730500822839
9525195508,9.5251955080000013,0.011107840223877031,constant_radius_turn,0,26.75677506962197,2.5262244563597114,0,4.0530328117021019,1.9730092821738598,0,0.97445492165438197,0,0,0.22458318205856881,0,0.81139560970528357,-9.8066499999999994,0,0,0.17999999999999999,0.14447931645069323,1.5022269659201664,-9.9951554831549334,0.023159084961924481,0.014540760773823663,0.1768925994569816,0.028707255993627161,-0.020282141942194624,0.037027801402627132,0.0011166148762227041,-0.00093337325001865827,0.0015046718442597927
9535699239,9.5356992390000013,0.010503730521671402,constant_radius_turn,0,26.799327404937351,2.546988640438089,0,4.0492952574557055,1.9806687048127936,0,0.97424217976033822,0,0,0.22550426864213668,0,0.81139560970528357,-9.8066499999999994,0,0,0.17999999999999999,0.16531864172769231,0.85371562705905535,-9.7798242774007615,-0.006093055597640961,-0.018908444194943086,0.18213124520783092,0.028645743831400033,-0.020210828015548556,0.037026488040223383,0.001121180963143746,-0.00092632948120718547,0.0015061864014033503
9544670726,9.5446707260000014,0.008971486529740693,constant_radius_turn,0,26.835641231386003,2.5647875040631898,0,4.0460914613075234,1.987205194994319,0,0.97405978243610891,0,0,0.22629083110130696,0,0.81139560970528357,-9.8066499999999994,0,0,0.17999999999999999,-0.0043299368326236432,0.37257754563128714,-10.17252568991503,0.017329648586080097,-0.0027484663705983833,0.21170621644633555,0.028734891733628497,-0.020126142349346843,0.036994987687256856,0.0011129121886527425,-0.00091992257464122717,0.0015070792538458679
9552770005,9.5527700050000011,0.0080992788256950606,constant_radius_turn,0,26.86839990471751,2.5809063119742981,0,4.0431900753700241,1.9931017572385501,0,0.97389457234085153,0,0,0.22700079727840139,0,0.81139560970528357,-9.8066499999999994,0,0,0.17999999999999999,0.099103229257811357,1.2961171834565031,-9.7471443739127341,0.013741304075346409,0.016480634865900904,0.16056712448856475,0.028700193519833203,-0.02021877160930087,0.036940853447770539,0.0011126366821995457,-0.00092132686505977672,0.0015092465905587099
9561160692,9.5611606920000014,0.0083906870953103074,constant_radius_turn,0,26.902312399220069,2.5976554145974022,0,4.0401752363252132,1.9992060074095828,0,0.97372287232658827,0,0,0.22773618049852937,0,0.81139560970528357,-9.8066499999999994,0,0,0.17999999999999999,0.71783324408805937,0.47497554597394859,-9.9621992031223048,0.012645792791586103,-0.0068056316914506349,0.16902622053003399,0.028692408429122164,-0.020232638629492039,0.036878929291943648,0.0011172357967251319,-0.00091711376947218302,0.0015107156750704656
9569242784,9.5692427840000001,0.0080820919708796887,constant_radius_turn,0,26.934953696814922,2.6138369243215327,0,4.037262564061554,2.0050814420130618,0,0.97355696211785592,0,0,0.22844439479193121,0,0.81139560970528357,-9.8066499999999994,0,0,0.17999999999999999,-0.18142903133881505,0.91640001330221876,-9.7669653002185459,-0.0028925832316123714,0.008872167138398751,0.20487956273270971,0.028777903046615438,-0.020177979115717077,0.03684320181941448,0.0011172439839863399,-0.00091696932804480791,0.0015114573554094429
9580126776,9.5801267760000002,0.010883991824708165,constant_radius_turn,0,26.978873810197214,2.6357032367188706,0,4.0333266265723804,2.0129870649510693,0,0.9733327202487535,0,0,0.22939794178057005,0,0.81139560970528357,-9.8066499999999994,0,0,0.17999999999999999,-0.016767935500493589,1.0819607068747712,-10.053167609746801,-0.00061176430159382011,-0.00012705431561336024,0.17636391882720803,0.028779461910439154,-0.020160022887312331,0.03687028575865707,0.0011196219926723555,-0.00092032252418263805,0.0015070370874307774
9590251725,9.5902517249999999,0.010124949396763472,constant_radius_turn,0,27.019692431838866,2.6561218246863558,0,4.029651279721862,2.0203344188807,0,0.97312327833570889,0,0,0.23028479142392896,0,0.81139560970528357,-9.8066499999999994,0,0,0.17999999999999999,-0.25538847136945864,0.92401863218386959,-9.4312638399349975,-0.014808999835995556,-0.001613754311228386,0.18596421182895964,0.028844445417645619,-0.020186175398976717,0.036921780169439505,0.0011225358670346548,-0.00092038040801521964,0.0015065143029300949
9601257371,9.6012573710000009,0.011005646219729092,constant_radius_turn,0,27.064019280678192,2.6784008166731135,0,4.0256410598540535,2.0283132542817901,0,0.97289470203932327,0,0,0.23124856484704176,0,0.81139560970528357,-9.8066499999999994,0,0,0.17999999999999999,0.14040260403898219,0.9899598753279224,-9.9690610340639676,-0.010815054893027211,0.013490691553944249,0.18288801412006028,0.028838592436014703,-0.020149466720180597,0.036886560766696899,0.0011230706233137367,-0.00091718912081701839,0.0015018549588764773
9612422095,9.6124220950000012,0.011164724468735881,constant_radius_turn,0,27.108941653725008,2.7010915144488261,0,4.0215567328811801,2.0363992841523251,0,0.97266184653944843,0,0,0.23222603705543096,0,0.81139560970528357,-9.8066499999999994,0,0,0.17999999999999999,0.09946680022137247,0.74313477026388197,-9.7443835602729223,0.020311418337675094,0.010818805265878003,0.15859976189322095,0.028810268670965776,-0.020217113281453841,0.036831195547368974,0.0011201581770319854,-0.00091781456193310734,0.0014999921122540226
9624130471,9.6241304710000009,0.011708376429306239,constant_radius_turn,0,27.156002376935987,2.7249840342752041,0,4.0172560777222719,2.044870217466507,0,0.97241659747700471,0,0,0.23325085412757879,0,0.81139560970528357,-9.8066499999999994,0,0,0.17999999999999999,0.43409339492697591,1.2585764205719099,-9.487525514507924,0.0051664975092594791,-0.0025619575594307124,0.1744992053106241,0.028889736695324422,-0.020216582563847486,0.036675776498131529,0.0011231455426586191,-0.00091703171509562292,0.0014964336798047155
9634037616,9.6340376160000005,0.0099071451758822177,constant_radius_turn,0,27.195783820830318,2.7452783312481821,0,4.0136031032999107,2.0520308792655588,0,0.97220823444900784,0,0,0.23411780980852984,0,0.81139560970528357,-9.8066499999999994,0,0,0.17999999999999999,-0.0068521761739348021,1.2379592221430906,-9.8794979892003862,-0.0071443914706591193,-0.024154049574827745,0.17940922787056002,0.028960806379731131,-0.020302611110598216,0.036593336961436129,0.0011224648697131748,-0.00091626544972965801,0.0015029932335871765
9644668319,9.6446683190000009,0.010630702681440061,constant_radius_turn,0,27.238430331714188,2.767133664051451,0,4.0096691421960653,2.0597072535675367,0,0.97198379419093461,0,0,0.23504787561302237,0,0.81139560970528357,-9.8066499999999994,0,0,0.17999999999999999,0.38141638751401585,0.29095374517787309,-9.5649427717310758,0.023644779038601346,-0.0086695283318641327,0.17553601410343811,0.028931585129945491,-0.020405500028476041,0.036558930473587728,0.0011218535159387823,-0.0009163831990365868,0.0015009145554816439
9654613453,9.6546134530000014,0.0099451337808348118,constant_radius_turn,0,27.278288661302618,2.7876534039296321,0,4.005975588032503,2.0668817548098128,0,0.97177302244231123,0,0,0.23591776714214474,0,0.81139560970528357,-9.8066499999999994,0,0,0.17999999999999999,-0.36790628265964614,0.33879701550787961,-9.8318851240930538,0.0093878868428481331,0.016724742395184417,0.16950281266355682,0.029022078220947205,-0.020362954470014932,0.036515275795606282,0.0011265090318324843,-0.00091850961918588515,0.0015016391228107493
9665123246,9.6651232460000003,0.010509792939638942,constant_radius_turn,0,27.32037005068775,2.8094157072232244,0,4.0020583722724927,2.0744564071586815,0,0.97154943753754996,0,0,0.23683684346078912,0,0.81139560970528357,-9.8066499999999994,0,0,0.17999999999999999,0.76782515697920384,0.66644460156056906,-9.3184008697420619,0.0043526715006318283,-0.026624975994187092,0.15755580693492344,0.028995277381542974,-0.020407529113344848,0.036475056223732538,0.0011262616334494445,-0.00092184805479652329,0.0014907207383597606
9674010564,9.6740105640000014,0.0088873182246673732,constant_radius_turn,0,27.355922847768124,2.8278804986778705,0,3.9987347091024041,2.0808559119981775,0,0.97135969077624207,0,0,0.23761386982893798,0,0.81139560970528357,-9.8066499999999994,0,0,0.17999999999999999,-0.019173612747343003,1.3926955822644365,-9.535388876804312,-0.0022679512068880031,0.0076745669796443152,0.1965695649118463,0.029008271740584523,-0.020305668421150617,0.036580201612300585,0.0011222346215174772,-0.00091702278907587807,0.0014951331278040781
9683843250,9.6838432500000007,0.0098326864202323751,constant_radius_turn,0,27.395223015190496,2.8483756807198826,0,3.9950455753726453,2.0879299439812407,0,0.97114903601676295,0,0,0.23847337344808975,0,0.81139560970528357,-9.8066499999999994,0,0,0.17999999999999999,-0.28395876864234343,0.93325108247739041,-10.462827637914886,-0.0064023598906707193,-0.011567727813535848,0.18808085288538226,0.029010216216644954,-0.020474064448352987,0.036564996363208264,0.0011194611167572917,-0.00091649809327064877,0.0015019469791689767
9694405140,9.6944051400000006,0.01056188958546285,constant_radius_turn,0,27.437397244896484,2.8704682558286847,0,3.9910689106563981,2.0955213076153654,0,0.97092191164429009,0,0,0.23939641076882814,0,0.81139560970528357,-9.8066499999999994,0,0,0.17999999999999999,0.27454636028019863,0.4233100231389671,-9.6627724850815344,0.011285819589761187,0.00041751601396057872,0.18087733294236388,0.029007226104525229,-0.020461880845692261,0.036565068752919823,0.0011198484584495512,-0.00091880404900591722,0.0015011650179546526
9704931887,9.7049318870000008,0.01052674725836682,constant_radius_turn,0,27.479389282030489,2.8925670625868909,0,3.9870911242508638,2.1030798765615244,0,0.97069467004199772,0,0,0.24031616165388694,0,0.81139560970528357,-9.8066499999999994,0,0,0.17999999999999999,-0.16967924164947951,0.96435786812425672,-9.820349793439501,0.0070833360640160884,-0.005885099122020127,0.19238272808644369,0.028938343061198957,-0.020540765112093164,0.036606016220382884,0.001123412239310636,-0.00092154184614686937,0.0015097796014011242
9716872410,9.7168724100000006,0.011940522583179392,constant_radius_turn,0,27.526970192276035,2.9177300680607332,0,3.9825617815237488,2.1116444437036366,0,0.97043585453052617,0,0,0.24135917683321559,0,0.81139560970528357,-9.8066499999999994,0,0,0.17999999999999999,-0.067232646975105809,0.98769646023528046,-9.4597384461955301,0.016725732030540265,0.001994154516719613,0.1598005672382129,0.028981902869394286,-0.02055090780571853,0.036493597906113479,0.0011309702301681029,-0.00091687296333406855,0.0015088019781386867
9726849690,9.7268496899999999,0.0099772802790434253,constant_radius_turn,0,27.566686376825814,2.9388341998950676,0,3.978763036773425,2.1187933588445018,0,0.97021873358305233,0,0,0.24223048735553104,0,0.81139560970528357,-9.8066499999999994,0,0,0.17999999999999999,0.0432318343143566,0.94810075697912177,-9.9521176223714605,-0.0038390959977449438,0.011967949740739156,0.1891879365572286,0.028739933050713928,-0.020638182640684042,0.036380724624951767,0.0011235044407671994,-0.00091136689188912271,0.0015065130010515231
9738677345,9.738677345000001,0.011827654875190467,constant_radius_turn,0,27.61371908307288,2.9639446223192576,0,3.9742431590315594,2.1272592491675533,0,0.96996033226215161,0,0,0.24326313703045205,0,0.81139560970528357,-9.8066499999999994,0,0,0.17999999999999999,0.081753400707716584,0.94284108213217188,-9.717357039195889,0.0038915218357890311,-0.023769253805315024,0.18514542462555245,0.028796767188566986,-0.020732035281747888,0.036385454064316564,0.0011181602032449226,-0.0009182918033547922,0.0015130552768782097
9747355946,9.7473559460000008,0.0086786009754457084,constant_radius_turn,0,27.648195512687746,2.9824331851681363,0,3.9709152170424877,2.1334650077604898,0,0.96977002987352323,0,0,0.24402067363054694,0,0.81139560970528357,-9.8066499999999994,0,0,0.17999999999999999,-0.31756043183099703,0.82307009698675504,-10.156132425579749,0.0043427316925843552,-0.012948035085377655,0.18887890427263887,0.028755247205223506,-0.020756569150763123,0.036365783387097408,0.0011238128099559442,-0.00091728242762839402,0.0015134871153980383
9756103487,9.7561034870000007,0.0087475407345711971,constant_radius_turn,0,27.682916541132588,3.0011230923627359,0,3.9675510330529193,2.1397147941720576,0,0.9695776170874798,0,0,0.2447840771842901,0,0.81139560970528357,-9.8066499999999994,0,0,0.17999999999999999,0.21464283810235038,1.1537950608540175,-10.321574622586001,-0.0098190070783570772,-0.017590170534997271,0.17822151452407908,0.028809967586266003,-0.020793032248021686,0.036300713347494587,0.0011211130161319356,-0.00091652168747775572,0.0015150091809122267
9767945715,9.7679457149999998,0.011842227742179828,constant_radius_turn,0,27.729874124380753,3.0265121297026178,0,3.9629810046030336,2.1481671623580842,0,0.96931617545936333,0,0,0.24581731426576303,0,0.81139560970528357,-9.8066499999999994,0,0,0.17999999999999999,0.024901114647447552,0.73773365015565762,-9.7130346397979022,-0.00049017869387760313,-0.037711154625803413,0.19686702242648646,0.028817556061404501,-0.020697722386371426,0.036162759237973879,0.001126726949719393,-0.00091769011416578921,0.001517948863583217
9777138083,9.7771380830000005,0.0091923677050622411,constant_radius_turn,0,27.766286941316416,3.046288996961485,0,3.9594211676848832,2.154721470902198,0,0.969112475877139,0,0,0.24661915801348802,0,0.81139560970528357,-9.8066499999999994,0,0,0.17999999999999999,0.23585949127996536,0.42825306861746726,-9.6236258964323369,0.003493640850182147,0.020492706102792448,0.2049766096606995,0.028812293478185265,-0.020719253114819355,0.036121467806817228,0.0011258714723480713,-0.00091384057317866194,0.0015211275927567553
9785234032,9.785234032,0.0080959487682755286,constant_radius_turn,0,27.798329484536236,3.063756858936959,0,3.9562769519732379,2.1604891297026696,0,0.96893252319135625,0,0,0.24732522213076424,0,0.81139560970528357,-9.8066499999999994,0,0,0.17999999999999999,-0.76811210707544419,0.80822566688083941,-10.107137090191914,-0.016732900236930151,-0.010927839382733577,0.21454368354016773,0.028893135914902151,-0.020761856916504149,0.036114610607272682,0.0011225301379262002,-0.00090913744873849219,0.0015205915878192878
9793939471,9.7939394709999998,0.0087054390944683382,constant_radius_turn,0,27.832755855569143,3.082591838178991,0,3.9528866550164516,2.1666858777568345,0,0.96873844909955897,0,0,0.24808429461814221,0,0.81139560970528357,-9.8066499999999994,0,0,0.17999999999999999,-0.67427882849861009,1.1056099958681465,-9.6102322478823901,-0.010510734236047391,0.0064843496418528091,0.18399835796158073,0.028926930488365594,-0.020673006140964165,0.036202834362418911,0.0011271507689071699,-0.0009122961451304497,0.0015204129325892557
9805384349,9.8053843490000006,0.011444877839388164,constant_radius_turn,0,27.877970570117157,3.1074358663105657,0,3.948414728372708,2.1748245292546082,0,0.96848239873844033,0,0,0.24908200122416849,0,0.81139560970528357,-9.8066499999999994,0,0,0.17999999999999999,0.48434334610865432,0.63500773129272969,-9.6440088357188998,0.01258815832219337,-0.011690511764768534,0.19009427472672338,0.028851624257147903,-0.020694255110854043,0.036163214268730821,0.0011269176060616196,-0.00091758253266145012,0.0015202513650205893
9815982465,9.8159824650000012,0.010598116494719968,constant_radius_turn,0,27.91979430643643,3.1305248028000086,0,3.9442587185453282,2.1823528040757343,0,0.96824437620952819,0,0,0.25000565581326673,0,0.81139560970528357,-9.8066499999999994,0,0,0.17999999999999999,-0.22390666455295435,0.4240278991739363,-10.068243092950983,-0.0051854236184198576,0.014475331601717474,0.16421236882755191,0.028835484215186537,-0.020596823958347325,0.036100251434854416,0.0011202665923543721,-0.00091602333789326509,0.0015306032921691805
9827501402,9.8275014020000011,0.011518937412649994,constant_radius_turn,0,27.965201865864671,3.1557102624029398,0,3.9397253341942244,2.1905261677017838,0,0.96798467398761046,0,0,0.25100930445921638,0,0.81139560970528357,-9.8066499999999994,0,0,0.17999999999999999,-0.077636040842355744,0.60794340210038667,-9.5406076672994207,-0.00050532464218326525,-0.015473477752657358,0.18377853163064922,0.028910598132022444,-0.020746708347333047,0.036130771451969634,0.0011206148313002077,-0.00091767800341658473,0.0015266933021412597
9839493321,9.8394933210000008,0.011991918920916257,constant_radius_turn,0,28.012418326631224,3.1820298340670825,0,3.9349878094569899,2.1990251339407054,0,0.96771320278120188,0,0,0.25205387750032421,0,0.81139560970528357,-9.8066499999999994,0,0,0.17999999999999999,-0.41777627229585546,0.6822178392635303,-9.7723175781762652,0.0070660939773321777,-0.014688993713711017,0.17880209754676954,0.028862015380137402,-0.02075052015736675,0.036260656244896466,0.0011137443201741305,-0.00091592804491059151,0.0015263993802301689
9851021758,9.8510217579999999,0.011528436592269922,constant_radius_turn,0,28.057756231762564,3.2074281966786593,0,3.9304161025478996,2.2071859597936543,0,0.96745116109935514,0,0,0.25305780147529483,0,0.81139560970528357,-9.8066499999999994,0,0,0.17999999999999999,0.050032909025495245,0.70558328835057949,-9.4988697084675984,-0.0046986355646143792,0.015209541480422877,0.18289414563527603,0.02893901997381363,-0.020784487319144732,0.036332124050973212,0.0011148733205620018,-0.00091664931047457331,0.0015207243941534742
9860710243,9.8607102429999998,0.0096884845996021152,constant_radius_turn,0,28.095817332376051,3.2288456717660394,0,3.9265609560558792,2.2140369596408269,0,0.96723013614572728,0,0,0.25390128737664547,0,0.81139560970528357,-9.8066499999999994,0,0,0.17999999999999999,0.37627216390591023,1.4055067937800332,-10.330080443096621,0.012766814637444109,0.0079887806117818067,0.16946393810645821,0.029033071944323696,-0.020894344188058821,0.036433554202395788,0.0011099654101369063,-0.00092059598247881376,0.0015233713851626786
9869989570,9.8699895700000013,0.0092793270334635778,constant_radius_turn,0,28.132235992447558,3.249420859448453,0,3.9228574214126612,2.220592319978087,0,0.96701775589207817,0,0,0.25470897076751953,0,0.81139560970528357,-9.8066499999999994,0,0,0.17999999999999999,0.62952649358610746,0.73159996652418835,-9.1877114950554564,-0.0046800313834640863,0.015781061007991402,0.16150313522779522,0.029017578479021453,-0.020749426703950347,0.03637678961061816,0.0011113249313618363,-0.00091757289431354495,0.001526117644693951
9880806414,9.8808064140000003,0.010816843630815285,constant_radius_turn,0,28.174645503899193,3.2734819456958579,0,3.918526424521092,2.2282260344516218,0,0.9667693344541024,0,0,0.2556502571075806,0,0.81139560970528357,-9.8066499999999994,0,0,0.17999999999999999,-0.43148508044305606,0.87982169913420805,-9.735075442561369,0.023076111191522856,0.0041376152280361931,0.18190904496176541,0.029103584599077262,-0.02065489767969653,0.036484906922016731,0.00110395135005103,-0.00091164421290576688,0.0015176523820255681
9888943461,9.8889434610000002,0.0081370465536529518,constant_radius_turn,0,28.206517440658061,3.2916364655854968,0,3.9152586103571418,2.2339629840940334,0,0.96658185380127271,0,0,0.25635818672727273,0,0.81139560970528357,-9.8066499999999994,0,0,0.17999999999999999,-0.25469659830274577,0.87482843281491462,-9.9189518907201411,-0.022244619290544464,-0.00033457555623114745,0.19720506419364747,0.029234371753474979,-0.02068165851378917,0.036483608598589193,0.0011080957770030358,-0.00090745752028690142,0.0015173333093356813
9900456316,9.9004563160000014,0.011512855433137318,constant_radius_turn,0,28.251566549417348,3.3174024364383019,0,3.910620733945366,2.2420718265735071,0,0.9663157076505533,0,0,0.2573595794755083,0,0.81139560970528357,-9.8066499999999994,0,0,0.17999999999999999,0.13144598671986912,0.82105544359211635,-9.9588971290769539,-0.0048153851797709778,0.0087071429916627755,0.17564649815851249,0.029263910863518639,-0.020751843513367101,0.036420360261109314,0.0011095724742748833,-0.00091059346557096688,0.0015156415827550359
9912266034,9.9122660339999999,0.011809718084164136,constant_radius_turn,0,28.297721682616377,3.3439297297823072,0,3.90584581934703,2.2503797536787835,0,0.96604162091029744,0,0,0.25838650636015292,0,0.81139560970528357,-9.8066499999999994,0,0,0.17999999999999999,0.092116370642276735,0.48290155805968826,-9.5995348275039305,-0.017771090627751441,0.0008450683812693217,0.19843997463124302,0.029264795166714302,-0.020709540469495212,0.036327365452480179,0.0011121996655102772,-0.00090944463996675594,0.0015156833160321253
9923411171,9.9234111710000015,0.011145136941840753,constant_radius_turn,0,28.341227667765118,3.3690541595447652,0,3.9013234204743918,2.25821083363269,0,0.96578195720036841,0,0,0.25935537616603577,0,0.81139560970528357,-9.8066499999999994,0,0,0.17999999999999999,-0.52193629590574286,1.1738542176944051,-9.6821468448030803,-0.0013289881082931558,0.015642290489581587,0.16938914788134116,0.029262536390071172,-0.020601287057937935,0.036267613325766647,0.0011125229430854824,-0.00091364568192786361,0.0015165672039419119
9932826126,9.9328261260000001,0.0094149552731391146,constant_radius_turn,0,28.377940411525095,3.3903462219475458,0,3.8974908483253046,2.2648191290914492,0,0.96556184677930168,0,0,0.26017363441391306,0,0.81139560970528357,-9.8066499999999994,0,0,0.17999999999999999,0.053373792211977342,0.57487223268322074,-9.6171000128978097,0.0068913693503240229,-0.0041726262263723892,0.16391613646764397,0.028989436407768101,-0.020541605230540196,0.036292065257902295,0.0011045310132454607,-0.00090537151701746538,0.0015169621706796334
9941802678,9.9418026780000002,0.0089765516029172761,constant_radius_turn,0,28.412909991806277,3.4107047393021039,0,3.8938263144047749,2.2711136549118329,0,0.96535134011303647,0,0,0.26095361684016677,0,0.81139560970528357,-9.8066499999999994,0,0,0.17999999999999999,-0.46893662940194075,0.92324078365287976,-9.7565893114968389,-0.018392574482964393,0.0096757068000870791,0.19451546693229577,0.029043237829631571,-0.020714287384204715,0.036223499233105305,0.0011097693604585897,-0.00090536361007268254,0.0015142226916151221
9951867855,9.9518678550000015,0.010065176979010687,constant_radius_turn,0,28.452081303299082,3.4335993841492418,0,3.8897052772059317,2.2781644929096716,0,0.96511455507476607,0,0,0.26182798853987421,0,0.81139560970528357,-9.8066499999999994,0,0,0.17999999999999999,0.14520350742154048,0.6971272259671315,-9.8754807510290874,0.0052241219331551191,-0.00053388936861734841,0.17192168375871764,0.029034804026313709,-0.020708120773342206,0.036186264733183753,0.0011115823113860604,-0.00089887938092677818,0.0015172959729743488
9960202105,9.9602021050000005,0.0083342496807790392,constant_radius_turn,0,28.484484818369321,3.4526104811625364,0,3.8862832791021833,2.2839971267164145,0,0.96491789101033532,0,0,0.26255183032720725,0,0.81139560970528357,-9.8066499999999994,0,0,0.17999999999999999,0.18089142183443824,0.70087977487031483,-9.7897579364972191,-0.014702255646599613,-0.010337152296969764,0.20368819542661629,0.029050819898094719,-0.020927962094179901,0.036233693913089976,0.0011160996317860379,-0.00089603319986461354,0.0015194105697703584
9971461839,9.9714618389999998,0.011259734005206298,constant_radius_turn,0,28.528217228242362,3.4783719986780106,0,3.8816462043634443,2.2918689631889784,0,0.96465133186436347,0,0,0.26352952003961466,0,0.81139560970528357,-9.8066499999999994,0,0,0.17999999999999999,-0.35005024928290496,0.93890831788762796,-9.7160756880756534,0.0032984781136603811,0.018389608784229194,0.17006937204309555,0.029040207351466667,-0.020945428410007828,0.036157146627543657,0.0011120635032416159,-0.00089386848804664989,0.0015233573302118842
9982945991,9.9829459910000011,0.011484152313385175,constant_radius_turn,0,28.572767393035523,3.5047382168372194,0,3.8769002834062798,2.2998879957081306,0,0.96437843947339341,0,0,0.26452641735536075,0,0.81139560970528357,-9.8066499999999994,0,0,0.17999999999999999,-0.2803009659497756,0.75095369475579044,-9.8542130599711761,0.0090788213051177305,-0.011713851695179999,0.16601225362413477,0.029126041768527646,-0.021010079984694199,0.036082371249323529,0.0011071704700029482,-0.00089358262024865276,0.001518257478226336
9991787372,9.991787372000001,0.0088413808972136933,constant_radius_turn,0,28.607028343037886,3.5250996649066351,0,3.8732352219807584,2.3060549680104589,0,0.96416764409124645,0,0,0.26529371286846504,0,0.81139560970528357,-9.8066499999999994,0,0,0.17999999999999999,-0.015457658224014747,1.2466802571891316,-9.9071754118343804,-0.013185837642348831,-0.00037169277708161289,0.17319270367429859,0.029164254430940884,-0.021128868084931543,0.036005352347216441,0.0011053526612952174,-0.00088862670015069491,0.0015157244073256099
10001979939,10.001979939,0.010192567126658884,constant_radius_turn,0,28.646484958305976,3.5486404797590527,0,3.8689978741196667,2.3131571607514174,0,0.96392387629578058,0,0,0.26617806203163463,0,0.81139560970528357,-9.8066499999999994,0,0,0.17999999999999999,-0.015371532351434746,0.5043253786909162,-9.2647088545696104,-0.02240632169301067,-0.00808052856926505,0.19322322944759798,0.029148084972479008,-0.021232688306596015,0.036000856180989402,0.0011130757158821381,-0.00088647190411499609,0.0015210142411504076
10011358920,10.011358920000001,0.0093789812129874885,constant_radius_turn,0,28.682753877853258,3.570366152219691,0,3.8650872521486086,2.3196855678208577,0,0.96369884980164355,0,0,0.26699162325996195,0,0.81139560970528357,-9.8066499999999994,0,0,0.17999999999999999,0.64040087914222932,1.1795242224703326,-9.4115327795158166,0.012584732584433172,0.015409539144716463,0.17345618479273495,0.029148329007370653,-0.021155809847621672,0.036056582765674833,0.0011109232883407491,-0.00088287694362066012,0.0015227985900112908
10023079444,10.023079444,0.011720523591499638,constant_radius_turn,0,28.728025994675733,3.5976018368309641,0,3.8601848271018597,2.3278345518723271,0,0.9634166783531618,0,0,0.26800802948971619,0,0.81139560970528357,-9.8066499999999994,0,0,0.17999999999999999,0.24479445848713766,0.84761348819435978,-9.8088913918974239,0.035296812086627563,0.0017078681232815659,0.16083543556448565,0.029207075882618613,-0.021280560681979612,0.03597567325576171,0.0011154142932885418,-0.00088245119936182276,0.0015243868986047214
10034175996,10.034175996,0.011096551619531108,constant_radius_turn,0,28.770834895072326,3.6234755259244404,0,3.8555275615179574,2.3355401565062945,0,0.96314854110691384,0,0,0.26897004993795043,0,0.81139560970528357,-9.8066499999999994,0,0,0.17999999999999999,-0.48439603515190988,1.0447952458115266,-9.7729778297699106,-0.01078725575061457,-0.027272484812863811,0.16828595591511353,0.029249273125974831,-0.021488151361582362,0.035844442558431951,0.0011210688279530247,-0.00088293077278811191,0.0015116068964684988
10044517280,10.044517280000001,0.010341283948328473,constant_radius_turn,0,28.810683486736231,3.6476650975757821,0,3.8511734373644533,2.3427129050774695,0,0.96289778937890858,0,0,0.26986635064270431,0,0.81139560970528357,-9.8066499999999994,0,0,0.17999999999999999,0.11006689425075902,0.55169828070513849,-9.5814721443783775,-0.0026283120358968357,-0.0055534995126688795,0.20600647575172526,0.029107540184128405,-0.021454469970216664,0.035723937239119534,0.0011225329701708997,-0.00088056696994262074,0.0015107271525905141
10052833079,10.052833079000001,0.0083157985927280829,constant_radius_turn,0,28.842694471050251,3.6671705839825499,0,3.8476624491560947,2.3484748833300677,0,0.96269554584155437,0,0,0.27058692876196311,0,0.81139560970528357,-9.8066499999999994,0,0,0.17999999999999999,-0.49858731115792099,0.98907222331836619,-9.3488314006459703,0.01537024761055809,-0.0050790533681706026,0.15454147671050067,0.02902015674882228,-0.021535718282698523,0.035769089770528666,0.001122014391849631,-0.00088037563230645229,0.001514115577975268
10064604909,10.064604909,0.011771829511520348,constant_radius_turn,0,28.887959156798409,3.6948643862828363,0,3.8426775628785372,2.3566225298142087,0,0.96240832831162693,0,0,0.27160671861428543,0,0.81139560970528357,-9.8066499999999994,0,0,0.17999999999999999,0.21704532943636226,1.3396712522653553,-9.7172241465471654,-0.0032376987338549879,0.0014694875371055456,0.1676217275253736,0.028984267056092115,-0.021560791548420756,0.035662255095561465,0.0011211664020531614,-0.00088283159831316924,0.0015036867166211664
10073254212,10.073254212,0.0086493028771517117,constant_radius_turn,0,28.921179751766452,3.7152733884670428,0,3.839003941743822,2.3626022381165757,0,0.96219660795077344,0,0,0.27235581074767917,0,0.81139560970528357,-9.8066499999999994,0,0,0.17999999999999999,0.15494079996719776,0.98194050537051236,-10.114931909139489,0.031436027925520228,-0.011015568757927936,0.18313077093849406,0.028833776875322795,-0.021613688011070067,0.035462709156583054,0.0011233935712482378,-0.00088002344018553566,0.0015076566999566968
10085083353,10.085083353,0.011829140539893007,constant_radius_turn,0,28.966562063873479,3.7432692574462907,0,3.8339646834253327,2.3707710573830925,0,0.96190610655389608,0,0,0.27338003250845666,0,0.81139560970528357,-9.8066499999999994,0,0,0.17999999999999999,-0.49335004593126469,0.8135395546130666,-9.8908553709283034,0.0077263324645662455,-0.0032512061948875804,0.13584031502901889,0.028796385574296351,-0.021740600666411494,0.035577629596579605,0.0011188595811397082,-0.00087914200740198394,0.0015087626112869623
10093944292,10.093944292,0.0088609388428540336,constant_radius_turn,0,29.000517815896366,3.7643035939905665,0,3.8301785020452321,2.3768830940432464,0,0.96168778436236457,0,0,0.27414705070127282,0,0.81139560970528357,-9.8066499999999994,0,0,0.17999999999999999,-0.64720516744070256,1.19551473833866,-9.6909887735738174,-0.012988532994452424,-0.0028920331291072705,0.19226231803157254,0.028809004105373227,-0.021807601741859639,0.035653948520720923,0.0011178501428984286,-0.00087579245930307259,0.0015048530826801561
10105329972,10.105329972,0.011385680283399705,constant_radius_turn,0,29.044099226795666,3.7914106833547843,0,3.8252992242532788,2.3847277507517122,0,0.96140635794927798,0,0,0.27513235886515575,0,0.81139560970528357,-9.8066499999999994,0,0,0.17999999999999999,-0.080303235167257056,0.77391666858409813,-9.7174204658599486,0.014451157244240054,0.024094836289637784,0.20868133958523627,0.028769522858202692,-0.021842095071967455,0.035452787962953709,0.0011166807868979193,-0.00087328605294157465,0.0015087769551789796
10114353346,10.114353346000001,0.0090233742988310318,constant_radius_turn,0,29.078598835658902,3.812956991719421,0,3.8214208878955946,2.3909376817126162,0,0.96118260494113039,0,0,0.27591302970063419,0,0.81139560970528357,-9.8066499999999994,0,0,0.17999999999999999,0.30082633538296338,0.97488676219455916,-9.9247828731465741,0.013432221033863915,0.00028391017504759454,0.21037357676776408,0.028857807173776819,-0.021757784548695723,0.035366773391180439,0.0011148816735343902,-0.00087140457238666248,0.0015159182289180965
10124974440,10.124974440000001,0.010621094330275582,constant_radius_turn,0,29.119162195864988,3.8383901408471788,0,3.816842919659301,2.3982390887742446,0,0.96091842099652258,0,0,0.27683169650448236,0,0.81139560970528357,-9.8066499999999994,0,0,0.17999999999999999,0.74014082467539677,1.4111205169331762,-9.764288013611667,-0.017287520605004957,0.0093213218700894211,0.18453502285033482,0.028840010552230136,-0.021816496309693907,0.035433306153591117,0.0011039803122512859,-0.00088056014274501271,0.0015135357658235934
10134415463,10.134415463,0.0094410233290605564,constant_radius_turn,0,29.155177834318359,3.8610625742474669,0,3.8127618806657737,2.4047219052564168,0,0.96068285243906648,0,0,0.27764808126392454,0,0.81139560970528357,-9.8066499999999994,0,0,0.17999999999999999,-0.12203870043235276,0.83887442106360477,-9.5484824479335231,0.015018959147589753,-0.0046113931569338263,0.19381563541659533,0.02872823977921388,-0.021842871221589302,0.035389816441167246,0.0010967428863691755,-0.0008821781183235626,0.0015153100686795429
10145945489,10.145945489000001,0.011530025917159764,constant_radius_turn,0,29.199110258435443,3.8888346689421671,0,3.8077629018278563,2.4126297444368783,0,0.96039421918506784,0,0,0.27864483443247962,0,0.81139560970528357,-9.8066499999999994,0,0,0.17999999999999999,-0.31596857996600003,0.65439010092124317,-9.6646457516967654,0.0057495372418438868,0.0095799544754647838,0.18341906499392549,0.028667216361697789,-0.021725831427783955,0.035384514213075313,0.0011008435153194898,-0.00088497785532618998,0.0015054937040062688
10157570973,10.157570973,0.011625484425059588,constant_radius_turn,0,29.243347951868639,3.9169289441003352,0,3.8027059304555664,2.4205925321615203,0,0.96010214924553305,0,0,0.27964953605201687,0,0.81139560970528357,-9.8066499999999994,0,0,0.17999999999999999,0.23259614100136447,0.16520553294729112,-9.7198232038330055,0.013600594583392151,-0.0052976673383295153,0.18384448187680799,0.028621312923754725,-0.021753953134206163,0.035410715919788144,0.001095606323770584,-0.00089182331397912647,0.001509377058358618
10169508113,10.169508113000001,0.011937140470413362,constant_radius_turn,0,29.288710291272196,3.9458726319020898,0,3.7974960646485076,2.428757756396704,0,0.95980115580112568,0,0,0.28068085314610125,0,0.81139560970528357,-9.8066499999999994,0,0,0.17999999999999999,0.20669634393916325,0.62834940857153732,-10.053446396769756,0.0095147418511164084,-0.0071969142268858421,0.17928322993823134,0.028534395791266622,-0.021821637741947519,0.035277878841210544,0.0010970999619575995,-0.00089594080609817564,0.0015130688873831023
10180078613,10.180078613000001,0.010570500027814999,constant_radius_turn,0,29.328827263154722,3.9715839809316273,0,3.7928680204280121,2.4359788135147125,0,0.95953369717697035,0,0,0.28159382802521471,0,0.81139560970528357,-9.8066499999999994,0,0,0.17999999999999999,-0.24677301132255713,0.81212052388716394,-9.7924423168338279,-0.017847894963581034,-0.0082250453928120713,0.18141104291251176,0.028502831667844234,-0.021762937851134121,0.035246917708955841,0.0010943903996333227,-0.00089926952185665258,0.0015046642011130309
10189763475,10.189763475000001,0.0096848619135415977,constant_radius_turn,0,29.365540074511557,3.995208099642749,0,3.7886156779838309,2.4425871212329708,0,0.9592878849436115,0,0,0.28243008657084079,0,0.81139560970528357,-9.8066499999999994,0,0,0.17999999999999999,0.22033753965820832,0.78239378694440664,-9.2642826362723607,0.018085388008217448,-0.015046258818087592,0.18175314040873816,0.028504364536029728,-0.021811637205951868,0.035189222959189345,0.0010975303248758062,-0.00089613502305586424,0.0015014963674474097
10198286007,10.198286007,0.0085225321232217533,constant_radius_turn,0,29.397812687097531,4.0160498808484801,0,3.7848641566315235,2.4483961926379485,0,0.95907097102140715,0,0,0.28316580398073354,0,0.81139560970528357,-9.8066499999999994,0,0,0.17999999999999999,-0.13195911659220791,0.88460354754403547,-9.6500920546372999,0.0036234006098747168,0.0028145633327072176,0.18190120179795993,0.028671921307332895,-0.021804768226429041,0.035256350366898406,0.0010948888568697544,-0.00089617898687788635,0.0015000634207283773
10207563749,10.207563749,0.0092777418226493626,constant_radius_turn,0,29.432908687658042,4.0387947736604497,0,3.7807700749744906,2.4547134742074159,0,0.95883419417735427,0,0,0.2839665263305936,0,0.81139560970528357,-9.8066499999999994,0,0,0.17999999999999999,0.44837287747499383,0.65498635477390987,-9.9954653503566426,0.013408051064467338,-0.01144107561752097,0.19428537201031146,0.028718170129437049,-0.021871430773964855,0.035223284302040789,0.0010920826332222302,-0.00089611155691920422,0.0015010332047450733
10217331000,10.217331000000001,0.009767250959152908,constant_radius_turn,0,29.469815313280797,4.0628030190730913,0,3.7764485896878486,2.4613566685311405,0,0.95858420223849916,0,0,0.28480928218507945,0,0.81139560970528357,-9.8066499999999994,0,0,0.17999999999999999,0.10167930382402524,1.1215041592210238,-10.158378899313433,-0.014743394068998618,0.010605060695820082,0.19430122996249044,0.028640098596480545,-0.021763587044719583,0.035247316691938091,0.001094711834234126,-0.00090409938820812613,0.001506595715561308
10229324581,10.229324581,0.011993580646167238,constant_radius_turn,0,29.515076536179624,4.092372354775998,0,3.7711261071958648,2.46950369181822,0,0.95827621437138666,0,0,0.28584383318526285,0,0.81139560970528357,-9.8066499999999994,0,0,0.17999999999999999,-0.25922420097346188,0.70530486775132739,-10.215145868618363,-0.014013204941862398,0.0065994777421133364,0.18699432547201539,0.028590824721986798,-0.021759977011703856,0.035170401532517374,0.0010917053346001923,-0.00090872591328590164,0.0015095304756213438
10238929170,10.23892917,0.0096045889895464299,constant_radius_turn,0,29.551276122771917,4.1161222141493452,0,3.7668511314445956,2.4760196190282144,0,0.95802876925750191,0,0,0.28667207271542211,0,0.81139560970528357,-9.8066499999999994,0,0,0.17999999999999999,0.33104509806138122,0.2555695216157029,-9.7490875026885835,0.0062186521393506541,-0.0023756774223573996,0.16944222207353013,0.028541039453242188,-0.021686326087534829,0.03518798667631641,0.0010950494336422181,-0.000910682465879868,0.0015064238224612148
10248927485,10.248927485000001,0.009998315223512683,constant_radius_turn,0,29.588915980628663,4.1409121089784504,0,3.7623889491717959,2.4827947952716518,0,0.95777042002402701,0,0,0.28753403716255754,0,0.81139560970528357,-9.8066499999999994,0,0,0.17999999999999999,-0.20729865347254159,0.49634575651987711,-9.9163561851153244,0.012199897471451185,0.029651387975567833,0.17263005087414923,0.028649004509446078,-0.021666002225291095,0.035219707807759584,0.0011034926728818973,-0.00090781085944704229,0.0015125030144420857
10260277688,10.260277688,0.011350203305763916,constant_radius_turn,0,29.631591028954496,4.1691359280367388,0,3.7573086599755761,2.4904763066430884,0,0.95747619907849191,0,0,0.28851226698045973,0,0.81139560970528357,-9.8066499999999994,0,0,0.17999999999999999,0.045012901050293014,0.88779516471937703,-9.8481973381342502,0.0046131689622543118,0.01074431139778202,0.18588003627323554,0.028792027891045128,-0.021552873308838396,0.035161015096004743,0.0011068249972621159,-0.00090850803464657384,0.0015098489867868595
10270580653,10.270580653000001,0.0103029648010277,constant_radius_turn,0,29.670278621541758,4.1948310914987212,0,3.752683529227745,2.4974400753052817,0,0.95720825963063516,0,0,0.28939997874030809,0,0.81139560970528357,-9.8066499999999994,0,0,0.17999999999999999,0.54376384138340483,0.61122150962640798,-9.368782418258073,-0.0012985834471192009,-0.0016548006967966348,0.21061541289975047,0.02897817896068719,-0.021495426710737228,0.035127948047410637,0.0011026534559856241,-0.0008999908124250189,0.001507488110879892
10281485842,10.281485842,0.010905188711743771,constant_radius_turn,0,29.711175573887818,4.2221062858440099,0,3.7477739926703375,2.5048015290920538,0,0.95692376212339136,0,0,0.29033930750694975,0,0.81139560970528357,-9.8066499999999994,0,0,0.17999999999999999,-0.2142546326618166,0.76310345642789867,-9.4930579418374261,-0.016312969513764389,0.015217387924087323,0.18668437941735991,0.028972719252004127,-0.02158251620894323,0.035054044006904372,0.0011079155079304029,-0.00090335041647346783,0.0015098642265303846
10292124913,10.292124913,0.010639071427945151,constant_radius_turn,0,29.751022855918638,4.2487932026695168,0,3.742970346174741,2.5119740420503147,0,0.95664531883722836,0,0,0.29125544449300461,0,0.81139560970528357,-9.8066499999999994,0,0,0.17999999999999999,-0.32511234638592273,0.94559533379973848,-9.7508762148392396,-0.0045064582567447657,0.01702429458201081,0.17304470371483996,0.02896829884916478,-0.021666194636411548,0.035229533414994657,0.001110208825924109,-0.00089791268605718844,0.0015118645507998787
10301772802,10.301772802,0.0096478886129227892,constant_radius_turn,0,29.787113545975398,4.273059786343774,0,3.7386023600163174,2.5184703678936695,0,0.95639205822404594,0,0,0.29208599926386958,0,0.81139560970528357,-9.8066499999999994,0,0,0.17999999999999999,-0.38756301357261591,1.0295519633424381,-9.3692973789038643,0.00012102509033336912,0.016243082909743953,0.17420041059708755,0.029042545282985072,-0.021633598457710061,0.035428223830532991,0.0011104943453701681,-0.00089585073688798608,0.0015124280249950957
10310542955,10.310542955000001,0.0087701527375001909,constant_radius_turn,0,29.81988420541083,4.2951730224750992,0,3.7346219766865483,2.5243690878173726,0,0.95616121282978961,0,0,0.29284080159681608,0,0.81139560970528357,-9.8066499999999994,0,0,0.17999999999999999,0.34167348492748095,1.0586365844327581,-9.5961266933794356,0.0068907609126474811,0.0074304995757065451,0.21764757229118406,0.029062916919458285,-0.02163661518465268,0.035412447458660658,0.0011132641793758632,-0.00090645649490545324,0.0015114584599183309
10319062477,10.319062477000001,0.0085195223200035582,constant_radius_turn,0,29.85168489179965,4.3167038246690286,0,3.7307464315325722,2.5300932124894202,0,0.95593639404333164,0,0,0.29357385875352088,0,0.81139560970528357,-9.8066499999999994,0,0,0.17999999999999999,0.22196888132919734,1.0156351366976948,-10.001897381949814,-0.0047173636831773225,-0.0046220555902353822,0.15984517102241938,0.02908238759244813,-0.021515888166944389,0.035345437065411378,0.0011142636302896706,-0.00090884196644479634,0.0015174354980248457
10329392280,10.32939228,0.01032980272689725,constant_radius_turn,0,29.890198435579656,4.3428749938080431,0,3.7260356197312792,2.5370256523677086,0,0.95566305056622325,0,0,0.2944624488495271,0,0.81139560970528357,-9.8066499999999994,0,0,0.17999999999999999,0.24482986210531324,1.0161586576180348,-9.3665651768724896,-0.0034869554544947638,-0.020111373337594746,0.16029092896035493,0.029136696053688245,-0.021565903113117384,0.035334061511710292,0.0011159301297217199,-0.00090791313212543233,0.001511245175871522
10339107635,10.339107635000001,0.0097153554028810794,constant_radius_turn,0,29.926376616341301,4.3675547332486699,0,3.7215932655005672,2.5435377265648889,0,0.95540521261499312,0,0,0.29529795073467729,0,0.81139560970528357,-9.8066499999999994,0,0,0.17999999999999999,0.41048190588242617,0.98938101943099632,-9.7263171597379188,0.01516490697106555,0.0035133920899340218,0.15513364819727238,0.029103627932358028,-0.021678209329958665,0.035359082511002865,0.0011163034819306448,-0.00090952855531616539,0.0015216395249190745
10347350827,10.347350827000001,0.0082431923706479983,constant_radius_turn,0,29.957038853618009,4.3885443519618414,0,3.7178151334394145,2.5490569302875379,0,0.95518587190581195,0,0,0.29600667241049455,0,0.81139560970528357,-9.8066499999999994,0,0,0.17999999999999999,0.46227352384096959,0.40474970419213629,-9.3301262845515645,0.01573893816080018,-0.016351432378810975,0.18173172879769009,0.029109538452168141,-0.021615025318180412,0.035386530610794976,0.001116038289996272,-0.00089763361429617231,0.0015227486881344413
10357391993,10.357391993,0.010041165826527476,constant_radius_turn,0,29.994346890624549,4.4141735707706493,0,3.7132018727987983,2.5557723787774123,0,0.95491797921290433,0,0,0.29686975759740714,0,0.81139560970528357,-9.8066499999999994,0,0,0.17999999999999999,-0.17252905619716358,0.70860128530758137,-9.8612548412100409,-0.015578733454099703,-0.008778143990101947,0.17333465970744083,0.029118148284716761,-0.021658817150107895,0.035321634272524265,0.0011164815204243732,-0.00089350783409840708,0.0015191803400765958
10366805482,10.366805482,0.0094134886405370048,constant_radius_turn,0,30.029280666296415,4.4382619014197333,0,3.7088659722452051,2.5620604599032561,0,0.95466612432836873,0,0,0.29767867081779931,0,0.81139560970528357,-9.8066499999999994,0,0,0.17999999999999999,0.42166982578840712,1.0137203903949519,-9.9299412116123769,0.041967420121667293,0.015573419721075541,0.20363952619892361,0.029016430900649485,-0.021617569814755593,0.03520818873835168,0.0011131237907320891,-0.00089012607642124854,0.0015195168394988325
10377680914,10.377680914000001,0.010875432116563428,constant_radius_turn,0,30.069588875278974,4.4661648692759934,0,3.7038434364283028,2.5693159398378858,0,0.95437430250070332,0,0,0.29861294467302663,0,0.81139560970528357,-9.8066499999999994,0,0,0.17999999999999999,-0.26447172104202443,1.1545114478221963,-9.8586523040287481,0.010065020810581162,0.010418356832334512,0.15333455402507443,0.028981248111002909,-0.021594288955318289,0.035079939515917057,0.0011182036937868608,-0.00088568819708021557,0.001520943912482101
10388184085,10.388184085000001,0.010503171334285568,constant_radius_turn,0,30.108465433297255,4.4931875842639215,0,3.6989793462826679,2.5763137223661836,0,0.9540916016824148,0,0,0.29951496723717208,0,0.81139560970528357,-9.8066499999999994,0,0,0.17999999999999999,0.4461984375289294,1.0217077926770797,-9.8339589280036872,-0.026243412813632308,0.0082359494618299781,0.1729203243674263,0.029073842286588842,-0.021643414698987368,0.035058767581225399,0.001116140441021222,-0.0008867112318676016,0.0015235135517198644
10397479504,10.397479504000001,0.0092954186755020377,constant_radius_turn,0,30.142828936405262,4.5171642470461872,0,3.6946635459756174,2.5824991543690641,0,0.9538406973055451,0,0,0.30031304361228084,0,0.81139560970528357,-9.8066499999999994,0,0,0.17999999999999999,-0.21581380969309868,0.82074648261218108,-10.080552146420036,-0.011279974794080246,-0.02194270864076734,0.21005607470225013,0.029123321784514222,-0.021659382876249349,0.034887430750491444,0.001118866817189058,-0.00088073034851429732,0.0015232550006666072
10408376316,10.408376316,0.010896812409461342,constant_radius_turn,0,30.183061355016576,4.5453447123585731,0,3.689591060594291,2.589740992041627,0,0.95354571771062002,0,0,0.30124834312530024,0,0.81139560970528357,-9.8066499999999994,0,0,0.17999999999999999,0.34795792639755929,0.99922572412296273,-9.6048703059610805,0.010426168614937899,0.0023170230866755067,0.18121773378623604,0.029040875874089801,-0.021647292512480616,0.034914377412629663,0.0011242390746518524,-0.00087450761193781136,0.0015233151328590449
10416911272,10.416911272,0.0085349562571220058,constant_radius_turn,0,30.214534856166598,4.5674722146960596,0,3.6856081093905932,2.5954062233631854,0,0.95331403368554057,0,0,0.30198071656681003,0,0.81139560970528357,-9.8066499999999994,0,0,0.17999999999999999,-0.1053109804860369,0.99064914634253987,-9.2527502688178078,0.012937895291181783,0.006851875514758317,0.14994618440617885,0.029083088861097641,-0.021760880615688802,0.034867772281435609,0.0011308193904252045,-0.00086997958379278419,0.0015222708385286975
10425501433,10.425501433000001,0.0085901608311410096,constant_radius_turn,0,30.246177567114742,4.5897916350220616,0,3.6815906129319238,2.601101912468943,0,0.95308028314496829,0,0,0.30271764712402732,0,0.81139560970528357,-9.8066499999999994,0,0,0.17999999999999999,0.36245459445692635,0.6258268698930699,-9.7301276804574428,0.0035874925168239173,0.013717768581725548,0.15888755088104667,0.029139928359412235,-0.021574272912997971,0.034888655675611009,0.0011332245240219048,-0.00087170049382224188,0.0015224262888167391
10434946182,10.434946182000001,0.0094447494077522683,constant_radius_turn,0,30.280928360342529,4.6143879299080677,0,3.677163278786765,2.6073570567569422,0,0.95282262054483358,0,0,0.30352768206223996,0,0.81139560970528357,-9.8066499999999994,0,0,0.17999999999999999,-0.64658052005136701,1.0205854589224956,-10.286203551841183,-0.014592839212780755,0.006387998733472516,0.19161643434963901,0.029146355988209263,-0.021579020553938583,0.034851064737744235,0.001130547552512246,-0.00087077352878609491,0.0015252385682934272
10444513400,10.4445134,0.0095672181609960556,constant_radius_turn,0,30.316087078553856,4.6393633571063635,0,3.6726677007807278,2.6136856275994744,0,0.95256091496302364,0,0,0.30434799701132792,0,0.81139560970528357,-9.8066499999999994,0,0,0.17999999999999999,0.14129035124671993,1.0243069351337952,-10.030564866711265,0.0068753238026857521,-0.0079552877260733387,0.19793694712023896,0.029061554153338755,-0.021446072917713367,0.034905760581480205,0.0011263144066413051,-0.00087057752304261474,0.0015212669170017535
10452812880,10.452812880000002,0.0082994797753480655,constant_radius_turn,0,30.346552089774988,4.6610783440550962,0,3.668759002403398,2.6191693306394064,0,0.95233331554458078,0,0,0.30505943044571843,0,0.81139560970528357,-9.8066499999999994,0,0,0.17999999999999999,0.28970811271494779,0.81781577229585223,-10.107245495130075,0.014086414229143765,0.01701046787963725,0.19603851180778376,0.029088841492790111,-0.021529680164999433,0.034919214658705476,0.0011309690164631467,-0.00087077893992817447,0.0015180170840381139
10462538961,10.462538961,0.0097260812728056922,constant_radius_turn,0,30.382212411850393,4.6865838130112616,0,3.664168016819418,2.6255881902529401,0,0.95206591777091698,0,0,0.30589293587629934,0,0.81139560970528357,-9.8066499999999994,0,0,0.17999999999999999,0.059343151972803251,0.74355034019529898,-10.281818191830357,-0.0288028290566716,-0.0024234422686874339,0.16237677618162544,0.029003085633344271,-0.021526997139311711,0.034871566043579438,0.0011283910733880934,-0.00087843774038058131,0.0015225106327108888
10471040728,10.471040728,0.0085017668893304105,constant_radius_turn,0,30.413347215953479,4.7089297748353429,0,3.6601457429065301,2.6311924560855027,0,0.95183158235249754,0,0,0.30662132808456216,0,0.81139560970528357,-9.8066499999999994,0,0,0.17999999999999999,-0.16167515898658413,0.8846649041699286,-9.673934677026649,0.0080010564335443856,-0.022279060759110784,0.20298382230158007,0.02899002053957514,-0.021701043215940512,0.034928463863017907,0.0011317875846575491,-0.00087936050006049966,0.0015187479343102641
10481651366,10.481651366000001,0.010610638486143527,constant_radius_turn,0,30.452157002727581,4.7368854684867836,0,3.6551137165206433,2.638178219829113,0,0.95153833806279986,0,0,0.30753014680951979,0,0.81139560970528357,-9.8066499999999994,0,0,0.17999999999999999,-0.41137901055769727,0.42491533991619029,-10.035724276831699,-0.010105560631565563,0.015438804555229927,0.1721712246075314,0.029024449813217675,-0.021704916684922273,0.034958327529912167,0.0011352539582263983,-0.00087832205498502951,0.001520285380675439
10490795391,10.490795391000001,0.0091440250326928277,constant_radius_turn,0,30.485559578633982,4.7610365252380378,0,3.6507665253245727,2.6441906848500167,0,0.95128493016622395,0,0,0.30831312271559658,0,0.81139560970528357,-9.8066499999999994,0,0,0.17999999999999999,0.019202861812747173,0.70868909744549613,-9.9595658719098843,-0.028159872878818926,0.004269113895578212,0.17608527038941485,0.029071783225713702,-0.021597745704593194,0.035061214987113003,0.001132117523917301,-0.00087808475290080356,0.0015199964552137261
10499917655,10.499917655000001,0.0091222640714818011,constant_radius_turn,0,30.518843009063517,4.7851848567515454,0,3.6464198246760668,2.6501817036738102,0,0.95103148335422372,0,0,0.30909402722968454,0,0.81139560970528357,-9.8066499999999994,0,0,0.17999999999999999,-0.22013817409187103,0.65184921795406436,-9.6850963493631212,-0.019065276440652833,-0.0003554297869508878,0.17803215129784611,0.029150334550864257,-0.021703327189999466,0.035021581214061993,0.0011338636734056877,-0.00087646917065173921,0.00151816427456211
10510613671,10.510613671,0.01069601558210225,constant_radius_turn,0,30.557817848793707,4.813568760361207,0,3.641310720449205,2.6571971769930336,0,0.95073349604217039,0,0,0.31000938615376195,0,0.81139560970528357,-9.8066499999999994,0,0,0.17999999999999999,-0.13185721668969774,0.77039083200967784,-9.7581779354164659,-0.019756214023951901,0.011597309628308905,0.19483899544730646,0.02912160331884454,-0.02171111892946569,0.03507608830344304,0.0011352951207653022,-0.00087987025783056369,0.0015201958696805875
10520926122,10.520926122000001,0.010312450732051545,constant_radius_turn,0,30.595343221303537,4.8410058034192662,0,3.6363720512815845,2.6639517459849413,0,0.95044536051198414,0,0,0.31089164781519069,0,0.81139560970528357,-9.8066499999999994,0,0,0.17999999999999999,-0.24605254845303681,0.85403995293064883,-9.6336991466261992,0.021701343527573705,0.0075003189158370691,0.17991023909037265,0.029069204354914217,-0.021776215042296938,0.035210947162737385,0.0011329405286049981,-0.00087380098665066079,0.0015276123626055886
10529906619,10.529906619,0.0089804971234673896,constant_radius_turn,0,30.627980292590351,4.8649557931609904,0,3.6320610521898575,2.6698264200961757,0,0.95019377355619716,0,0,0.31165973864943541,0,0.81139560970528357,-9.8066499999999994,0,0,0.17999999999999999,-0.051919051233814052,0.57799693720013523,-9.9489662035341038,0.0075230312224475555,-0.0081982874772682703,0.17955744218417208,0.029132533810371154,-0.021803594345349887,0.035138570582948329,0.0011328457835842786,-0.00087401570669132309,0.0015315401348715233
10538985844,10.538985844000001,0.0090792251162851931,constant_radius_turn,0,30.660936763306736,4.8892226779889416,0,3.6276930119491828,2.6757585861458284,0,0.94993878975805957,0,0,0.31243606660082185,0,0.81139560970528357,-9.8066499999999994,0,0,0.17999999999999999,0.72700638045219257,1.2474688812382673,-9.3292595078539033,0.013933063276890555,0.010459905672775738,0.16553540553038151,0.029105251845490798,-0.021711766007607023,0.035016224554809808,0.0011219802268298915,-0.00087100842770166493,0.0015308556557898051
10547293202,10.547293202000001,0.0083073576359068979,constant_radius_turn,0,30.691056670312026,4.9114736810332502,0,3.623687830655288,2.6811801704172793,0,0.94970492763961423,0,0,0.31314621252225788,0,0.81139560970528357,-9.8066499999999994,0,0,0.17999999999999999,0.13290770868979995,0.21074248791606565,-9.817125590465114,-0.0050686427383484474,0.01280904308122287,0.18968256295951233,0.0290834110804826,-0.021568921610790593,0.034925297762932753,0.0011248006421539505,-0.00086637146177808702,0.001530975767741895
10558635082,10.558635082,0.011341880338842363,constant_radius_turn,0,30.732125020055282,4.9419252270226108,0,3.6182065504747367,2.6885724759395573,0,0.94938478289484196,0,0,0.3141154787776525,0,0.81139560970528357,-9.8066499999999994,0,0,0.17999999999999999,-0.29686951887350016,0.71719637430976935,-9.5525803440817274,0.009803771901947398,-0.019705086389453189,0.16878961147673685,0.029040848010012263,-0.021429726139952393,0.034928698473767304,0.0011244603957774441,-0.00087108430801908327,0.0015325167430773332
10567791122,10.567791122000001,0.009156040407390164,constant_radius_turn,0,30.765233157727749,4.9665691878099461,0,3.6137706365295061,2.6945319420699358,0,0.94912561572381138,0,0,0.31489770652847876,0,0.81139560970528357,-9.8066499999999994,0,0,0.17999999999999999,-0.26728505454122409,1.4826221839654707,-9.7390473079767457,0.010738756181818103,0.021775371569765473,0.19513677599370957,0.028968515613765726,-0.021513344150083429,0.034987019384422217,0.001125314803105908,-0.00087785917517825931,0.0015382666330560886
10579069538,10.579069538000001,0.011278416422281154,constant_radius_turn,0,30.80595987819191,4.9970005810992131,0,3.6082929838574311,2.7018627542721876,0,0.94880548754508209,0,0,0.31586096119074153,0,0.81139560970528357,-9.8066499999999994,0,0,0.17999999999999999,0.07780085442201945,0.78127433945799152,-9.807565136223749,-0.0032999891732602713,0.011905552146440223,0.19230001525027038,0.028855170130534839,-0.021638559901380309,0.034782686249324311,0.0011252836024871786,-0.00087707993989679278,0.001529967429445875
10589096062,10.589096062000001,0.010026524009530448,constant_radius_turn,0,30.842114039046095,5.0241234979392324,0,3.6034108575018489,2.7083705049929643,0,0.9485200724004148,0,0,0.3167170223614636,0,0.81139560970528357,-9.8066499999999994,0,0,0.17999999999999999,0.30802661131968417,0.6980587348435211,-9.6313307948106832,0.010720211593355473,-0.005696744083001447,0.18764392264051019,0.028842753686876995,-0.021810397002178496,0.03479354172440087,0.0011219010074701129,-0.00087411864345509379,0.0015314153119529523
10598143084,10.598143084,0.0090470221596079779,constant_radius_turn,0,30.87469420444517,5.0486527137361774,0,3.5989955976831927,2.7142349360611826,0,0.94826187687421015,0,0,0.31748923267884299,0,0.81139560970528357,-9.8066499999999994,0,0,0.17999999999999999,-0.058414189584435512,0.25661008217505599,-10.491925751648475,0.0075282861078954256,-0.021312517845440911,0.18504604602692329,0.028792884512132473,-0.02192322252985868,0.03477338017839203,0.0011230439745983031,-0.00087615579523144904,0.0015303852227111906
10606244914,10.606244914000001,0.0081018298076470374,constant_radius_turn,0,30.903836604229447,5.070664232860457,0,3.5950335235389748,2.7194805689522767,0,0.94803012287265698,0,0,0.31818058728661447,0,0.81139560970528357,-9.8066499999999994,0,0,0.17999999999999999,0.07399796877572952,0.83090969431019923,-9.4666183685482785,0.036325772577871299,0.020461887482846254,0.16271032840931238,0.028693775775214213,-0.021928335513394053,0.034649430096521848,0.0011196604818683525,-0.00087443310425510009,0.0015391976243493994
10617506817,10.617506817000001,0.011261903384428593,constant_radius_turn,0,30.944292440688624,5.1013317651798351,0,3.5895133658324152,2.7267626220095695,0,0.94770713724659206,0,0,0.31914131981282096,0,0.81139560970528357,-9.8066499999999994,0,0,0.17999999999999999,-0.040103940504100009,0.41211253848521806,-9.7114725605889394,0.0046795150995501229,0.011756351153347866,0.15878071071813496,0.028680538611490981,-0.0218645734870547,0.034686427683804699,0.0011191393365201313,-0.00087609801110833654,0.0015395303619709724
10629049232,10.629049232,0.011542415052338873,constant_radius_turn,0,30.985691353958941,5.132848197045055,0,3.5838404060574254,2.7342144290798047,0,0.94737509640958995,0,0,0.32012564205780231,0,0.81139560970528357,-9.8066499999999994,0,0,0.17999999999999999,-0.019692239478250499,0.98527930158093413,-9.5716086113367194,0.014264358380780785,-0.0047081119908485526,0.19102686860876367,0.028603157082159426,-0.021816655955975213,0.034828084668227004,0.0011192384520851222,-0.00087250679205462393,0.0015432730560233829
10638513430,10.638513430000001,0.0094641977502117874,constant_radius_turn,0,31.019587462088104,5.1587542150561516,0,3.5791773216883276,2.7403157300190837,0,0.94710207685590597,0,0,0.32093247890363114,0,0.81139560970528357,-9.8066499999999994,0,0,0.17999999999999999,0.36320220380793927,0.86572421718809855,-9.4423672104820753,-0.028853691290172567,-0.030083690888008316,0.18590084592988038,0.028519185871098245,-0.02185155203091944,0.034878698316924146,0.0011193510316124724,-0.00087274223218626417,0.0015441009451465201
10648218402,10.648218402000001,0.0097049721605733195,constant_radius_turn,0,31.0543000227979,5.1853792225379145,0,3.5743848191235541,2.7465639925363345,0,0.94682139794491371,0,0,0.32175960031309003,0,0.81139560970528357,-9.8066499999999994,0,0,0.17999999999999999,0.61928988061454904,0.67857325564594906,-9.9333740482553452,0.014506202226190012,-0.00082898638511807543,0.1709490793638577,0.028667611762022694,-0.021832117864402083,0.034933391693072552,0.0011230162786242685,-0.00087067728780422656,0.0015430095222921396
10659747201,10.659747201,0.011528799330552496,constant_radius_turn,0,31.095475488842343,5.2170865310110743,0,3.5686775015516048,2.7539755790851617,0,0.9464870331644879,0,0,0.32274184118500282,0,0.81139560970528357,-9.8066499999999994,0,0,0.17999999999999999,-0.45430643526098091,0.99190736603236496,-10.311825806862142,-0.006375567784817281,0.021568054033705712,0.1572543391976729,0.028689964730057832,-0.021848724887940204,0.034890865032037026,0.0011231452803122613,-0.00087014581632195948,0.0015420012297517995
10670277202,10.670277202000001,0.010530001478495315,constant_radius_turn,0,31.133026151768114,5.2461214847148172,0,3.5634512083212497,2.7607347004360774,0,0.94618074568764521,0,0,0.32363868200505919,0,0.81139560970528357,-9.8066499999999994,0,0,0.17999999999999999,-0.23566458706793525,0.56921871991625306,-9.905740215682135,0.010121523473586174,0.017047742566272717,0.19466217264456431,0.02883917920944519,-0.021930744592251042,0.035026253755640606,0.0011229198747689394,-0.00087086468560356844,0.0015396277921741152
10680169582,10.680169582000001,0.009892379944973214,constant_radius_turn,0,31.168252822412494,5.2734630841161545,0,3.5585297191294001,2.7670755028280105,0,0.94589223061356553,0,0,0.32448095177512865,0,0.81139560970528357,-9.8066499999999994,0,0,0.17999999999999999,0.37738867319078545,0.50767570105858262,-9.2666494089299114,-0.019846703334859366,0.018947543871853184,0.18361312833499097,0.028893790744166332,-0.021943474092407683,0.035103068616287932,0.0011258256004491813,-0.00086622511254782651,0.0015478682452577874
10689073780,10.689073780000001,0.008904197774572296,constant_radius_turn,0,31.199918909658734,5.2981270481579825,0,3.5540902046519984,2.7727753997528852,0,0.9456318950812207,0,0,0.32523886453666528,0,0.81139560970528357,-9.8066499999999994,0,0,0.17999999999999999,-0.0017715708119103134,0.57197042044430246,-10.007844056180279,0.0088146146024831399,0.022860279057979705,0.17941160288504757,0.028969509546974252,-0.021904366195628709,0.035073432972778963,0.0011205543051522049,-0.0008654625890066733,0.0015505868391755338
10698506164,10.698506164000001,0.0094323839479662983,constant_radius_turn,0,31.233420226492527,5.3243093700956603,0,3.5493773855717241,2.7788056382320243,0,0.94535545437073065,0,0,0.3260415079273028,0,0.81139560970528357,-9.8066499999999994,0,0,0.17999999999999999,-0.30762820450837169,0.97789584183448375,-9.9784468832678481,-0.015952236838318881,-0.011022291040686938,0.17906257694041922,0.028876296346365671,-0.021942481362646371,0.034961762123906837,0.0011161474780737848,-0.00086338145048230465,0.0015475536323970793
10710024845,10.710024845000001,0.011518681016361089,constant_radius_turn,0,31.274271146205951,5.3563598952558893,0,3.5436082889775498,2.7861588064156817,0,0.94501694530922442,0,0,0.32702136486538996,0,0.81139560970528357,-9.8066499999999994,0,0,0.17999999999999999,-0.28587563562887419,0.51614486286250405,-9.7454718823166289,-0.0055082172598428835,-0.028900459176539006,0.1842007081810664,0.028842915533021742,-0.021907685063617018,0.034918892346263719,0.0011240822265736995,-0.00086594443265954036,0.0015369092640878344
10720171513,10.720171513,0.010146668315836511,constant_radius_turn,0,31.310201117803846,5.3846629358089162,0,3.5385137402626521,2.792626203101745,0,0.94471791535070349,0,0,0.32788421800297302,0,0.81139560970528357,-9.8066499999999994,0,0,0.17999999999999999,0.25046923385767672,0.78960699803748746,-9.6622146628468482,0.00544281840919425,-0.0014883272756787578,0.17078107551322788,0.028866231197331654,-0.021877934231201126,0.035111489376724168,0.0011241333335458973,-0.00086086590340744612,0.0015315263576903171
10730732473,10.730732473000002,0.010560959750715117,constant_radius_turn,0,31.347543152726793,5.4141912418502072,0,3.5331986435755858,2.7993477714127795,0,0.94440583917444454,0,0,0.32878201126766837,0,0.81139560970528357,-9.8066499999999994,0,0,0.17999999999999999,-0.25034135812588076,0.65462483203557542,-10.288534743114326,0.00064576511338318128,0.006980924346034585,0.18941850347780989,0.02888341972387367,-0.021785743198531715,0.035104254418196486,0.0011286095863401436,-0.00086011483583084175,0.0015325036549139425
10742371506,10.742371506000001,0.011639033224735225,constant_radius_turn,0,31.388631994268295,5.4468159846881576,0,3.5273261877182556,2.8067437655965417,0,0.94406091766926536,0,0,0.32977110808781374,0,0.81139560970528357,-9.8066499999999994,0,0,0.17999999999999999,-0.010798895902545264,0.78349557493935007,-9.5070208440641295,0.002922542363263188,0.0010021224437086484,0.19150891631457317,0.028954960500969851,-0.021926773959654415,0.034947243224648095,0.0011330227812023654,-0.00085874776115811655,0.0015317392308226217
10752861474,10.752861474000001,0.010489967797204985,constant_radius_turn,0,31.425605702697748,5.4762935431908009,0,3.5220202256122772,2.8133990350919116,0,0.94374916103828466,0,0,0.33066224616598411,0,0.81139560970528357,-9.8066499999999994,0,0,0.17999999999999999,-0.2078197063668136,1.307206840645676,-9.7281647069208983,0.0015418402479980969,-0.0087829215532966628,0.18683804106068766,0.028852249710705036,-0.021812320258146587,0.034830177381784649,0.0011323260014251939,-0.00085473823161201566,0.0015259707621008117
10764262071,10.764262071000001,0.011400597185513523,constant_radius_turn,0,31.465725884225677,5.5084091377962459,0,3.516239416555945,2.8206206703022589,0,0.94340938707820021,0,0,0.33163040930037557,0,0.81139560970528357,-9.8066499999999994,0,0,0.17999999999999999,-0.036708559657831166,0.89019241659194481,-9.6895259917369128,-0.0061210987925707548,0.019076313779150179,0.17100739527581721,0.028893187062723258,-0.021886942844798776,0.034769971206171216,0.0011324189178341453,-0.00085419995445102682,0.0015248175365945736
10776072251,10.776072251,0.011810180359905009,constant_radius_turn,0,31.507217851119698,5.5417652791494376,0,3.510235308852736,2.8280892271570202,0,0.94305635887174644,0,0,0.33263298692637783,0,0.81139560970528357,-9.8066499999999994,0,0,0.17999999999999999,0.043459794940468303,0.96655391017230141,-9.7696791066544826,-0.00088319302657539314,-0.0065361645081717769,0.1778315505712848,0.028878178475131147,-0.021831149425678497,0.034814834605223499,0.0011321911397114291,-0.00085622162292584936,0.0015257383687379326
10786252428,10.786252428000001,0.010180176728314533,constant_radius_turn,0,31.542926258668707,5.5705884439100322,0,3.5050471377449135,2.8345167423150359,0,0.94275119945600327,0,0,0.33349689042668312,0,0.81139560970528357,-9.8066499999999994,0,0,0.17999999999999999,0.21378867761547662,0.63430293832395512,-10.06559298662323,0.0097940859701962143,0.005348621253294627,0.1736110218338987,0.028917507011926049,-0.021878055627696812,0.034742940306736345,0.0011378448867529387,-0.00086197043034788427,0.0015245578174640415
10796246020,10.79624602,0.0099935915620191322,constant_radius_turn,0,31.577928761878457,5.5989469285860363,0,3.4999426091275403,2.8408171945923524,0,0.94245086331753358,0,0,0.33434468775806175,0,0.81139560970528357,-9.8066499999999994,0,0,0.17999999999999999,-0.15585895048769877,0.9175698614663419,-9.9443133831570165,-0.00033745522267949286,-0.0058505836041492761,0.16316808072156574,0.029024962126614078,-0.021911201768073631,0.034745203639400264,0.0011445438536775516,-0.00086142821627691372,0.0015221156515287709
10806601094,10.806601094000001,0.010355074498651367,constant_radius_turn,0,31.614143481618328,5.6283975528386279,0,3.4946414952282039,2.8473358460334879,0,0.94213885930948071,0,0,0.33522286583559679,0,0.81139560970528357,-9.8066499999999994,0,0,0.17999999999999999,0.83209984280403104,1.0265707388679517,-10.076037337759352,-0.015081497816522023,-0.0143415093426402,0.21647097609448837,0.029147658431479755,-0.0220415751058879,0.034654665583958362,0.0011382880993062007,-0.00085530858748972358,0.0015228444398086528
10816623951,10.816623951,0.010022856823084968,constant_radius_turn,0,31.649144001179963,5.6569675648311746,0,3.4894988916754586,2.853635941264022,0,0.9418360858670779,0,0,0.33607259239423609,0,0.81139560970528357,-9.8066499999999994,0,0,0.17999999999999999,0.41800382847890932,1.1063484879743231,-9.6795249073568055,-0.0044848228888211836,0.013916716376023423,0.20085425634087956,0.029206509737563512,-0.021936679843663816,0.034590796054454108,0.0011472659527414243,-0.00085454385436228809,0.0015232299917565986
10828546499,10.828546499000002,0.011922548445863228,constant_radius_turn,0,31.69071116562419,5.6910347804013028,0,3.483366790520892,2.8611180337368531,0,0.9414749279662874,0,0,0.33708301649723316,0,0.81139560970528357,-9.8066499999999994,0,0,0.17999999999999999,0.16095166982987186,0.99944721347726961,-9.5223052045040966,-0.030700610662841157,0.011067309194309578,0.19486083823058922,0.029145989082798449,-0.021961532193068883,0.034632638269875303,0.0011368015260600261,-0.00085434662116695204,0.0015317256483004197
10837138821,10.837138821,0.0085923218820055519,constant_radius_turn,0,31.72062234567386,5.715641558080315,0,3.4789375696561833,2.8665020472193605,0,0.94121397716801192,0,0,0.33781096664195653,0,0.81139560970528357,-9.8066499999999994,0,0,0.17999999999999999,-0.15560473626443075,0.59088957027005473,-9.47642689661029,0.028538481660869128,0.002563431365878702,0.19295434651414126,0.029189001567998869,-0.021866363058376297,0.034625329629015995,0.0011376071712669506,-0.00084690380762593572,0.0015350061919584799
10845583694,10.845583694,0.0084448727467279563,constant_radius_turn,0,31.74998311533826,5.7398711184204849,0,3.4745762479555542,2.8717869867769017,0,0.94095695598625628,0,0,0.33852622790720144,0,0.81139560970528357,-9.8066499999999994,0,0,0.17999999999999999,0.24735854741440275,1.1485723118891968,-9.4946560562807552,0.021151116170228738,0.0025066294143464046,0.17650804752565075,0.029141145325875334,-0.021920330348262938,0.034400350356128588,0.0011357792688990842,-0.00084729545609915559,0.0015316346470629779
10856760508,10.856760508000001,0.011176813600065272,constant_radius_turn,0,31.788785479894759,5.7720075781021665,0,3.4687916832629768,2.8787714147538108,0,0.94061595197538161,0,0,0.33947257752202431,0,0.81139560970528357,-9.8066499999999994,0,0,0.17999999999999999,-0.020083377955573519,1.264800879878047,-9.7718581706832044,-0.024652465132227307,0.0077779435038651742,0.1526775772447605,0.029112582728425606,-0.021814279473893271,0.034373319469988395,0.0011394500125603917,-0.00085374796752453095,0.0015283763255811878
10866941711,10.866941711000001,0.010181202742795232,constant_radius_turn,0,31.824075065249332,5.8013492696776048,0,3.4635101773020582,2.8851235418961036,0,0.94030449561621421,0,0,0.34033432904121963,0,0.81139560970528357,-9.8066499999999994,0,0,0.17999999999999999,-0.25596053514215067,0.5525912467199906,-9.6116141922271652,0.004028380361472083,-0.013426258414751577,0.170234876658617,0.029205353530483563,-0.021840280103501492,0.034230863578041261,0.0011316748369341028,-0.00084971152452892307,0.001528314563332379
10877580642,10.877580642,0.010638931102801525,constant_radius_turn,0,31.86089368740479,5.8320791542496702,0,3.4579787963896411,2.8917508959102447,0,0.93997819321102816,0,0,0.34123451801910509,0,0.81139560970528357,-9.8066499999999994,0,0,0.17999999999999999,0.16703049416480256,1.2896066931616932,-10.259679807096465,0.023742456693985205,-0.017628800614825763,0.17784201213727105,0.029254022440218078,-0.021935246671208577,0.034135471158051794,0.0011301840658732392,-0.00085180143153133509,0.0015267475986987468
10886273213,10.886273213000001,0.0086925708843369944,constant_radius_turn,0,31.890932729549718,5.8572394043846918,0,3.4534499504418203,2.8971579245998038,0,0.93971094711378,0,0,0.34196978795578209,0,0.81139560970528357,-9.8066499999999994,0,0,0.17999999999999999,-0.09237767204312522,0.71031438538158487,-9.9886133574096778,-0.0097278437224741273,0.0088472411894575526,0.18744994724934952,0.029160151902351931,-0.022010925877783413,0.034210511543143807,0.0011278583621565671,-0.00084858137007317713,0.0015253537146743281
10894522991,10.894522991000001,0.0082497783988750625,constant_radius_turn,0,31.919405164701747,5.8811614554702567,0,3.4491439804555077,2.9022829638692347,0,0.93945678236949992,0,0,0.3426674102682456,0,0.81139560970528357,-9.8066499999999994,0,0,0.17999999999999999,0.13665254092276563,0.40484732333262174,-10.197518268410189,-0.014383488017981616,0.012509339614432324,0.18061579183878745,0.029196369793159732,-0.021862817538110646,0.034087418238334943,0.0011235442485688764,-0.00084713509766588075,0.0015234563204689206
10903086849,10.903086849000001,0.0085638582458422222,constant_radius_turn,0,31.948923970556258,5.9060389469071186,0,3.4446660311105677,2.9075963499755302,0,0.93919239339146543,0,0,0.34339139213965564,0,0.81139560970528357,-9.8066499999999994,0,0,0.17999999999999999,-0.091925060763783206,0.27762429302917691,-9.5438711375363159,0.012172472498607388,-0.004425242042641369,0.1545912418616277,0.029191932176845618,-0.021987711481434798,0.034017025761350177,0.0011258711197638252,-0.00084369724553311036,0.0015254873362976272
10914991237,10.914991237000001,0.01190438814768589,constant_radius_turn,0,31.989893480620587,5.9406959969847248,0,3.4384277597111663,2.9149708646100918,0,0.93882394662081092,0,0,0.3443974408315556,0,0.81139560970528357,-9.8066499999999994,0,0,0.17999999999999999,-0.17602649771159623,0.98348132156959522,-9.3094668512087502,0.015038375954726759,-0.0013817576318112387,0.20169172229426488,0.029166840481735221,-0.021955386496727288,0.033891744468726476,0.0011288726508101843,-0.00084405944930400175,0.0015254319170729489
10925470947,10.925470947000001,0.01047970982744263,constant_radius_turn,0,32.025898361641168,5.9712780046798892,0,3.4329229966946393,2.9214517451163133,0,0.93849870241884714,0,0,0.34528276174483469,0,0.81139560970528357,-9.8066499999999994,0,0,0.17999999999999999,0.036292938229776341,0.94313781688730403,-9.9421178182980405,0.0095186157306143618,0.0053792257945820795,0.19432098626881208,0.029002543588135893,-0.021834527993356261,0.033909670771846631,0.0011229025381690606,-0.00083999420969700569,0.0015229040524588622
10934953568,10.934953568000001,0.0094826210671878543,constant_radius_turn,0,32.058427803118541,5.9990087863480497,0,3.4279314547831095,2.9273070460043327,0,0.93820368397238774,0,0,0.34608358438481307,0,0.81139560970528357,-9.8066499999999994,0,0,0.17999999999999999,-0.22965533685360223,0.70907775780839299,-9.6959788839983112,-0.00040093269441180833,-0.0016594406768491079,0.19567836699334593,0.028987415132381889,-0.021874566853495429,0.034091130564876636,0.0011224803495269336,-0.00083536427982009321,0.0015225669836075324
10945141884,10.945141884,0.010188316067956048,constant_radius_turn,0,32.093325275513529,6.028865114957239,0,3.4225573141280794,2.9335885927966179,0,0.93788594879373066,0,0,0.34694372318184946,0,0.81139560970528357,-9.8066499999999994,0,0,0.17999999999999999,-0.34308413184088538,1.0311352736274413,-9.5949678621309396,-0.011462443273565211,0.0077745350727593254,0.19099796206235145,0.029076383283368663,-0.021951250390995852,0.034108488634057375,0.0011279101330496466,-0.00083746424017330573,0.0015265019503034464
10956930793,10.956930793000002,0.01178890865669539,constant_radius_turn,0,32.133636752179996,6.0634916934865846,0,3.416324527655441,2.9408446613206016,0,0.93751731305457597,0,0,0.34793862637385958,0,0.81139560970528357,-9.8066499999999994,0,0,0.17999999999999999,0.24347257372020928,0.60168987126302509,-10.042769709941972,0.010103803143660753,0.0070740351611679724,0.18412727093381545,0.029046127932800477,-0.021981952908753221,0.034284433813171027,0.0011299345164380835,-0.00084044936587254618,0.0015233795966622438
10968675631,10.968675631,0.011744838227767158,constant_radius_turn,0,32.173724376545202,6.0980738123501474,0,3.4100997439430536,2.9480604363950169,0,0.93714900590865713,0,0,0.34892942083523987,0,0.81139560970528357,-9.8066499999999994,0,0,0.17999999999999999,0.54373482128490624,0.3225430120921095,-9.6078516089990416,-0.014794256064880209,-0.019290204622452161,0.17963901896891327,0.029030925159351427,-0.022101708385190627,0.034363510115082922,0.0011319028230132434,-0.00083834098628190665,0.001521664320569955
10977049897,10.977049897000001,0.0083742658788438541,constant_radius_turn,0,32.2022628354284,6.1227831632553515,0,3.4056520599383298,2.9531973599669676,0,0.93688575726788481,0,0,0.34963563581045631,0,0.81139560970528357,-9.8066499999999994,0,0,0.17999999999999999,-0.012184518573705755,0.44355801163217834,-9.9994161281867289,-0.01948715161537232,0.017487337773404332,0.19796633072643741,0.029097823570562675,-0.022048819192328276,0.034384487390949597,0.0011334115740009921,-0.00084169295320993395,0.0015227017162265711
10987982073,10.987982073000001,0.010932175866574282,constant_radius_turn,0,32.239462221709935,6.1551046365019007,0,3.399834192877683,2.9598932516592229,0,0.9365412988034354,0,0,0.35055726441706259,0,0.81139560970528357,-9.8066499999999994,0,0,0.17999999999999999,0.28438799385674529,1.029711432478486,-9.2953326752524053,0.0091652374076010117,0.0060985158712918361,0.17773891347632012,0.029130331179953048,-0.022035264190422926,0.034354654467843915,0.0011350338194106447,-0.0008411314080941087,0.0015213381167976086
10999847432,10.999847432000001,0.011865358849280319,constant_radius_turn,0,32.27976492421984,6.1902678706554566,0,3.3935048083255626,2.9671477408698981,0,0.93616641097506137,0,0,0.35155718021692073,0,0.81139560970528357,-9.8066499999999994,0,0,0.17999999999999999,-0.080908397864696058,0.5254684844970674,-9.6847819889537305,0.02168395660230208,-0.0098118636695858526,0.19007892658315279,0.028988506172789086,-0.022066894227414688,0.034252254691350001,0.0011413699017239747,-0.00084814328007814307,0.0015194152316025779
11009036903,11.009036903,0.0091894713628994894,constant_radius_turn,0,32.31092686731207,6.2175601624190184,0,3.3885921946885489,2.9727568919058784,0,0.93587533461435835,0,0,0.35233131859155375,0,0.81139560970528357,-9.8066499999999994,0,0,0.17999999999999999,-0.1400477532751129,1.2515986807784063,-9.6697472417663057,-0.027141232693876735,-0.0054668765044116338,0.2121821744116642,0.029105251906460326,-0.022122576511732179,0.034172573863297723,0.0011378705918505905,-0.00084440760175359393,0.0015150993370752364
11017486468,11.017486468000001,0.0084495648055691458,constant_radius_turn,0,32.339539878471328,6.2427004235089596,0,3.3840669468204188,2.9779072349076929,0,0.93560712986367323,0,0,0.35304291318232089,0,0.81139560970528357,-9.8066499999999994,0,0,0.17999999999999999,0.00056634908565222908,0.74466779331103627,-9.5694687798872913,-0.0050764424207510317,-0.0043734694742178556,0.20937683729600737,0.029128728355538216,-0.022265378207451419,0.03424170432761113,0.0011374368736773968,-0.00084287222701797629,0.0015168922948156187
11026052236,11.026052236,0.0085657678119515548,constant_radius_turn,0,32.368507328323986,6.2682308170158052,0,3.379471475079197,2.9831213769144713,0,0.93533468434140143,0,0,0.35376408561069478,0,0.81139560970528357,-9.8066499999999994,0,0,0.17999999999999999,-0.21320506437581052,0.77172662675379688,-9.8848502289750435,0.0052975774845367488,0.012325249626341794,0.17256894531367478,0.029233858343376693,-0.022170390327986192,0.034141579876322166,0.0011394452510569276,-0.00084605777921058732,0.0015141507885802366
11036458196,11.036458196,0.010405959865399422,constant_radius_turn,0,32.403644869839439,6.2993059659382373,0,3.3738779466386632,2.9894461362371683,0,0.93500296125974658,0,0,0.35463990530607914,0,0.81139560970528357,-9.8066499999999994,0,0,0.17999999999999999,0.0041937000710255967,0.91824618245303868,-10.078849909091506,-6.3626565802381513e-05,0.012363579922763965,0.17631571732653489,0.029137573646780865,-0.022308432285331546,0.034251679876058774,0.0011417299012794512,-0.000842744300173248,0.0015153824365658529
11047210883,11.047210883,0.010752687055990688,constant_radius_turn,0,32.439891981950211,6.3314856225751557,0,3.368085606636781,2.995970618454761,0,0.93465932361413306,0,0,0.35554458058191701,0,0.81139560970528357,-9.8066499999999994,0,0,0.17999999999999999,-0.12407072278143044,0.80867995577628704,-9.7474417696202824,0.0014190794805611984,-0.0034330917665767605,0.19989529172904874,0.029144963325095995,-0.02235803722700137,0.034387819558879061,0.0011412396651268423,-0.00084828256270522465,0.0015140916994079159
11056549847,11.056549847000001,0.0093389635183192196,constant_radius_turn,0,32.471322871588235,6.3594913007660461,0,3.3630445833759013,3.0016281799223683,0,0.93436015589553145,0,0,0.35633004234119547,0,0.81139560970528357,-9.8066499999999994,0,0,0.17999999999999999,-0.1781832407631177,0.76006736734657354,-9.9462918748728839,0.020168253786800774,0.0099030061766493972,0.16638032349891024,0.028991315838715667,-0.022442667782089178,0.034460092715972605,0.0011402419121134839,-0.00084833758610453058,0.0015125856480086883
11066426340,11.066426340000001,0.0098764930014055008,constant_radius_turn,0,32.504511580171354,6.389166361413853,0,3.3577030710531912,3.0076021490413294,0,0.9340430506058367,0,0,0.35716043959954791,0,0.81139560970528357,-9.8066499999999994,0,0,0.17999999999999999,-0.15689722444280529,0.79010417889326512,-10.02213294635192,0.015895502717999884,0.010273545171086985,0.17465443720109858,0.029015180886106721,-0.022500101990628421,0.034354363532515489,0.00114898490275221,-0.00085011243836476591,0.0015167172653367516
11077209872,11.077209872000001,0.010783531845189608,constant_radius_turn,0,32.540687967683105,6.4216340448126505,0,3.3518588862075109,3.0141139008388191,0,0.9336959801827267,0,0,0.35806677671995374,0,0.81139560970528357,-9.8066499999999994,0,0,0.17999999999999999,0.50366435924758335,0.99376741084737374,-9.5296695339195203,0.0025837344180154463,-0.021603918557423999,0.18020991541234671,0.029033488983781709,-0.022471751917120017,0.034414332737409757,0.00115545787112773,-0.00085516231994675238,0.0015162733860320059
11086799909,11.086799909000002,0.0095900366834861389,constant_radius_turn,0,32.57280744502264,6.450567230127163,0,3.3466509115582959,3.019895408196132,0,0.93338658382681583,0,0,0.35887251933257108,0,0.81139560970528357,-9.8066499999999994,0,0,0.17999999999999999,0.2921253193019086,0.84506412249587215,-9.7295889444595733,0.007831131207540188,0.025530070106263666,0.18890716307244146,0.02894925317513385,-0.022432240033255488,0.034517391295585578,0.0011557631535436227,-0.00085092847496103592,0.0015142671675630603
11096518680,11.096518680000001,0.0097187714787524276,constant_radius_turn,0,32.605307083727368,6.4799453305905867,0,3.3413628521269327,3.0257453446554656,0,0.93307232480792712,0,0,0.35968880532695252,0,0.81139560970528357,-9.8066499999999994,0,0,0.17999999999999999,-0.0098324692207378689,1.5111574470830214,-9.4401036373209983,-0.022151968792139778,0.021877355739816307,0.18925547237555562,0.029032937402678941,-0.022384068216937638,0.034475073672840209,0.0011515428362016381,-0.00085180829688515959,0.0015112925482857556
11107470741,11.107470741,0.010952060896443655,constant_radius_turn,0,32.641869193831596,6.5131195166209697,0,3.3353914967086395,3.0323265266065524,0,0.93271733155712389,0,0,0.36060834628854371,0,0.81139560970528357,-9.8066499999999994,0,0,0.17999999999999999,0.025156244811926583,0.5006180714665136,-9.9055587255656441,-0.010516981988343799,-0.0011892975596877562,0.18341495328181492,0.029078060232323188,-0.022261579511804807,0.034404725749299439,0.0011482233368275629,-0.00085347540107822534,0.0015139572283454968
11118360336,11.118360336,0.010889595381356917,constant_radius_turn,0,32.678157860305078,6.5461758907774898,0,3.329441347456402,3.0388584886640828,0,0.93236346455635311,0,0,0.36152229524674429,0,0.81139560970528357,-9.8066499999999994,0,0,0.17999999999999999,-0.15183129762520114,1.3019756599371819,-9.3884424212016668,-0.0060358385538995252,-0.026201660417002219,0.18174642731948665,0.029038644501270392,-0.022252256808509938,0.034447180617292204,0.0011523527806584903,-0.00084651678974734257,0.0015090913146370284
11129917022,11.129917022000001,0.011556686248375128,constant_radius_turn,0,32.716598600261285,6.5813350071872003,0,3.3231127042218187,3.0457778243525264,0,0.93198694032693818,0,0,0.36249185240503284,0,0.81139560970528357,-9.8066499999999994,0,0,0.17999999999999999,-0.110979532646478,0.97618997334478208,-9.956361279632489,0.017326407827036823,0.013977645681241704,0.18331783986593347,0.029234517675150506,-0.022162734110342266,0.034574360263216065,0.0011479672122123928,-0.00084115011482523703,0.0015061844482036565
11139122137,11.139122137000001,0.0092051154014347013,constant_radius_turn,0,32.747164987883068,6.6093970665974799,0,3.3180615323728713,3.0512797753836747,0,0.931686310388258,0,0,0.3632638421796402,0,0.81139560970528357,-9.8066499999999994,0,0,0.17999999999999999,0.29322931634422839,0.12972876367900144,-9.1718486612662709,-0.00020563361480141376,0.0074006446191197794,0.19271688581019497,0.02922140507214975,-0.022173031421119357,0.034652540467998288,0.0011554566779385545,-0.00084125068025349035,0.0015085382415448633
11149916939,11.149916939000001,0.010794801806432072,constant_radius_turn,0,32.782950770426226,6.6423697940838382,0,3.3121264395589831,3.0577212182689886,0,0.93133294824004387,0,0,0.36416883381545406,0,0.81139560970528357,-9.8066499999999994,0,0,0.17999999999999999,0.61480605000772837,0.99197384998640581,-10.164224347289382,-0.0016909513738622005,0.0049624138306477075,0.17755918825213432,0.029231713027792462,-0.02227853483040472,0.034516829256786591,0.0011551135931606911,-0.00084561944379723912,0.0015060326383444878
11160927388,11.160927388000001,0.011010449236482809,constant_radius_turn,0,32.819385372783159,6.6760727828752113,0,3.3060598995918937,3.0642794488408676,0,0.93097162141068113,0,0,0.3650915503376756,0,0.81139560970528357,-9.8066499999999994,0,0,0.17999999999999999,-0.40050608513939617,0.38394366970363858,-9.8422915996175639,-0.0032270582862141011,0.0046126273971953775,0.18314437360448707,0.029224896749329397,-0.022191640389329345,0.034464137129346754,0.0011581110183166627,-0.00084346275961404344,0.001501070340799656
11172201347,11.172201347000001,0.011273958670860482,constant_radius_turn,0,32.856622664215735,6.7106571258084822,0,3.2998347157287395,3.0709821636000241,0,0.9306006998094416,0,0,0.36603597844225327,0,0.81139560970528357,-9.8066499999999994,0,0,0.17999999999999999,-0.44699699949312188,0.57663470104952719,-9.8608763006031008,0.017562407907380957,0.011355947358034687,0.21812766101203626,0.029150500764895629,-0.022176582945876152,0.034580164378849039,0.0011620593159502902,-0.00084500264539674611,0.0015015746746767904
11181474018,11.181474018000001,0.0092726706776377742,constant_radius_turn,0,32.887197158979745,6.7391588477272295,0,3.2947044045928831,3.0764855739356736,0,0.9302949039853633,0,0,0.36681247473179501,0,0.81139560970528357,-9.8066499999999994,0,0,0.17999999999999999,-0.048361196167652602,0.64378638340395322,-9.7617508042928094,-0.0021881762677005831,0.018508619689771345,0.17610100287656097,0.02918303362924881,-0.022103307770304718,0.034432678220653982,0.0011573403335394593,-0.00084321576732048701,0.0014976791085655947
11189675948,11.189675948000001,0.0082019299113237788,constant_radius_turn,0,32.914201452440366,6.7644119006422851,0,3.290158854242875,3.0813463476417686,0,0.93002387923218144,0,0,0.36749909395524338,0,0.81139560970528357,-9.8066499999999994,0,0,0.17999999999999999,0.5871935941870009,0.42178988703918652,-10.200001890773974,0.019171124201953486,0.014088918320911475,0.20058927416739955,0.02927401568477243,-0.022001465120133464,0.034503719297466096,0.0011505318760712869,-0.00084548248195838113,0.0014901571821280967
11200298374,11.200298374000001,0.01062242557341167,constant_radius_turn,0,32.949119596274862,6.7971766552858375,0,3.2842611966111881,3.0876316154476884,0,0.92967211841866282,0,0,0.36838804572753953,0,0.81139560970528357,-9.8066499999999994,0,0,0.17999999999999999,0.32860798178283246,0.25423448732228693,-9.6580489035050494,-0.012210922550414864,-0.0077727928469524107,0.192654981591321,0.029158206321938957,-0.022068051209224254,0.034416944166016344,0.0011552960684902303,-0.00085241599201029794,0.0014964022161692802
11212194762,11.212194762000001,0.011896388232099663,constant_radius_turn,0,32.98815107008663,6.8339501097457855,0,3.2776419722805299,3.0946572834197736,0,0.92927716178257502,0,0,0.36938321102795396,0,0.81139560970528357,-9.8066499999999994,0,0,0.17999999999999999,-0.047677967770222762,1.1542496738225891,-9.8978969186281311,-0.035727754691393117,0.0048689050157193917,0.20422454122838954,0.029198208489822089,-0.022061166500565464,0.034445497441073197,0.0011665412812303696,-0.00084928188728432773,0.0014974198551885379
11220780518,11.220780518000002,0.0085857560486575085,constant_radius_turn,0,33.0162715565816,6.8605418114492496,0,3.2728554650216317,3.09971897199667,0,0.92899145530601546,0,0,0.37010116990954195,0,0.81139560970528357,-9.8066499999999994,0,0,0.17999999999999999,-0.0053239357192148284,1.298873396764336,-9.6456944725269711,0.017954210325202821,0.012668166131810423,0.18334011330954808,0.029227305562771581,-0.022009208354208474,0.034445791076342151,0.0011664238939697227,-0.00084461887784750345,0.0015027385665120315
11232141181,11.232141181000001,0.011360662717862804,constant_radius_turn,0,33.053417319017065,6.8957946532731818,0,3.2665099512832647,3.1064052115661696,0,0.92861255626648309,0,0,0.37105083256102234,0,0.81139560970528357,-9.8066499999999994,0,0,0.17999999999999999,-0.048882068603067319,0.32697664505902913,-9.3177263841038389,0.013464779474755851,0.015760090490953393,0.18501876640222281,0.029237860616793076,-0.022062297453193956,0.034433985441283767,0.0011712335976226463,-0.00084784422261965984,0.0015120662448434598
11243329513,11.243329513000001,0.011188331808493792,constant_radius_turn,0,33.089929082130823,6.9305869110453209,0,3.2602473427687451,3.1129773311489743,0,0.92823845596230281,0,0,0.3719857105759844,0,0.81139560970528357,-9.8066499999999994,0,0,0.17999999999999999,-0.022595002913176811,0.6084990409861184,-9.48464923140466,0.0013507193158311171,-0.011840068331781899,0.17981856108475683,0.029259098974881815,-0.022109242674229233,0.034342618121392984,0.0011736473856554818,-0.00085518651800573333,0.0015228589642494439
11252076333,11.252076333000002,0.0087468195020222496,constant_radius_turn,0,33.118424424736126,6.9578379938073782,0,3.2553421468587325,3.1181064938778524,0,0.92794533610722962,0,0,0.37271631732034605,0,0.81139560970528357,-9.8066499999999994,0,0,0.17999999999999999,0.40987220668355728,0.88796009648544261,-9.546244118576622,-0.0038203805046976174,0.012916569506998309,0.1886981288035397,0.02930196146010329,-0.022227434852658524,0.03422800570271791,0.0011688823326821891,-0.00085122098909033034,0.0015196604254273896
11263614252,11.263614252,0.011537918553423681,constant_radius_turn,0,33.155946898398817,6.9938534164077106,0,3.2488593684618046,3.1248605415659783,0,0.92755780252854825,0,0,0.37367970639092868,0,0.81139560970528357,-9.8066499999999994,0,0,0.17999999999999999,0.087013200420447676,0.94694477245044251,-9.7502502235801067,-0.011621118163331423,-0.01161071385323972,0.18531603694895951,0.029398270843939971,-0.022191785911923542,0.034159269945727516,0.0011737949114812257,-0.00084145879236458172,0.0015150532018293288
11275404430,11.27540443,0.011790178115290435,constant_radius_turn,0,33.194212391577125,7.0307366829293061,0,3.2422203779975272,3.1317483329245386,0,0.92716076287648586,0,0,0.37466374228405508,0,0.81139560970528357,-9.8066499999999994,0,0,0.17999999999999999,0.072793869640149653,1.0000019806945204,-9.7643152117294711,0.015746483936226432,0.014027869993223736,0.17740016370435338,0.029420252188357799,-0.022139066933868568,0.034118584117880435,0.0011680327587999364,-0.0008338019275999682,0.001503469012399323
11285521626,11.285521626000001,0.010117195518328079,constant_radius_turn,0,33.226985691615994,7.0624510347896612,0,3.2365117930857483,3.1376475285625895,0,0.92681922940049577,0,0,0.37550781085547508,0,0.81139560970528357,-9.8066499999999994,0,0,0.17999999999999999,0.42309374089237844,1.2902458014698688,-9.6045260911499799,0.016926260225792394,-0.0019859016122700038,0.19125791269247988,0.029440105854038976,-0.022227749707445378,0.034148563138441335,0.0011655213450596611,-0.00083519091298159254,0.0015051528567937467
11295484336,11.295484336000001,0.0099627100227943927,constant_radius_turn,0,33.259202065568189,7.0937393938973337,0,3.2308798869377688,3.1434464774287223,0,0.92648216008929918,0,0,0.37633868660591646,0,0.81139560970528357,-9.8066499999999994,0,0,0.17999999999999999,-0.32786701871358315,0.40914442227894843,-9.8955893755684823,-0.017459106112252602,0.002236054397105002,0.17699841953048803,0.029592048754950057,-0.022209851921295411,0.034162170193595978,0.0011645077679730122,-0.00083311464379665664,0.0015057731489463765
11304561379,11.304561379000001,0.0090770430587517135,constant_radius_turn,0,33.288505572118325,7.1222965319609912,0,3.2257396009432804,3.1487211097816115,0,0.92617440714356869,0,0,0.37709543560252651,0,0.81139560970528357,-9.8066499999999994,0,0,0.17999999999999999,-0.023956305406777116,0.63185658479753148,-9.4411803547796982,0.017664646200103683,-0.00061649505678373364,0.16534524585206387,0.029567942451807876,-0.022328925657918233,0.034137700631281763,0.0011580337100034763,-0.00084038137775749062,0.0015094207686881253
11314726323,11.314726323,0.010164944369578759,constant_radius_turn,0,33.321265727227242,7.1543330773536651,0,3.2199730211645883,3.1546179393470535,0,0.92582903574363984,0,0,0.37794258370022565,0,0.81139560970528357,-9.8066499999999994,0,0,0.17999999999999999,0.046930557131489109,0.18937772791556529,-9.7285960667403,0.006586859498445197,0.0056065847014064784,0.18758896229985766,0.029511678816804165,-0.022319076779329639,0.034053065248287565,0.0011576846105731148,-0.00083379032100074871,0.0015112497089464409
11325338832,11.325338832,0.010612509478602258,constant_radius_turn,0,33.355405714178289,7.1878440981353933,0,3.213941035590512,3.1607631388678024,0,0.92546763076499194,0,0,0.37882669442138389,0,0.81139560970528357,-9.8066499999999994,0,0,0.17999999999999999,0.097202084625812937,1.0812984993838213,-9.7370163552770386,-0.0013252471195722452,0.014433300130252423,0.19679884436051626,0.02948238609748699,-0.022345599312622678,0.034172002535670758,0.0011573454497787986,-0.00083628271113093445,0.0015106482982884968
11334897325,11.334897325,0.0095584933120361135,constant_radius_turn,0,33.386100134924384,7.2180826367863524,0,3.2084980972912351,3.1662881359656105,0,0.92514139723855782,0,0,0.37962270100125606,0,0.81139560970528357,-9.8066499999999994,0,0,0.17999999999999999,0.46584794352009695,0.75644664314549137,-9.5633339371913078,0.015302529532294787,-0.013895956867905424,0.19351667510918064,0.029456608952423812,-0.022408862331681358,0.034071889321410476,0.0011596839105752403,-0.00083370514399019326,0.0015071882516118802
11346175808,11.346175808,0.011278483462102942,constant_radius_turn,0,33.422250841525781,7.2538302604461933,0,3.2020635228236345,3.1727952653898659,0,0.92475557954127596,0,0,0.3805615825425353,0,0.81139560970528357,-9.8066499999999994,0,0,0.17999999999999999,-0.25750145052552492,-0.081433768930523676,-9.9011073342745988,0.0058164159678101663,0.015223758145215937,0.19752009145390176,0.029447109881979069,-0.02232601923279361,0.034023339667413006,0.0011562143893751528,-0.00083510481452208751,0.0015034936927263069
11356668379,11.356668379,0.010492570739307372,constant_radius_turn,0,33.455817252076884,7.2871527370381202,0,3.1960654752549926,3.1788372210859008,0,0.92439579102460778,0,0,0.38143468842776956,0,0.81139560970528357,-9.8066499999999994,0,0,0.17999999999999999,0.099643184241037366,0.77221491313334722,-9.4986800468531563,-0.0078589444221117827,0.010242165120619701,0.20502804996979127,0.029487430813989298,-0.022252821674040479,0.03403436964498234,0.0011561918623955376,-0.00083623777578366385,0.0014983957624723531
11365803938,11.365803938000001,0.0091355585257735118,constant_radius_turn,0,33.484991198479612,7.3162171773498992,0,3.1908338748204819,3.1840885326221953,0,0.92408186290525474,0,0,0.38219459788117643,0,0.81139560970528357,-9.8066499999999994,0,0,0.17999999999999999,-0.12036414321427218,0.84865129111322668,-9.5755517282404927,0.010199109325907674,-0.01119043292414176,0.18525132310063275,0.029437277649032405,-0.022216397256594664,0.033895020628881896,0.0011508527975074047,-0.00084015270879566489,0.0015057408062889716
11374092122,11.374092122,0.0082881838606447666,constant_radius_turn,0,33.511417716095522,7.3426272010476392,0,3.1860800696735119,3.188845306675645,0,0.92379651292347376,0,0,0.38288379792102756,0,0.81139560970528357,-9.8066499999999994,0,0,0.17999999999999999,0.60567129675191234,1.191715450863891,-9.8734949162563481,0.015942772029581758,-0.014935330095710072,0.1974025533319288,0.029494409561078037,-0.022169577873791674,0.033807647550932685,0.0011528845774534508,-0.000841213154443215,0.0015047103601699959
11384109092,11.384109092000001,0.010016970135908675,constant_radius_turn,0,33.543303761979246,7.3745985154055695,0,3.1803252315307002,3.1945847964903438,0,0.92345095736052163,0,0,0.38371647000087983,0,0.81139560970528357,-9.8066499999999994,0,0,0.17999999999999999,0.040784114302846772,0.30024828110739527,-9.9896758210042744,-0.011121449060997733,-0.014802394425976424,0.18250468319058855,0.029632026318661291,-0.022136103332264494,0.033774903909804629,0.0011491701422889035,-0.00084910793264468835,0.001507427513342037
11393134771,11.393134771000001,0.0090256788694206558,constant_radius_turn,0,33.571984915679636,7.4034551099269752,0,3.1751310433748481,3.1997474052923933,0,0.92313895557841175,0,0,0.38446647278221696,0,0.81139560970528357,-9.8066499999999994,0,0,0.17999999999999999,0.075893478865196609,0.23223623319266629,-9.7455199748200148,0.0046260582356396933,-0.0073114588515777769,0.19086575086292545,0.02958314684545028,-0.022131254813601783,0.033825063926473116,0.0011506014463803528,-0.00084772362814127227,0.0015135587989600144
11402267502,11.402267502000001,0.0091327311821313914,constant_radius_turn,0,33.600958495128118,7.4327013575504042,0,3.1698667176175968,3.2049626507680711,0,0.922822633175021,0,0,0.38522511301824625,0,0.81139560970528357,-9.8066499999999994,0,0,0.17999999999999999,0.027637134105017742,0.80116334571916514,-9.4076807301532615,-3.9161077253513496e-05,-0.011624527485470037,0.22134227912865545,0.029523272653777077,-0.022074817388428321,0.033877917645541586,0.0011539118800048336,-0.00084502571238899101,0.001517317040833513
11410290922,11.410290922000002,0.0080234204261121697,constant_radius_turn,0,33.626373086409508,7.4584344724278617,0,3.1652347561348448,3.209537277994142,0,0.92254421852737445,0,0,0.38589138998132105,0,0.81139560970528357,-9.8066499999999994,0,0,0.17999999999999999,-0.18318368806611476,0.90312647134369806,-9.5699805836676752,0.014104133695657658,0.00057753768561299101,0.15043312816795129,0.029565610813275071,-0.022089351824419134,0.033992142615815409,0.0011583885696979349,-0.00084873118347809418,0.0015199974386934548
11420252416,11.420252416,0.0099614941197293631,constant_radius_turn,0,33.657874864679577,7.4904345015911167,0,3.1594747493428921,3.2152075996026643,0,0.92219788288209703,0,0,0.3867183274785127,0,0.81139560970528357,-9.8066499999999994,0,0,0.17999999999999999,0.18547510534529782,1.2021708004953304,-10.119098759699025,-0.010322913447455026,-0.00072689970088313455,0.20565108703541959,0.029651018316349708,-0.022104989162489729,0.033988332616202224,0.0011651541212375708,-0.00084851266874841347,0.0015204626072059494
11431353689,11.431353689000002,0.011101273409413952,constant_radius_turn,0,33.692913361411485,7.5261624077136968,0,3.1530437241019951,3.221514531114066,0,0.92181104673390279,0,0,0.38763951568351057,0,0.81139560970528357,-9.8066499999999994,0,0,0.17999999999999999,-0.085323384666730312,0.91736084278885532,-9.7797081847103158,-0.0034187789336953792,-0.023730396149324356,0.1846461623079699,0.029722905764160871,-0.022163920203981013,0.03379528230140684,0.0011641034540030453,-0.00085429186110398214,0.0015163311734750766
11441456995,11.441456995000001,0.010103305794201607,constant_radius_turn,0,33.724739904244423,7.5587392939504889,0,3.1471798829639721,3.2272433104036224,0,0.92145818604484531,0,0,0.38847755581364435,0,0.81139560970528357,-9.8066499999999994,0,0,0.17999999999999999,-0.00095423706810371725,1.0051577020731992,-10.337374613980407,-0.00090405540533527876,0.0074361665262035817,0.20035658492595168,0.029684894158234859,-0.022299861135354926,0.033828078063476361,0.0011592470387344267,-0.00085558907394636457,0.0015141758929730436
11451729406,11.451729406,0.010272411208153146,constant_radius_turn,0,33.757038353337975,7.5919207247820237,0,3.1412072237133879,3.2330570328976393,0,0.92109863818841509,0,0,0.38932929343609274,0,0.81139560970528357,-9.8066499999999994,0,0,0.17999999999999999,-0.074423769861238998,0.88617686904033299,-9.9408267681248681,-0.015491891509796707,-0.0054701135043229961,0.15486832371864653,0.029600229094775016,-0.022365300854898743,0.033866206664991662,0.0011628862105960852,-0.00085536606103346917,0.001514349569479723
11463201375,11.463201375000001,0.011471968761554012,constant_radius_turn,0,33.793035851994951,7.6290474206837731,0,3.1345244160776167,3.2395365849595419,0,0.92069617369578771,0,0,0.39028009908517741,0,0.81139560970528357,-9.8066499999999994,0,0,0.17999999999999999,-0.5631298920473502,0.46618209328852611,-9.8833382100103524,0.01004976062433798,-0.0047015800077779661,0.16907314986157623,0.029561304974688514,-0.022449176431542775,0.033855125883546916,0.0011562124827717232,-0.00085439479370137217,0.0015166338311251245
11474670941,11.474670941000001,0.011469566259134442,constant_radius_turn,0,33.828949094417318,7.6662405720518336,0,3.1278296464546513,3.2460009708928657,0,0.92029281232658278,0,0,0.39123028970163992,0,0.81139560970528357,-9.8066499999999994,0,0,0.17999999999999999,-0.13617330507817718,0.77564721486438726,-9.4490550469206109,0.011682491136798978,0.028378799485871166,0.18893525182011026,0.029585666374917968,-0.022441623325245703,0.033914408506819718,0.0011564781570147279,-0.00085517324302153321,0.0015108099307459524
11484873297,11.484873297,0.010202355901966007,constant_radius_turn,0,33.860829890482528,7.6993867025578648,0,3.1218633412875492,3.2517395157981204,0,0.91993319206255342,0,0,0.39207514858965653,0,0.81139560970528357,-9.8066499999999994,0,0,0.17999999999999999,-0.24462264536010148,0.71324744365727821,-10.519037772858564,0.026623842708974985,0.0035483369069419716,0.17715283162603648,0.029658736221019496,-0.022317131992359938,0.033908549653399928,0.0011552479870565509,-0.00085624731493238104,0.0015123190439368058
11493545052,11.493545052,0.0086717549533376018,constant_radius_turn,0,33.887879900314587,7.7276061022124898,0,3.1167838483187711,3.2566085185568876,0,0.9196269137561931,0,0,0.39279299827677611,0,0.81139560970528357,-9.8066499999999994,0,0,0.17999999999999999,-0.11580931923814342,1.273069626400956,-9.7968973762294524,0.041045817131499615,0.0052162321104616671,0.16980923812173904,0.029681885924490475,-0.02241539482470585,0.033876600385354144,0.0011538117012908707,-0.0008594624508826619,0.0015128018346667732
11503313113,11.503313113000001,0.0097680614891189725,constant_radius_turn,0,33.918296847429779,7.7594435947929545,0,3.1110530981785485,3.2620835704487572,0,0.91928124407411438,0,0,0.39360131388696962,0,0.81139560970528357,-9.8066499999999994,0,0,0.17999999999999999,-0.78444872531761933,0.9227120948313805,-9.9286801809516856,0.036010700791638699,-0.0029206017328692723,0.17858234943728102,0.029729230832420128,-0.022528807185107479,0.033904668478672108,0.0011526823501102454,-0.00086279780875790917,0.0015160287230605275
11514257685,11.514257685,0.010944571709518326,constant_radius_turn,0,33.952310791151007,7.7951792064925884,0,3.1046206859932455,3.2682060822997201,0,0.91889309636921912,0,0,0.39450662534992864,0,0.81139560970528357,-9.8066499999999994,0,0,0.17999999999999999,0.159971695839977,1.3989517330682522,-10.101970679715761,0.0010965804257622744,-0.0034640960275569782,0.15672754527080873,0.029626132115296713,-0.022556476047752991,0.033900866257447773,0.0011511603743550572,-0.0008671185220123093,0.0015155377649694371
11523052640,11.523052640000001,0.0087949548226545458,constant_radius_turn,0,33.979593020746584,7.8239445264822143,0,3.0994429273141524,3.2731168846529655,0,0.91858053842267384,0,0,0.39523384778016007,0,0.81139560970528357,-9.8066499999999994,0,0,0.17999999999999999,-0.16663645497857088,1.3681294280106215,-10.304164681523654,-0.032479603267437714,-0.016183035782791854,0.19334311448431782,0.029498075229082658,-0.022601383275178289,0.03396792715162001,0.001162956638406406,-0.00086426085537112283,0.0015154356695484543
11533659526,11.533659526000001,0.010606886339000404,constant_radius_turn,0,34.012435287559505,7.858693457143489,0,3.0931881178959797,3.2790284944759454,0,0.9182028218842252,0,0,0.3961105627016856,0,0.81139560970528357,-9.8066499999999994,0,0,0.17999999999999999,0.054018857169835066,0.57303652331302568,-10.242866122867888,0.018610496068114071,-0.020390911523326505,0.20018462913635882,0.029326014065459521,-0.022667365674462168,0.033915337948747938,0.0011634298376603661,-0.00086162185332466139,0.0015188144882885566
11544590705,11.544590705000001,0.010931178930509256,constant_radius_turn,0,34.046212184434182,7.8945703342682414,0,3.0867302779310295,3.2851083378759194,0,0.9178126816052542,0,0,0.39701370440398209,0,0.81139560970528357,-9.8066499999999994,0,0,0.17999999999999999,0.011512574250473171,0.97753276007075585,-9.7197142215469814,0.017613173420304641,0.0017521247748402738,0.18468392118996838,0.029248337542426839,-0.022826115548975314,0.033877058667965886,0.0011627881206860628,-0.00086756612953704413,0.0015155125609157586
11554674575,11.554674575,0.010083869657999194,constant_radius_turn,0,34.077308280609337,7.9277251597796772,0,3.0807624077012021,3.2907056367249186,0,0.91745199457906235,0,0,0.39784650010135836,0,0.81139560970528357,-9.8066499999999994,0,0,0.17999999999999999,-0.14956877983251415,-0.1488463321780169,-9.6072573189663064,-0.00083819157138031552,-0.01676707155691002,0.17644550725328792,0.02930678818462587,-0.022718547226176496,0.033878815828584111,0.0011560389438190221,-0.00086531424719604917,0.0015183164755645684
11562766456,11.562766456,0.0080918805157144773,constant_radius_turn,0,34.102218036341888,7.954371297618291,0,3.0759661020425915,3.2951893935497791,0,0.91716201193656433,0,0,0.39851454661087776,0,0.81139560970528357,-9.8066499999999994,0,0,0.17999999999999999,-0.26894670789551378,0.48565622684620713,-9.6185879282680506,0.025555814702758486,0.0051461839134025692,0.20035984065980411,0.029310508558114051,-0.022808395349698436,0.033894988428781407,0.0011605570536083617,-0.00087075133366788825,0.0015174953296603645
11572877828,11.572877828000001,0.010111371509749228,constant_radius_turn,0,34.133289925641066,7.9877184579306295,0,3.0699636115301003,3.3007823351683037,0,0.91679897463920068,0,0,0.39934902040760079,0,0.81139560970528357,-9.8066499999999994,0,0,0.17999999999999999,-0.15335978132176109,0.72108124085249403,-10.490285512135921,-0.0065352145296160014,-0.0037252939924167956,0.19929897580357508,0.029272339085507929,-0.022800965277800411,0.03385336403611252,0.0011591993410894528,-0.0008724822927288899,0.001518473190963979
11581206842,11.581206842,0.0083290140152815009,constant_radius_turn,0,34.158839072716162,8.0152298721953894,0,3.0650115560352185,3.3053811825035591,0,0.916499360561847,0,0,0.40003615097854028,0,0.81139560970528357,-9.8066499999999994,0,0,0.17999999999999999,0.20334661181150704,0.68529368625578946,-9.9788078714167892,-0.0055808906886965935,0.020379825384778859,0.17152439647706594,0.029305973053741788,-0.02268226721507418,0.03378360653140066,0.0011660695682482243,-0.000871925589564242,0.0015117892021896072
11592312046,11.592312046,0.011105204423929281,constant_radius_turn,0,34.192839931204311,8.0519707887266492,0,3.0583981888584972,3.3115013390704102,0,0.91609907937483248,0,0,0.4009519631683881,0,0.81139560970528357,-9.8066499999999994,0,0,0.17999999999999999,-0.41719688285483264,0.80442514778218288,-9.5299050517930777,0.0048227144128158827,0.0052265356083698242,0.1982330572661882,0.029133935271939349,-0.022680979990474758,0.033742196890423404,0.0011685089685556885,-0.000879083817045346,0.0015130002471259309
11604170102,11.604170102000001,0.011858055882263836,constant_radius_turn,0,34.229064638797048,8.0912774165961885,0,3.0513229931571573,3.3180217889140664,0,0.91567065178108198,0,0,0.40192941851375935,0,0.81139560970528357,-9.8066499999999994,0,0,0.17999999999999999,-0.0061506005025486268,1.1108900247435656,-9.5301301989918947,-0.0053513302797720619,-0.013082622944128553,0.18901205102052024,0.029327532187651051,-0.022666678125360513,0.033650635057081095,0.0011675084122212602,-0.00087042258791083247,0.0015086596770469349
11612642582,11.612642582000001,0.0084724795076393331,constant_radius_turn,0,34.254895459349349,8.1194089848131927,0,3.0462593098970281,3.3226713375150028,0,0.91536390511773869,0,0,0.40262752167183452,0,0.81139560970528357,-9.8066499999999994,0,0,0.17999999999999999,-0.58184389956992355,0.52148067180505975,-9.5572824994030992,-0.025549983804807504,-0.020083314609809708,0.18129704910645003,0.029437441426822603,-0.02256539055342021,0.033689959839627692,0.001165098081891879,-0.00087478355501697635,0.0015170634649244359
11620958204,11.620958204000001,0.0083156217623188734,constant_radius_turn,0,34.280206306862631,8.1470580056908695,0,3.0412824852101723,3.3272272909183545,0,0.91506231995664589,0,0,0.40331247265062492,0,0.81139560970528357,-9.8066499999999994,0,0,0.17999999999999999,0.15384273581650068,0.71751503212248069,-9.5407016163215612,-0.0020277062838782176,0.013866806747146085,0.18959364208570573,0.029411158394201681,-0.022591039962085304,0.033581142315272317,0.0011667294737592398,-0.00087297092902416786,0.0015151028389529938
11630421536,11.630421536,0.0094633322370720439,constant_radius_turn,0,34.308960135396504,8.1785691526148927,0,3.0356104773929036,3.3324029813065055,0,0.91471848691525703,0,0,0.40409168476406793,0,0.81139560970528357,-9.8066499999999994,0,0,0.17999999999999999,0.039788010801618055,1.4090257802792152,-9.7370432529681423,7.840248408339163e-05,-0.0083997046744143308,0.20344180994918934,0.029406359839894893,-0.022561375925716023,0.03353355086128508,0.0011680987543663825,-0.00087462860685040371,0.0015150435574029987
11640336351,11.640336351,0.0099148151924080396,constant_radius_turn,0,34.339028145485351,8.2116361430205522,0,3.0296584175407317,3.3378152245597184,0,0.91435753829302413,0,0,0.40490775760254455,0,0.81139560970528357,-9.8066499999999994,0,0,0.17999999999999999,0.53195825480234371,0.97217192334841307,-9.9746929269084568,-0.02239098254610656,0.010618136862924168,0.18702630575169044,0.029467955552695019,-0.022500711864680115,0.033508707842960152,0.0011657711920960696,-0.00087800189498925079,0.0015215859237572254
11649256601,11.649256601000001,0.0089202502885472896,constant_radius_turn,0,34.36602953609178,8.2414319675721472,0,3.0242951679696159,3.3426754759135213,0,0.91403217459652331,0,0,0.40564169386584359,0,0.81139560970528357,-9.8066499999999994,0,0,0.17999999999999999,-0.33287798722534312,1.3541899955849339,-9.5185346281554555,-0.028637376173488684,-0.0094025378113574733,0.15992979412235819,0.02948799202447307,-0.022488898920181782,0.03347027822343894,0.0011683393217079624,-0.0008758045688446438,0.0015278984737057831
11660707035,11.660707035000001,0.01145043353904527,constant_radius_turn,0,34.400619546192274,8.2797426973256858,0,3.0173992341739293,3.3489016799369669,0,0.91361365972153286,0,0,0.40658342412133225,0,0.81139560970528357,-9.8066499999999994,0,0,0.17999999999999999,-0.061239851626696325,1.2445508374973349,-10.078950406903274,-0.0062110525997348476,-0.0010684315425009319,0.19091539217526327,0.029523552154437048,-0.022601307868161304,0.033363982009268579,0.0011630693739844175,-0.00087069214201860223,0.0015213909912755066
11672286349,11.672286349,0.011579313834872663,constant_radius_turn,0,34.435518508946075,8.318557050443367,0,3.0104126480846665,3.3551834955080957,0,0.91318944754613096,0,0,0.4075353148996933,0,0.81139560970528357,-9.8066499999999994,0,0,0.17999999999999999,0.094852309686771136,0.63471848117963559,-9.9175024280357373,-0.016883211214024092,-0.0058354033871657902,0.18285520662248159,0.029513309256860167,-0.022567337296809091,0.033496808404217086,0.0011654924438917996,-0.00087029079940493484,0.0015191385477269683
11681201800,11.6812018,0.0089154508370242053,constant_radius_turn,0,34.462333675749051,8.3484915401908122,0,3.0050244387741771,3.3600102265689604,0,0.91286215111577418,0,0,0.40826791823541769,0,0.81139560970528357,-9.8066499999999994,0,0,0.17999999999999999,0.45890959182972707,0.2124365626225545,-10.329065031613435,0.013495984955715698,0.028375181921148376,0.1951964393377926,0.029580612968419802,-0.022504150186853318,0.033373505079718896,0.0011710968042796875,-0.00087033406179780933,0.0015172267068891375
11690996439,11.690996439000001,0.0097946394493147321,constant_radius_turn,0,34.491737772982013,8.3814275491439059,0,2.9990959556276029,3.3653029654425186,0,0.91250190114684981,0,0,0.4090724635115211,0,0.81139560970528357,-9.8066499999999994,0,0,0.17999999999999999,-0.032232852978112417,1.3457520492268922,-9.777691727037805,-0.0092346635950124097,-0.026435750063863686,0.18036844013084793,0.029662470879517348,-0.022476805236600415,0.033365946336641604,0.0011688260573489721,-0.00087275530690202377,0.0015176705784586092
11701164589,11.701164589000001,0.010168150197764885,constant_radius_turn,0,34.522201690722781,8.4156743337213946,0,2.9929315326835173,3.3707864721674001,0,0.91212716318037101,0,0,0.40990735317694527,0,0.81139560970528357,-9.8066499999999994,0,0,0.17999999999999999,-0.033573851343697274,1.2434494463807351,-9.8221187605161937,-0.011508663728890719,0.01980190748985057,0.19751410150362825,0.02968629241826954,-0.022522826277906416,0.033348136918246819,0.0011687430250141692,-0.00087301127155939285,0.0015168887377344563
11711513227,11.711513227000001,0.010348637952189203,constant_radius_turn,0,34.553141939432699,8.4505861995973799,0,2.9866473950095016,3.3763557185464048,0,0.91174498916563018,0,0,0.41075670990425106,0,0.81139560970528357,-9.8066499999999994,0,0,0.17999999999999999,0.18601899947806555,0.98260372122405604,-9.8292751260604909,0.0081387504691121815,0.010141118914020551,0.17876291160215727,0.029520008229961189,-0.022378786364163926,0.033188796577402792,0.0011663202740926242,-0.00087009229421823912,0.0015140537869975995
11722196741,11.722196741000001,0.010683514078892131,constant_radius_turn,0,34.585015116258838,8.4866881900439921,0,2.9801490347273543,3.3820928921441045,0,0.91134961850783502,0,0,0.41163317753264694,0,0.81139560970528357,-9.8066499999999994,0,0,0.17999999999999999,0.39664514791839378,0.5558199885012719,-9.7934947694436438,0.0071578104629428894,-0.0030263943069985793,0.17651168741044354,0.029445609916219587,-0.022324166409749432,0.033215513881064675,0.0011588622848541026,-0.00086742747646732332,0.0015102726966920357
11731414992,11.731414992000001,0.0092182506005168904,constant_radius_turn,0,34.612460992238574,8.5178879401524892,0,2.9745330784197952,3.387033150954462,0,0.91100779650223662,0,0,0.41238913020609486,0,0.81139560970528357,-9.8066499999999994,0,0,0.17999999999999999,0.4035509259534143,0.50811052696647763,-9.9811474766991548,0.010213124292025729,0.030952072742687756,0.18395604781349684,0.029411348237417423,-0.0222997299876929,0.033379429130710458,0.0011548357050205859,-0.00086311555878892346,0.0015148757218836782
11740580942,11.740580942000001,0.0091659501430110847,constant_radius_turn,0,34.639699785154882,8.5489557874021163,0,2.9689408646467856,3.391936134792112,0,0.91066729212333464,0,0,0.41314051248546552,0,0.81139560970528357,-9.8066499999999994,0,0,0.17999999999999999,-0.046903961651500028,0.96958212646995756,-9.4073343212134102,0.0068761698298464898,0.011467318921121964,0.17841005951551087,0.029334187246351336,-0.022290298427582046,0.033466660945597977,0.0011503606928458653,-0.00086769605030976335,0.0015094655988953161
11748586651,11.748586651,0.0080057090412891298,constant_radius_turn,0,34.663448684096686,8.5761277525980883,0,2.9640499100654139,3.396210937341682,0,0.91036938232086917,0,0,0.41379655355345718,0,0.81139560970528357,-9.8066499999999994,0,0,0.17999999999999999,0.088605038043388276,0.87233962372335472,-9.7547911865432617,0.02074376138426403,-0.0080995910640702697,0.18589316728573843,0.029325756961519581,-0.022388344238132612,0.033473623768865694,0.0011496554382582141,-0.00087297500610917036,0.0015106730877994063
11760212816,11.760212816000001,0.01162616478522566,constant_radius_turn,0,34.697867863851734,8.615648675295736,0,2.9569361413848299,3.4024063919599969,0,0.90993590601440044,0,0,0.41474889625621936,0,0.81139560970528357,-9.8066499999999994,0,0,0.17999999999999999,0.038057384446673434,0.70863250120841903,-9.6465279820324472,-0.019073824172212334,-0.0055175570095869885,0.18392457982840041,0.029458346079372828,-0.022430746298918211,0.033413604584667321,0.0011551571655791608,-0.00087639199269732909,0.0015168755678657468
11771118944,11.771118944000001,0.01090612813832435,constant_radius_turn,0,34.730080134742927,8.6527873734041982,0,2.9502511735793582,3.4082046025835475,0,0.90952837032922651,0,0,0.41564184530225223,0,0.81139560970528357,-9.8066499999999994,0,0,0.17999999999999999,0.61366782530464603,0.75997339070152725,-9.7359033475651859,-0.0036000403465275936,0.015436398566198049,0.19211860636749706,0.029403120892195163,-0.022297818577826093,0.033559347975470707,0.001150827359071715,-0.00087172618145731529,0.0015083073211523575
11781034548,11.781034548000001,0.0099156037703019735,constant_radius_turn,0,34.759303474843016,8.6866078588574389,0,2.9441634845823486,3.413464805198668,0,0.9091570876245243,0,0,0.41645334675338247,0,0.81139560970528357,-9.8066499999999994,0,0,0.17999999999999999,-0.30850540602087034,0.22674370088269591,-9.5714788493689547,0.022326773709021142,-0.0057392119447038604,0.18052540514319559,0.029356294959463056,-0.022338518164699527,0.033619186578751466,0.0011496849202933452,-0.0008712380964537343,0.0015120952699959689
11789501428,11.789501428000001,0.0084668797478183819,constant_radius_turn,0,34.784209315138312,8.71552823361991,0,2.9389578161178367,3.4179478573199349,0,0.9088394782569813,0,0,0.41714602091063768,0,0.81139560970528357,-9.8066499999999994,0,0,0.17999999999999999,0.2350220315580609,0.7044016342217273,-9.9245852986568366,0.018745023178659868,0.030369097274615432,0.22550630493649387,0.029414148830543795,-0.022499902739468777,0.033638096566784507,0.0011580958864496904,-0.0008724893888052707,0.0015139386692776119
11797923182,11.797923182,0.0084217544085964779,constant_radius_turn,0,34.808938663962522,8.7443320948662553,0,2.9337731201009474,3.4223991409610899,0,0.9085230381023921,0,0,0.41783476307889872,0,0.81139560970528357,-9.8066499999999994,0,0,0.17999999999999999,0.64478364093186857,0.36494495273548061,-9.9268154978913277,0.0031858544638529527,0.008142317615058561,0.181770468437565,0.029296484823669051,-0.022434809926057279,0.03366395842370478,0.0011656380160886004,-0.00086718333549696332,0.0015121219179133471
11806125617,11.806125617000001,0.0082024351174964823,constant_radius_turn,0,34.832982011227742,8.7724218510306393,0,2.928716963073168,3.4267269442553392,0,0.90821433694458298,0,0,0.41850533827934816,0,0.81139560970528357,-9.8066499999999994,0,0,0.17999999999999999,-0.047855724736299406,0.77438854580458261,-9.797153334223502,0.0019262765041794668,-0.011041091026386797,0.17670333488223577,0.029259341598858297,-0.022384278651526236,0.033735007419001262,0.0011676162468305035,-0.0008638346206994974,0.0015101896476570611
11817038774,11.817038774,0.010913157343956951,constant_radius_turn,0,34.864906799284654,8.8098496173843746,0,2.9219799629640399,3.4324734079544914,0,0.90780284962546998,0,0,0.41939717000937954,0,0.81139560970528357,-9.8066499999999994,0,0,0.17999999999999999,0.39889062180816764,0.8255057788182103,-9.2843491311919628,-0.025882921217707765,-0.0059236442585975544,0.18508490298868494,0.029171981250506025,-0.022403120934110926,0.033730210225372141,0.0011623564577911772,-0.00086143505404248383,0.0015096975769066825
11828322322,11.828322322,0.011283547756347767,constant_radius_turn,0,34.897837734211095,8.8486135370225938,0,2.9150024550316078,3.4384009782801299,0,0.90737647567980451,0,0,0.42031884490574201,0,0.81139560970528357,-9.8066499999999994,0,0,0.17999999999999999,0.16180621290832481,0.87961476452173148,-9.730019976696509,-0.00096246446466820312,-0.010773296346283179,0.17278170584966707,0.029092492474645269,-0.022194773804176803,0.033791183914794208,0.0011587111347499161,-0.00085991587731745224,0.0015123496487082853
11837283530,11.837283530000001,0.0089612082964626843,constant_radius_turn,0,34.923934811081352,8.8794468119233283,0,2.9094524643465443,3.4430984531357618,0,0.90703718978735959,0,0,0.42105051519105097,0,0.81139560970528357,-9.8066499999999994,0,0,0.17999999999999999,0.47082129997154082,0.27565060747190151,-9.5135608946753898,0.016558148315266304,0.0070703743545040779,0.18238928825849884,0.02906738025099442,-0.022271701113491266,0.033859044094548402,0.0011528726499161071,-0.00085376582643260012,0.0015103166056125307
11845733717,11.845733717,0.0084501865341836419,constant_radius_turn,0,34.948498085801724,8.9085603168960823,0,2.9042120324414422,3.4475198434382368,0,0.90671671152410072,0,0,0.42174021036998677,0,0.81139560970528357,-9.8066499999999994,0,0,0.17999999999999999,-0.45043749022970475,0.57356839846135199,-10.026527371638124,0.010054748239283576,-0.00054840654458411758,0.16882541045831786,0.028954440833598664,-0.022208545303614775,0.033865121670083514,0.001154991913926843,-0.00085627728821417921,0.0015148589283036525
11855768559,11.855768559000001,0.010034841726830996,constant_radius_turn,0,34.977610125863485,8.9431819250101121,0,2.8979801412872033,3.4527600120748412,0,0.90633545312877983,0,0,0.42255892654380101,0,0.81139560970528357,-9.8066499999999994,0,0,0.17999999999999999,-0.27148452272920104,0.51458038839652187,-9.9476418966139004,0.00024779493252210757,-0.016236853448709232,0.1860073031939124,0.028774296274284059,-0.022150511711928646,0.033763163260037025,0.0011549541218818474,-0.00085569306594442487,0.0015122282250973028
11864501550,11.86450155,0.0087329913691423407,constant_radius_turn,0,35.002894446528863,8.9733547210992946,0,2.8925490368731683,3.4573111907322089,0,0.90600305490844246,0,0,0.42327114772515484,0,0.81139560970528357,-9.8066499999999994,0,0,0.17999999999999999,0.039374950505220288,1.2211550262949318,-9.6510930783114013,0.013974550702580031,0.01233896754341929,0.18838551081658611,0.028883455624773711,-0.022119382223911268,0.033733817632673142,0.0011560070138659042,-0.00085021350031505897,0.0015128077327289382
11874005909,11.874005909000001,0.0095043590681782482,constant_radius_turn,0,35.030358143305371,9.0062377403102367,0,2.8866300919720915,3.4622546573583017,0,0.90564066060579762,0,0,0.4240459808293135,0,0.81139560970528357,-9.8066499999999994,0,0,0.17999999999999999,-0.5291173625763228,0.71043411932159195,-10.556541942103532,0.0011534558108674334,-0.020040618732961934,0.1624378222964406,0.02894580434995905,-0.022161110447787079,0.033767520168003023,0.0011551946849248833,-0.00085027971752312675,0.0015178806707430395
11882208294,11.882208294000002,0.008202384602433355,constant_radius_turn,0,35.054014416259164,9.0346539480126271,0,2.8815151736568034,3.4665127872638317,0,0.90532737692475496,0,0,0.42471442239526402,0,0.81139560970528357,-9.8066499999999994,0,0,0.17999999999999999,-0.14948775155878771,0.6111355383153525,-9.8933151821027483,-0.011735037041559248,0.0041199444095051914,0.18406626156307695,0.028952514806435934,-0.022254982926250205,0.03370502689979727,0.0011570404040686635,-0.00084544179198303249,0.0015170432375933149
11891895550,11.891895550000001,0.0096872561011143599,constant_radius_turn,0,35.081899092803809,9.0682592565101512,0,2.8754662165951426,3.4715320303142918,0,0.90495674432529949,0,0,0.42550357331067684,0,0.81139560970528357,-9.8066499999999994,0,0,0.17999999999999999,-0.34977167074176435,0.71365946144322423,-9.5443558967809583,0.0069600965477626658,0.0077935871590809423,0.19433813944134157,0.028891860142136048,-0.022335041392619683,0.033663694891343798,0.0011509216019052254,-0.00084753321989528138,0.0015110552159740441
11901234383,11.901234383,0.0093388333286153254,constant_radius_turn,0,35.10872532468462,9.1007018628579264,0,2.8696265460779116,3.4763607531904701,0,0.90459879109662555,0,0,0.42626403454493272,0,0.81139560970528357,-9.8066499999999994,0,0,0.17999999999999999,0.18120724487225384,1.0497213336269129,-9.6210863359325494,-0.015495354183302249,0.0090884098254054649,0.16348736935632532,0.028891142985684619,-0.022279595567123903,0.033791125036622884,0.0011532395606784849,-0.00084899660809235932,0.0015118705268308253
11911595031,11.911595031000001,0.010360647525003618,constant_radius_turn,0,35.138422903346232,9.1367469030565687,0,2.863138436962454,3.4817063188997213,0,0.90420092446237532,0,0,0.42710734973936693,0,0.81139560970528357,-9.8066499999999994,0,0,0.17999999999999999,0.093937778093780872,0.067605713191045025,-9.395320663596328,0.024128864908806998,-0.028267498882957431,0.18512721448317215,0.028885900923168457,-0.022255677312366794,0.033864919929184938,0.0011591482707636301,-0.00084324119133830035,0.00151024607107462
11920898899,11.920898899000001,0.0093038675998823629,constant_radius_turn,0,35.16503402111924,9.16916252044558,0,2.8573036244692043,3.4864963212189397,0,0.90384296999216573,0,0,0.42786433082899189,0,0.81139560970528357,-9.8066499999999994,0,0,0.17999999999999999,-0.29812650023041443,0.60027850376206526,-10.228729007235071,0.010458839140468813,-0.010659412240193197,0.17276386592579143,0.028811564507951661,-0.022079421965132042,0.033940738949849128,0.0011608938784356589,-0.00085035367993046868,0.0015078947077203772
11930755010,11.93075501,0.0098561105959639236,constant_radius_turn,0,35.193165417543085,9.2035507677436499,0,2.8511137383326211,3.491559973904077,0,0.90346307740927378,0,0,0.42866591625433054,0,0.81139560970528357,-9.8066499999999994,0,0,0.17999999999999999,-0.62337374407397106,1.0747529463896108,-9.924425507111593,-0.019999206666117462,0.02521916016369052,0.20283349686878616,0.028751618763077108,-0.022086600041507486,0.033845528992149654,0.0011613241815056046,-0.00084845795858037604,0.0015075048347634016
11939824999,11.939824999000001,0.0090699892378987637,constant_radius_turn,0,35.218999120349494,9.2352402671640448,0,2.8454096271704046,3.4962100414425952,0,0.90311285686726483,0,0,0.42940326938793483,0,0.81139560970528357,-9.8066499999999994,0,0,0.17999999999999999,0.47997355164266736,0.81350643943595813,-9.7143713593209817,-0.0037289088688259426,-0.021418829172912997,0.17708459569124446,0.028731354603523957,-0.022117725443764447,0.034021035492653305,0.0011621656393812608,-0.00085070754836755224,0.0015127666135994304
11950327970,11.95032797,0.010502971141164316,constant_radius_turn,0,35.248849638080848,9.2719890770667419,0,2.8387948394185041,3.5015831362355119,0,0.90270655253515064,0,0,0.43025676056292633,0,0.81139560970528357,-9.8066499999999994,0,0,0.17999999999999999,0.29807041193153289,1.0239799717339106,-9.5988539157330024,-0.023454509468658086,-0.0079504512439178381,0.21854974907630237,0.02872214440959182,-0.022137063900319817,0.033910106167538055,0.0011607283172474026,-0.00084857972362534098,0.0015102831172793712
11958777346,11.958777346000002,0.0084493764716764268,constant_radius_turn,0,35.272813171900566,9.3015934941596345,0,2.8334660433149299,3.505896573154903,0,0.90237910543897393,0,0,0.43094309376895357,0,0.81139560970528357,-9.8066499999999994,0,0,0.17999999999999999,-0.44700142063964854,0.5675168859880424,-9.1809327487819647,0.015043605710096742,0.0036751822908514453,0.17732364299307624,0.028658583902427849,-0.022062291256479197,0.033861513760666477,0.0011594669252786038,-0.00084874875672458824,0.001512038989431713
11969920968,11.969920968,0.011143621645249258,constant_radius_turn,0,35.304349030994523,9.3406935072455433,0,2.8264280386006702,3.5115730296962386,0,0.90194644766685483,0,0,0.43184789630278569,0,0.81139560970528357,-9.8066499999999994,0,0,0.17999999999999999,0.055879062486842324,0.40211265643200428,-10.529372568420271,0.0012525609959555589,0.0077725513947100224,0.1788551525150974,0.02862295184765087,-0.022095712301031974,0.033843598618835367,0.0011594938888992929,-0.00084547868541079299,0.0015060263783306278
11978710352,11.978710352,0.0087893840957022906,constant_radius_turn,0,35.329167161861193,9.3715777036374224,0,2.82086888209095,3.5160402941844975,0,0.9016045545724839,0,0,0.4325612409522529,0,0.81139560970528357,-9.8066499999999994,0,0,0.17999999999999999,-0.1911811323486983,0.8423467507234339,-9.9212790099840849,-0.0016348174369000819,-0.0026258910563648164,0.17069729004765011,0.028724279338084285,-0.022122124297511352,0.033793510467270325,0.0011564008885466535,-0.00084646601278662043,0.0015081823862275474
11988222903,11.988222903,0.0095125514038503084,constant_radius_turn,0,35.355972167896596,9.4050471662420758,0,2.8148443773507141,3.5208651964503161,0,0.90123389570504764,0,0,0.43333297270378979,0,0.81139560970528357,-9.8066499999999994,0,0,0.17999999999999999,-0.42050950699709344,0.24677083944720846,-9.5741852502056002,-0.020574542240102481,-0.014238126860122194,0.19282623853911876,0.028695313503470234,-0.022089184515207926,0.033763442800051204,0.0011558898322530584,-0.0008480140599135584,0.0015083964319038414
11999994636,11.999994636,0.011771732921548365,constant_radius_turn,0,35.3890638160169,9.4465289101510734,0,2.8073776606546108,3.5268216953420679,0,0.90077429279549792,0,0,0.43428754695336425,0,0.81139560970528357,-9.8066499999999994,0,0,0.17999999999999999,-0.15235938072421759,0.84624691083285986,-10.345347055725007,0.010941165991082569,0.0097852061400592206,0.18060905135218788,0.0288547000034018,-0.022160600803992458,0.033662478463684177,0.0011559403383886229,-0.00084685657310110585,0.0015097782004047247
12011910419,12.011910419000001,0.01191578293798376,constant_radius_turn,0,35.422470812099007,9.4885895783006049,0,2.7998067374865276,3.5328349569436583,0,0.90030803604823084,0,0,0.43525330581970029,0,0.81139560970528357,-9.8066499999999994,0,0,0.17999999999999999,-0.35088503508571134,0.82202410970683037,-9.7848469618208078,-0.0047857196421669853,0.0023934003871294053,0.16113195974430139,0.028794701717303826,-0.021983664893473774,0.033465268968083411,0.0011535376164608104,-0.00084578626104510704,0.0015084604990760382
12023685159,12.023685159000001,0.011774740391719361,decelerate,0,35.455373224552147,9.5301062984820017,0,2.7888366395301518,3.5189927352565387,0,0.90030803604823084,0,0,0.43525330581970029,-1.5,0,-9.8066499999999994,0,0,0,-1.7459682863412294,0.29421013557246917,-9.502434694334351,0.024002717703582654,0.00099768930615338168,0.018166999161492878,0.028558836941610558,-0.021981529394238482,0.033441414812354728,0.0011542342949980887,-0.0008372656368312787,0.0015153279383139022
12034872272,12.034872272000001,0.011187112769531092,decelerate,0,35.486513954984567,9.5694001038662826,0,2.7784140128863335,3.5058413204615624,0,0.90030803604823084,0,0,0.43525330581970029,-1.5,0,-9.8066499999999994,0,0,0,-1.2321158272925432,0.077384896436356237,-9.944797453806574,-0.0053267681171177781,0.0070097789018751747,-0.015636857331582505,0.028601587276002462,-0.021958030512140209,0.033327837291315512,0.0011566928020682343,-0.00083437714390423691,0.0015189347387681192
12046438185,12.046438185000001,0.011565913109432814,decelerate,0,35.518586535553247,9.6098697306713614,0,2.7676384717241147,3.4922445932345805,0,0.90030803604823084,0,0,0.43525330581970029,-1.5,0,-9.8066499999999994,0,0,0,-1.3217262338608797,-0.056257533620794373,-9.484435595336528,-0.0094651124149968385,0.002649898793064806,-0.016723662367548395,0.028415664132711627,-0.021929406262575144,0.033420188054926851,0.001157623395295695,-0.00083551251363328386,0.0015177768870763911
12058176105,12.058176105000001,0.011737920319323731,decelerate,0,35.551008673667553,9.6507804340336563,0,2.7567026776918597,3.4784456567144937,0,0.90030803604823084,0,0,0.43525330581970029,-1.5,0,-9.8066499999999994,0,0,0,-1.2967740125749763,0.09861579650001967,-10.062169264330938,0.00047593938898145174,-0.00061632727495884113,-0.019783429606247124,0.028352964968608872,-0.021936696745991333,0.033471439684309545,0.0011510728264719152,-0.00083281611901846132,0.0015179652368374848
12066757570,12.06675757,0.0085814654157376092,decelerate,0,35.574630917779537,9.680587309145043,0,2.7487076380486846,3.4683574048521826,0,0.90030803604823084,0,0,0.43525330581970029,-1.5,0,-9.8066499999999994,0,0,0,-1.5488324590824669,0.00041151403026100722,-10.412661662890157,0.030927638405875486,0.0090435412798012208,-0.032865235304345007,0.028270111624432402,-0.021899803644833012,0.033628351759107833,0.0011545111108774717,-0.000830073578552752,0.0015210901947305877
12076487742,12.076487742000001,0.0097301720561163291,decelerate,0,35.601332212818825,9.7142793734034267,0,2.7396423901504754,3.4569187493766611,0,0.90030803604823084,0,0,0.43525330581970029,-1.5,0,-9.8066499999999994,0,0,0,-1.64320717769711,-0.35627544311127485,-9.756595082223372,-0.0096846332604505862,-0.015992417057812978,-0.0060602322420590998,0.028362029253358251,-0.021884728143002331,0.033613464147427392,0.0011563476664953971,-0.00083317155958760624,0.0015182519559482578
12086957850,12.086957850000001,0.010470108070876715,decelerate,0,35.62996549875956,9.7504092505657329,0,2.7298877707422946,3.4446102353726409,0,0.90030803604823084,0,0,0.43525330581970029,-1.5,0,-9.8066499999999994,0,0,0,-1.4677646366888211,-0.25975399484538547,-9.6046688293363935,0.00930397681065139,0.0038178336528701309,-0.0044151477836731449,0.028303516417100341,-0.02190122429683759,0.033692020997940005,0.0011578565286321455,-0.00082730020020931419,0.0015170122797010372
12097212576,12.097212576,0.010254725858800858,decelerate,0,35.657910762875922,9.7856709722515411,0,2.7203338151182757,3.4325549217134119,0,0.90030803604823084,0,0,0.43525330581970029,-1.5,0,-9.8066499999999994,0,0,0,-1.1637025067513205,-0.050387950243514494,-9.1701034177005418,0.01048772263726141,-0.01353079968193692,-0.0057703700585862595,0.02848517805202444,-0.022048756295927969,0.03375935259714985,0.00115556661590165,-0.00083248977264216645,0.0015217552102414207
12108348056,12.108348056000001,0.011135479688208435,decelerate,0,35.688145222179941,9.8238212321617748,0,2.7099592931409764,3.4194642060535569,0,0.90030803604823084,0,0,0.43525330581970029,-1.5,0,-9.8066499999999994,0,0,0,-2.1133977993991202,0.26474587429515906,-9.7773296761786153,0.0064813665585647315,0.014181826342890171,-0.01002921351421705,0.02852584739938914,-0.021826134939892054,0.033757803524876666,0.0011486084971858296,-0.00083613575616974347,0.0015229687484223662
12120117788,12.120117788,0.011769731652460206,decelerate,0,35.719976185756224,9.8639859832961445,0,2.6989938616450475,3.405627872570923,0,0.90030803604823084,0,0,0.43525330581970029,-1.5,0,-9.8066499999999994,0,0,0,-1.1274861166426011,-0.28929227168934391,-9.3533993822144232,-0.00088980622232834815,0.019456113807028379,0.0049143450193730202,0.028528427659017048,-0.021741010207765504,0.033704604398703965,0.0011487988980152669,-0.00083769699059989624,0.0015228338831859438
12131568327,12.131568327,0.011450539368273041,decelerate,0,35.750820043751091,9.902905190922981,0,2.6883258100070142,3.3921667771157566,0,0.90030803604823084,0,0,0.43525330581970029,-1.5,0,-9.8066499999999994,0,0,0,-1.637112870596052,0.29018467620574634,-9.1833695218868243,0.0045316406801399357,0.0063176291175995776,0.023009982367668855,0.02850567275360321,-0.021634134794754196,0.033755216031104915,0.0011529221758062006,-0.00083189357189025715,0.0015224849076141266
12140592642,12.140592642000001,0.0090243150948484518,decelerate,0,35.77504240640237,9.9334693039270885,0,2.6799181834024131,3.3815579173055506,0,0.90030803604823084,0,0,0.43525330581970029,-1.5,0,-9.8066499999999994,0,0,0,-1.4450586698155929,0.58388923515399371,-9.8750945865003423,0.0027957698765746202,0.010781283708227689,-0.0094744911988967478,0.02850657897746791,-0.021750351191994057,0.033775898662173488,0.0011548310435402131,-0.00082479737294149761,0.001527644087060621
12149821672,12.149821672000002,0.0092290297405694839,decelerate,0,35.799735773797025,9.9646277372462357,0,2.6713198315977689,3.3707083977937806,0,0.90030803604823084,0,0,0.43525330581970029,-1.5,0,-9.8066499999999994,0,0,0,-1.1858938618223602,-0.48640007822621145,-9.6725442289030443,0.011214155623500985,0.0057085123431811855,0.011034767565214747,0.028500598986292033,-0.021708236508280559,0.033831168949908987,0.0011624280081274755,-0.00082927283675805947,0.0015278067203016276
12158804863,12.158804863,0.0089831910881676934,decelerate,0,35.823695158733521,9.9948600213240013,0,2.6629505187365408,3.3601478827961313,0,0.90030803604823084,0,0,0.43525330581970029,-1.5,0,-9.8066499999999994,0,0,0,-2.0314136230531483,-0.10344365155359414,-9.7146231036609993,-0.020789025312427285,0.00018405745275001657,0.0025809944450615636,0.028542839693773157,-0.021712501278394462,0.033865750927380742,0.0011673003830832327,-0.00082966360734167176,0.0015381883246824921
12169678956,12.169678956,0.01087409292424609,decelerate,0,35.852597247423233,10.031329077521562,0,2.65281952131348,3.3473644497949575,0,0.90030803604823084,0,0,0.43525330581970029,-1.5,0,-9.8066499999999994,0,0,0,-1.7928753431210109,-0.464941217158297,-9.5898015994477106,0.027552450407687359,-0.014731297888026079,-0.00085755294195420922,0.028581829327073677,-0.021752765684173666,0.03385845641449977,0.0011668444641252179,-0.00082881526852841998,0.0015434261612907035
12178658628,12.178658628000001,0.008979671570794193,decelerate,0,35.876381133343038,10.061339914507,0,2.6444534874587573,3.3368080722931759,0,0.90030803604823084,0,0,0.43525330581970029,-1.5,0,-9.8066499999999994,0,0,0,-1.5400042055597256,-0.33196386247830195,-9.2265039705573137,-0.0029314050704625462,0.0087417745993491787,0.0030254533251063758,0.028474389657620225,-0.021651987615050283,0.033901622093233927,0.0011616183730127391,-0.00082830658721168662,0.0015429655408951545
12187472544,12.187472544,0.0088139155242549037,decelerate,0,35.899652934793075,10.090704596209118,0,2.6362418824922225,3.3264465553034603,0,0.90030803604823084,0,0,0.43525330581970029,-1.5,0,-9.8066499999999994,0,0,0,-1.7937637661227031,0.37734258722561409,-9.7594976151280335,-0.019893280652032261,0.012051436956148978,-0.0030706633032295308,0.028410759303932286,-0.021598623248457547,0.034018828833639977,0.0011578732863599273,-0.00082858384320446939,0.0015438739000384872
12195906973,12.195906973000001,0.008434428863582354,decelerate,0,35.921854990331951,10.118719457689936,0,2.6283838314642223,3.3165311575749414,0,0.90030803604823084,0,0,0.43525330581970029,-1.5,0,-9.8066499999999994,0,0,0,-1.8781398599890184,0.34763720936030412,-9.5084052077592141,0.016879110328065699,-0.01655951508595874,-0.0093962155538259914,0.028413492152796902,-0.021605177525791931,0.03403795462131725,0.0011592940934062326,-0.00083643437717904879,0.0015395411590634039
12206020903,12.206020903000001,0.010113930097093434,decelerate,0,35.948390629995878,10.152202495699107,0,2.6189610501375888,3.3046413614627101,0,0.90030803604823084,0,0,0.43525330581970029,-1.5,0,-9.8066499999999994,0,0,0,-1.208147751965406,-0.043004750626501421,-9.6916988127662105,0.011381902128432094,-0.017413948863459334,-0.0036076912553073695,0.028431229218973876,-0.021623592097618459,0.034104635161672302,0.0011568237276892092,-0.00083982862587267458,0.0015395699694726089
12217929738,12.217929738,0.011908834503880498,decelerate,0,35.979513339284544,10.191473561754369,0,2.6078660215673013,3.2906415005949605,0,0.90030803604823084,0,0,0.43525330581970029,-1.5,0,-9.8066499999999994,0,0,0,-1.3093120206387299,0.21134693235019791,-9.9668921804945612,-0.012121838229143835,0.0042526022284606847,-0.0066052972184299013,0.028450418908115369,-0.021624070731693867,0.034040763556327319,0.0011582520981818232,-0.0008390760052697779,0.0015381049817292404
12227785508,12.227785508,0.0098557703609827105,decelerate,0,36.005170618786195,10.223848272733484,0,2.5986837582902647,3.2790551934921717,0,0.90030803604823084,0,0,0.43525330581970029,-1.5,0,-9.8066499999999994,0,0,0,-1.4082788192206768,0.37469267090107133,-9.5458871891220518,0.03030042848088366,0.013351432240617885,0.021001594783361374,0.028389174460250521,-0.02166282257758477,0.034071443847992024,0.0011601614650620555,-0.00082790084111433238,0.0015422607755589735
12237418157,12.237418157,0.0096326485476025264,decelerate,0,36.03015960254961,10.255379718885063,0,2.5897093695028177,3.2677311853022499,0,0.90030803604823084,0,0,0.43525330581970029,-1.5,0,-9.8066499999999994,0,0,0,-1.458284032961727,-0.10217014080340095,-9.4610387724428087,-0.01358286437907226,0.021707141767628238,-0.046509225587474515,0.028258262525244947,-0.021761093277854866,0.033922348221961801,0.0011583797008807119,-0.00082480435315684898,0.0015398998753933964
12248605738,12.248605738,0.011187581333226717,decelerate,0,36.05907388231676,10.291864157953153,0,2.5792863063152227,3.2545792196702843,0,0.90030803604823084,0,0,0.43525330581970029,-1.5,0,-9.8066499999999994,0,0,0,-1.2819846409233751,-0.19341460500571073,-10.115546753030243,0.0064622105354608262,0.018085302671593445,-0.013315512181809205,0.028225914202525532,-0.021656754640106211,0.033953624668587173,0.001158621300123895,-0.0008258388633505155,0.0015430168026959062
12258527114,12.258527114000001,0.0099213760891287868,decelerate,0,36.084618098250061,10.324096203754257,0,2.5700429205641169,3.242915787382334,0,0.90030803604823084,0,0,0.43525330581970029,-1.5,0,-9.8066499999999994,0,0,0,-0.7814217046970432,0.18163320450795567,-9.918292140420343,0.01266292206078988,-0.0044294819723662117,-0.015467464331890541,0.028074975573465746,-0.021676044119401158,0.0340606546719412,0.0011610306712979766,-0.00083128914921180993,0.0015393822463347277
12268378808,12.268378808000001,0.0098516938151172254,decelerate,0,36.109892162480222,10.355987368391034,0,2.5608644552567998,3.2313342726103911,0,0.90030803604823084,0,0,0.43525330581970029,-1.5,0,-9.8066499999999994,0,0,0,-0.91565063262681345,0.24650062634266931,-9.5581740504431405,-0.0095052326694769242,0.0058747316852682686,-0.0025604817560442184,0.028018288423848171,-0.021720783850748968,0.0341030307358237,0.0011681617780562943,-0.00082778530718917258,0.0015449662990075612
12277648454,12.277648454000001,0.0092696455617559161,decelerate,0,36.133590441092309,10.385890184888769,0,2.5522282631667501,3.2204370057018914,0,0.90030803604823084,0,0,0.43525330581970029,-1.5,0,-9.8066499999999994,0,0,0,-0.99747718264681562,0.55796378073753738,-9.2818498192071086,0.020594454419289063,0.037303118738008484,0.0077134858735057547,0.028037000181032067,-0.021652755180292881,0.034104551907816215,0.0011716123167872386,-0.00082878850302379873,0.0015447449625797744
12286533580,12.28653358,0.0088851260998068522,decelerate,0,36.156230535734466,10.414457770182933,0,2.5439503138933905,3.2099917745460491,0,0.90030803604823084,0,0,0.43525330581970029,-1.5,0,-9.8066499999999994,0,0,0,-1.3355569042010413,0.61813240964690308,-9.6200797543702787,-0.030971818537537523,0.0046916079197616787,-0.0052356563365508965,0.028093088216269099,-0.021565691536181694,0.034174713827454635,0.0011645470387737613,-0.00082810174962767106,0.0015508972881240551
12296950615,12.296950615,0.010417035466138399,decelerate,0,36.182680406809638,10.447832584197746,0,2.534245140303411,3.1977456519609357,0,0.90030803604823084,0,0,0.43525330581970029,-1.5,0,-9.8066499999999994,0,0,0,-1.554705995461934,0.035831796084758984,-9.719382596768888,0.012374657618634332,0.012728024979517269,-0.0090348811172405365,0.028180716031987688,-0.021561886207947648,0.034180443661744032,0.0011682069741830944,-0.00082657460452734437,0.0015543270190555435
12306737591,12.306737591000001,0.009786975951924343,decelerate,0,36.207438383398689,10.47907254229411,0,2.5251269702786341,3.1862402186124159,0,0.90030803604823084,0,0,0.43525330581970029,-1.5,0,-9.8066499999999994,0,0,0,-1.3793818943541181,-0.59876673340099251,-9.4993221812026682,0.015504170719570918,-0.00091616550777441153,0.015939057954327023,0.028232462321558439,-0.021479240421999793,0.034354701148484046,0.0011655726408587072,-0.00083049142617588998,0.0015521981611750424
12317345847,12.317345847,0.010608255589413243,decelerate,0,36.234173153268685,10.51280684555797,0,2.5152436438450438,3.1737693002993836,0,0.90030803604823084,0,0,0.43525330581970029,-1.5,0,-9.8066499999999994,0,0,0,-1.4990122094716753,-0.60809029865122621,-9.5738364070329052,0.0075784165415453929,-0.010804725103437824,0.021117154280800562,0.028402886318038473,-0.021462543140038145,0.034341058773861489,0.001167709616508357,-0.00082219714677095508,0.0015528961430532767
12327456598,12.327456598000001,0.010110750836655335,decelerate,0,36.259556534322023,10.544835947677766,0,2.5058238245198869,3.1618832416816796,0,0.90030803604823084,0,0,0.43525330581970029,-1.5,0,-9.8066499999999994,0,0,0,-0.97121070553822442,-0.020500621122511265,-9.5305226628078756,0.016463379204532995,0.0019636618913352949,-0.0073657895356683441,0.028397758410974729,-0.021450422689201078,0.034433288650561451,0.0011642423559378927,-0.00083063758171452568,0.0015442520203645927
12335528646,12.335528646,0.0080720479046923095,decelerate,0,36.279753311623118,10.57032052127764,0,2.4983033906693621,3.1523938539883098,0,0.90030803604823084,0,0,0.43525330581970029,-1.5,0,-9.8066499999999994,0,0,0,-1.9332873791524248,-0.07062121294427029,-10.205175352398854,-0.020768766839776621,-0.0065833098677707024,-0.0036860267363798402,0.028444580654653703,-0.021337603421221554,0.034601393817405492,0.001163153261089774,-0.00082828747193415802,0.00154192591963229
12344994667,12.344994667,0.0094660207426491508,decelerate,0,36.303360562223034,10.600108477367629,0,2.4894842429557547,3.1412657311375694,0,0.90030803604823084,0,0,0.43525330581970029,-1.5,0,-9.8066499999999994,0,0,0,-0.92222089840679355,-0.64085779636504936,-9.7302775659484801,-0.0036563106752324245,-0.024503570362637419,0.020496892040664093,0.028412906486004811,-0.021199235158455974,0.034607329639584343,0.0011728613799359112,-0.00082914483584323282,0.0015449534097159089
12354606852,12.354606852000002,0.0096121849217454276,decelerate,0,36.327246905012998,10.630248595852265,0,2.4805289193852658,3.1299657797027192,0,0.90030803604823084,0,0,0.43525330581970029,-1.5,0,-9.8066499999999994,0,0,0,-1.6382538963415019,-0.65289400491317395,-9.7785926781557517,0.025469169312750457,-0.013141497622669257,0.025343468483175178,0.028261854691914303,-0.021194004448309149,0.034593512836838182,0.001171210384629614,-0.00082836785630998331,0.001553033501170472
12363445775,12.363445775000001,0.0088389230993532776,decelerate,0,36.349135715537265,10.657868200430933,0,2.4722940157693043,3.1195748641541519,0,0.90030803604823084,0,0,0.43525330581970029,-1.5,0,-9.8066499999999994,0,0,0,-1.2767136325919879,0.028719134468748138,-10.125829700830236,-0.0063982167637241637,-0.029481101994101023,0.013095122296910924,0.028261393589291126,-0.021286221268705996,0.03448873864047422,0.0011712376480981807,-0.00083019489758649539,0.0015516107148100405
12375413915,12.375413915000001,0.011968139796147461,decelerate,0,36.378657751873348,10.695119515163423,0,2.4611437346122202,3.1055052848063793,0,0.90030803604823084,0,0,0.43525330581970029,-1.5,0,-9.8066499999999994,0,0,0,-1.2089895264591772,0.15522039736191781,-9.8546585733679972,-0.0056942249655259868,0.009176686047740492,-0.0095262105772551901,0.02824543874400089,-0.021284131539253123,0.034462679607049247,0.0011668329919635868,-0.00083641628253435386,0.0015541500387910253
12385253005,12.385253005000001,0.0098390901053296703,decelerate,0,36.402828070734131,10.725617958591164,0,2.4519770117235371,3.0939385867810616,0,0.90030803604823084,0,0,0.43525330581970029,-1.5,0,-9.8066499999999994,0,0,0,-1.4575387574093654,0.223589453803719,-10.090395037350474,-0.0027474280275272224,-0.022138154994909124,0.014779654414653015,0.028190357314219285,-0.021346152912655351,0.034425373240396399,0.0011680904290041561,-0.00083147967825067924,0.0015423060320099906
12397178517,12.397178517,0.011925511576152754,decelerate,0,36.432002901380216,10.762431164370479,0,2.4408664457307365,3.0799191205781793,0,0.90030803604823084,0,0,0.43525330581970029,-1.5,0,-9.8066499999999994,0,0,0,-1.4904035817013688,-0.23220981900698945,-9.971874030410607,-0.0010025185589369698,0.018215097586092799,-0.0090163467729011317,0.028038718091777819,-0.021314205884785414,0.034430882468254841,0.0011735784267929308,-0.00083186548652189026,0.0015364830339337863
12405683612,12.405683612000001,0.0085050946256338012,decelerate,0,36.452729004762119,10.788583648957529,0,2.4329425579788615,3.0699206491587367,0,0.90030803604823084,0,0,0.43525330581970029,-1.5,0,-9.8066499999999994,0,0,0,-0.92485289629540124,-0.34179838743076701,-9.6010331708852839,0.024664015591009406,-0.0099194820674490449,-0.0010318153209345391,0.028062076079049491,-0.021347671254566304,0.034410550649253802,0.0011692407866247419,-0.00083674356410852718,0.0015420609157462124
12416586690,12.416586690000001,0.010903077989792924,decelerate,0,36.479200190473769,10.821985358076141,0,2.4227845562229886,3.0571031417160408,0,0.90030803604823084,0,0,0.43525330581970029,-1.5,0,-9.8066499999999994,0,0,0,-1.1375825846298022,0.11789080114600504,-9.5098535178568664,0.018666439890756833,-0.0057372400394823803,-0.013459224503461951,0.027943599814282353,-0.021498569858807753,0.034481020809230704,0.001163323985779852,-0.00083009096558524524,0.0015470276154025896
12426271525,12.426271525000001,0.0096848348686631325,decelerate,0,36.502620765647585,10.85153776452548,0,2.4137615473356524,3.045717784010026,0,0.90030803604823084,0,0,0.43525330581970029,-1.5,0,-9.8066499999999994,0,0,0,-1.408500240344847,0.39570838290099575,-10.003535730740298,-0.0051834512359612648,0.013781359154753453,0.0024859668722532024,0.02799839340530573,-0.021444233653324051,0.034543058082407707,0.0011640202682686996,-0.00084132377153167453,0.0015451892566823223
12435952499,12.435952499000001,0.0096809740361747422,decelerate,0,36.525944670170695,10.880968190607542,0,2.4047421354457175,3.0343369650451995,0,0.90030803604823084,0,0,0.43525330581970029,-1.5,0,-9.8066499999999994,0,0,0,-1.9127128893404857,-0.06123744937564729,-10.331358565673613,-0.0029148177293705372,-0.015266088548791638,-0.013557162078696318,0.028019273720716026,-0.021481151568998321,0.034580350954045332,0.001168826386234471,-0.00084107418628112695,0.0015466563924924016
12445434979,12.445434979000002,0.0094824798794475897,decelerate,0,36.548705702685965,10.909688376986649,0,2.3959076533521624,3.02318949306125,0,0.90030803604823084,0,0,0.43525330581970029,-1.5,0,-9.8066499999999994,0,0,0,-1.9034727132339155,-0.17714952419195232,-9.3957339139541958,0.014436339074606664,-0.039744337707422375,-0.038968879681758599,0.027976504535190561,-0.02161152121540539,0.034569800721747312,0.0011768593606757268,-0.00084581180807814056,0.0015429999139659251
12456622003,12.456622003000001,0.011187024317047626,decelerate,0,36.57545048123751,10.943435309343643,0,2.3854851091163098,3.0100381822497879,0,0.90030803604823084,0,0,0.43525330581970029,-1.5,0,-9.8066499999999994,0,0,0,-1.3330047588609313,0.30738665524075814,-10.260669587509291,-0.0027672828418412272,0.0093905146614640701,-0.011382200111374518,0.027945937493581187,-0.021629139735715092,0.034621488871012823,0.0011798344335617209,-0.0008523818332024655,0.0015442324600056323
12468084714,12.468084714000002,0.01146271106813586,decelerate,0,36.602733400410685,10.977861274997609,0,2.3748057175475989,2.9965627779128798,0,0.90030803604823084,0,0,0.43525330581970029,-1.5,0,-9.8066499999999994,0,0,0,-1.7953488376012881,0.1340026426777364,-9.8083611395870527,0.018933621531245191,0.0055934406748897637,0.00070935091746727531,0.027965579249945183,-0.021663210027048827,0.034630935449121575,0.0011811809917904356,-0.00085043067333994023,0.0015476341605159011
12478767609,12.478767609,0.010682895016021968,decelerate,0,36.628050037867261,11.009806159121709,0,2.3648528522711927,2.9840041145239184,0,0.90030803604823084,0,0,0.43525330581970029,-1.5,0,-9.8066499999999994,0,0,0,-1.6741927968454156,-0.25292340446891026,-9.6107449631302888,0.0022059200039643866,0.0058626039829319573,0.019028133367575733,0.027792646537970107,-0.021617740558684619,0.034679918463272764,0.0011739625263687296,-0.00085533679585788301,0.0015503251516857679
12488433481,12.488433481000001,0.0096658716184213154,decelerate,0,36.650864879696286,11.038594242838901,0,2.3558475107553485,2.9726410497521867,0,0.90030803604823084,0,0,0.43525330581970029,-1.5,0,-9.8066499999999994,0,0,0,-1.3471191011563646,-0.60746969691708319,-10.289761226724735,0.019825999793713838,-0.032071850557905714,0.01593611987462424,0.02780553021717511,-0.021532133754217839,0.034666334923760388,0.0011687721006654632,-0.00085688696908766651,0.0015505019119678434
12500063083,12.500063083000001,0.011629601654015461,decelerate,0,36.678199445149524,11.073085376485061,0,2.3450126332893535,2.9589694511544811,0,0.90030803604823084,0,0,0.43525330581970029,-1.5,0,-9.8066499999999994,0,0,0,-0.86753382240567611,-0.054500812577613564,-9.6501129540579456,0.028856033939987171,0.0039690808668854131,0.011731478541912341,0.027846982151975948,-0.021435059304856043,0.034632908539298721,0.0011642362169811357,-0.00085764546487201922,0.001550814354531497
12510993399,12.510993399,0.010930316454420738,decelerate,0,36.703775521544323,11.105357624258174,0,2.3348292544453062,2.9461199225501074,0,0.90030803604823084,0,0,0.43525330581970029,-1.5,0,-9.8066499999999994,0,0,0,-1.4103292004239265,0.032860906847179135,-10.015487000898478,0.011820801940103673,-0.003473314378585762,-0.0077455050870533435,0.027773080123517653,-0.02136400278816078,0.034606788853172692,0.001165590728524605,-0.00085311756096628441,0.0015471657183683874
12519142800,12.519142800000001,0.0081494010713855404,decelerate,0,36.722772044404167,11.129327700164156,0,2.3272367534588927,2.9365395995455592,0,0.90030803604823084,0,0,0.43525330581970029,-1.5,0,-9.8066499999999994,0,0,0,-1.3751152131106827,0.49937332373639987,-9.8495954379831829,0.0086307508333464227,-0.0011056941311888961,0.0074954030101993035,0.027790244043404987,-0.021437157592299572,0.034500915497347025,0.0011586802564086691,-0.00085192609028635936,0.0015472280630526357
12528417203,12.528417203,0.0092744026236445051,decelerate,0,36.744315706743002,11.156511791977426,0,2.3185961293870614,2.9256367403010035,0,0.90030803604823084,0,0,0.43525330581970029,-1.5,0,-9.8066499999999994,0,0,0,-0.80267980273440143,-0.28277056993170313,-10.1575783949203,0.0079220761548188922,-0.031567657551952455,-0.0034374764872782734,0.027751154764618625,-0.02145247004064842,0.034421389126083717,0.0011624864462894768,-0.00085338478075324775,0.0015457562717804418
12537836318,12.537836318,0.0094191147626314798,decelerate,0,36.766113501302151,11.184016551349488,0,2.3098206822713796,2.914563759470576,0,0.90030803604823084,0,0,0.43525330581970029,-1.5,0,-9.8066499999999994,0,0,0,-1.4342857297767213,0.021200675251438834,-9.6254561218348726,0.00085143273208106596,-0.00020669742102841443,-0.042369440770610022,0.027659148169855419,-0.021462397748743856,0.034439056942503092,0.0011647390409877021,-0.00085899155881532423,0.0015462459468867566
12546308779,12.546308779,0.0084724609719189006,decelerate,0,36.785649928266579,11.208667885739684,0,2.3019271981093947,2.9046036517223617,0,0.90030803604823084,0,0,0.43525330581970029,-1.5,0,-9.8066499999999994,0,0,0,-1.01236959706164,-0.028960018284777254,-9.6627353522375419,0.0021318699143849868,0.0079084183958655768,-0.014039462144018076,0.027758720585279686,-0.021531858545344298,0.034471501161728632,0.0011689117360364851,-0.0008550496276300936,0.0015452481746136611
12554954941,12.554954941,0.0086461619566349634,decelerate,0,36.805517939854504,11.233737618204787,0,2.2938718830488876,2.8944393435028228,0,0.90030803604823084,0,0,0.43525330581970029,-1.5,0,-9.8066499999999994,0,0,0,-1.3493363442841961,0.19025281205737279,-9.3870892683103246,-0.0049899232428586284,0.01917171879909501,-0.01189352354281124,0.027739261555170779,-0.021450074281785716,0.034414061993294109,0.0011739697776232208,-0.00085679027938596409,0.0015423725807604993
12564481658,12.564481658,0.0095267172286192334,decelerate,0,36.827328730517969,11.261258776241442,0,2.2849961866238395,2.883239866704014,0,0.90030803604823084,0,0,0.43525330581970029,-1.5,0,-9.8066499999999994,0,0,0,-1.3899732509233651,-0.030069854156892097,-9.1107338977287871,0.013604376230929579,-0.0089068537394651152,-0.016358442041316184,0.027837689579043721,-0.021518856867616284,0.034452875851411227,0.0011815367906703325,-0.00085551550893366512,0.0015470134845537479
12574263063,12.574263063,0.0097814053713785581,decelerate,0,36.849634635615061,11.289404676534549,0,2.2758832065066299,2.8717409820528137,0,0.90030803604823084,0,0,0.43525330581970029,-1.5,0,-9.8066499999999994,0,0,0,-1.8628165621418717,0.44376374523245588,-9.9966707240334536,0.018309106044832515,0.002393110279784956,0.0042050929576547096,0.027802297749401805,-0.021588890775962814,0.034287740217042381,0.0011862445900082698,-0.00085485949360958888,0.0015509963168408268
12582578511,12.582578511000001,0.0083154484643987361,decelerate,0,36.868527414403133,11.313243846732496,0,2.2681360051951001,2.8619654560333201,0,0.90030803604823084,0,0,0.43525330581970029,-1.5,0,-9.8066499999999994,0,0,0,-1.0835843213099166,0.18361525871587939,-9.406693766599826,-0.0067126709213431498,0.0035191089643288229,-0.021449408502015627,0.027925903382713706,-0.02161565701660445,0.034382757309470408,0.0011914724113600765,-0.00085454518997954822,0.0015551897665463975
12591075162,12.591075162000001,0.0084966507686174923,decelerate,0,36.887765344102398,11.337518533135245,0,2.2602199842781205,2.8519769110952122,0,0.90030803604823084,0,0,0.43525330581970029,-1.5,0,-9.8066499999999994,0,0,0,-1.4462423674831304,-0.0057647047501147089,-9.4420538832095477,-0.0092445877379662474,-0.012007300818418901,-0.0054451450218945862,0.027878820926466714,-0.021629911660992981,0.034425595523591326,0.0011858777559883265,-0.00085230634280979265,0.0015569241587791306
12601515603,12.601515603000001,0.010440440541924884,decelerate,0,36.911312259485676,11.367230357412412,0,2.250493005029119,2.8397032738272383,0,0.90030803604823084,0,0,0.43525330581970029,-1.5,0,-9.8066499999999994,0,0,0,-1.8692737976269389,0.22761529979727574,-9.6908059191995548,-0.0038740613191287953,0.011514942129600378,-0.014494753975655229,0.027920894867360893,-0.021750231742496497,0.034417064923171349,0.0011881822903083705,-0.00085247378877033515,0.0015570033697222992
12610734613,12.610734613,0.0092190095878495835,decelerate,0,36.932019984964192,11.393359652506177,0,2.2419039886368251,2.8288655338681949,0,0.90030803604823084,0,0,0.43525330581970029,-1.5,0,-9.8066499999999994,0,0,0,-1.3248815362411195,0.24589807326619179,-9.7603702392222953,-0.034742438608501958,-0.012698220658404369,0.0035285964969647057,0.027993375479200729,-0.021644107999361728,0.034552908803358331,0.0011907577566370249,-0.00084953863563212034,0.0015534252561466824
12620599141,12.620599141000001,0.0098645275498470495,decelerate,0,36.954089979038542,11.421207877000207,0,2.2327135666049904,2.8172689319354918,0,0.90030803604823084,0,0,0.43525330581970029,-1.5,0,-9.8066499999999994,0,0,0,-1.9956491652688841,-0.17243744961517207,-9.6889744535062423,-0.014756173927733865,0.0071599179020947765,0.0070212415095449593,0.027923991183378148,-0.021619802575566626,0.034575843329736358,0.001188890203167326,-0.0008484290056353709,0.0015564612106963689
12630755986,12.630755986,0.010156845172626008,decelerate,0,36.976719249136245,11.449761803734113,0,2.2232508028611875,2.805328685454973,0,0.90030803604823084,0,0,0.43525330581970029,-1.5,0,-9.8066499999999994,0,0,0,-1.1244890441079696,0.26657356485714379,-9.9647271322198208,-0.014355351851527479,-0.01621400402970332,0.02198966171373562,0.027940426149388818,-0.021516950619998837,0.034496178715991914,0.0011922870599605125,-0.00084513172474455067,0.0015585429917793681
12641244545,12.641244545000001,0.010488559207183713,decelerate,0,36.999986700712377,11.479120996705031,0,2.2134789931994669,2.7929984805507169,0,0.90030803604823084,0,0,0.43525330581970029,-1.5,0,-9.8066499999999994,0,0,0,-1.3471806132208446,-0.47326114844816208,-9.7821634506651431,-0.027663022102398627,0.0021598084533303837,-0.013378045811335396,0.027999662476222605,-0.021389716482970517,0.034466245576903649,0.0012082121673635913,-0.00085179254629031093,0.0015529915614731328
12652323337,12.652323337,0.011078792357731343,decelerate,0,37.024452198833885,11.509991901416225,0,2.203157284749051,2.7799744057312723,0,0.90030803604823084,0,0,0.43525330581970029,-1.5,0,-9.8066499999999994,0,0,0,-1.6298749310128287,-0.0628479770101847,-10.011290383885438,0.003123055017633089,0.011143967828657496,-0.010230457654670563,0.027956493122644293,-0.021353941914713657,0.034512692200849744,0.0012035604379882197,-0.00085155357652802986,0.0015482359859007909
12660329044,12.660329044000001,0.008005706539394624,decelerate,0,37.042060173730199,11.532209888251469,0,2.1956986587390102,2.7705630080279087,0,0.90030803604823084,0,0,0.43525330581970029,-1.5,0,-9.8066499999999994,0,0,0,-1.2276986124956601,-0.029378318214700834,-9.573905596288224,-0.019794499992463601,0.014078891731141498,0.033473331638833814,0.027830209101870392,-0.021371293422679578,0.034532949876830608,0.0012100651419294992,-0.0008476634735466842,0.0015437410134652434
12671407319,12.671407319,0.011078274817165534,decelerate,0,37.066327556196818,11.562830807882717,0,2.1853774324623418,2.7575395416219837,0,0.90030803604823084,0,0,0.43525330581970029,-1.5,0,-9.8066499999999994,0,0,0,-1.7164599031869465,-0.10323679171013528,-9.595214776111229,-0.011939312021909416,0.0014885921550418894,0.0094510886629487131,0.027837071626700328,-0.021478003988644891,0.034627774742910011,0.0012070168770268595,-0.00085047989400172368,0.0015381536768040171
12682839578,12.682839578000001,0.011432258762493316,decelerate,0,37.091250473888579,11.594278890949171,0,2.1747264122007497,2.7440999365937278,0,0.90030803604823084,0,0,0.43525330581970029,-1.5,0,-9.8066499999999994,0,0,0,-1.1730827971697526,-0.18073490590250055,-9.3607924446831579,0.003583946442500761,-0.00046522002729676264,-0.021461266289192132,0.027963876873635125,-0.0214149101838772,0.034743367395540084,0.0012026135097899847,-0.0008536656832218506,0.0015404888633402938
12691818977,12.691818977000001,0.008979398937245385,decelerate,0,37.110740650085731,11.618871865480022,0,2.1663606323488018,2.7335438795961693,0,0.90030803604823084,0,0,0.43525330581970029,-1.5,0,-9.8066499999999994,0,0,0,-1.1857822776659666,0.3489972396156632,-9.6431226629779978,0.0086328288205586908,0.016611775187674538,-0.001908092790900251,0.027955647869972202,-0.021367247929746418,0.034637572786277458,0.0012060449976182626,-0.00084765042899191722,0.0015408307538586831
12700117029,12.700117029000001,0.0082980519724851296,decelerate,0,37.12868514711063,11.641514480602538,0,2.1586296387169357,2.7237888046515732,0,0.90030803604823084,0,0,0.43525330581970029,-1.5,0,-9.8066499999999994,0,0,0,-0.90310204076545597,-0.061434426371311801,-10.135779299571617,0.018690199693474623,0.0091836705766509628,0.011217412815309257,0.028013638566068595,-0.02129813166920512,0.034455550125261927,0.0012138305683094049,-0.00084464506915271035,0.0015347489154811627
12710721276,12.710721276000001,0.010604247442615457,decelerate,0,37.15152340711645,11.670332113699867,0,2.1487500465281384,2.711322598260391,0,0.90030803604823084,0,0,0.43525330581970029,-1.5,0,-9.8066499999999994,0,0,0,-1.4644692132536989,-0.18262167639681837,-9.7972131937983029,-0.043659847450011099,0.0032637737030563,-0.0064525953192622514,0.028118014047012616,-0.021319645346224811,0.034455276402217024,0.0012139089902297095,-0.00084469183524549913,0.0015362189099116892
12720112161,12.720112161000001,0.0093908849406042823,decelerate,0,37.171660990455855,11.69574199553824,0,2.1400009001123133,2.7002828040176663,0,0.90030803604823084,0,0,0.43525330581970029,-1.5,0,-9.8066499999999994,0,0,0,-2.0768924848960628,-0.26730700841485933,-9.450846881470401,0.0022980035920403888,0.020328239528598583,0.019545686735102551,0.028023850981637916,-0.021346004664074016,0.034513674627096473,0.0012158788867464786,-0.00084860103464223444,0.0015304878611780404
12729921604,12.729921604000001,0.0098094426772879946,decelerate,0,37.192608381868915,11.722173704430867,0,2.1308617986555216,2.6887509590980438,0,0.90030803604823084,0,0,0.43525330581970029,-1.5,0,-9.8066499999999994,0,0,0,-1.7378093022328236,-0.52771318668400569,-9.4922523236285805,-0.0044399396527735335,-0.0058745641077675862,-0.00017471125745783839,0.028004875073060733,-0.021347092903273003,0.034496363318439076,0.0012075731170272446,-0.00084351821921041915,0.0015316129036273306
12738132748,12.738132748,0.0082111436699594132,decelerate,0,37.210073786514101,11.744211794146691,0,2.12321177433255,2.6790980523499424,0,0.90030803604823084,0,0,0.43525330581970029,-1.5,0,-9.8066499999999994,0,0,0,-1.2619459330777809,0.12919541352254818,-9.8185339202388633,-0.018383750145433704,0.027030993760396076,-0.017697806417220123,0.02793572452102212,-0.021167181154304653,0.034525925099214254,0.0012061211095847988,-0.0008378420436982464,0.0015395425386554469
12748878928,12.748878928000002,0.010746180193447087,decelerate,0,37.232836408387989,11.772933986000535,0,2.1131999485548971,2.6664649917831,0,0.90030803604823084,0,0,0.43525330581970029,-1.5,0,-9.8066499999999994,0,0,0,-1.3781174323496275,-0.71589208825714068,-9.8865885103443532,0.0049518085179271251,0.0078542279567078693,-0.0065054423574078682,0.028044748985671771,-0.021191808043359121,0.034524136050507678,0.0012117127139780913,-0.00083662740388738832,0.0015357777010484373
12758640028,12.758640028,0.0097610997575133685,decelerate,0,37.253419179869653,11.798905612408754,0,2.1041058864406117,2.6549899781302626,0,0.90030803604823084,0,0,0.43525330581970029,-1.5,0,-9.8066499999999994,0,0,0,-1.4774394945458771,-0.36701352374597768,-9.7212329442763767,-0.002958516765602476,0.017484443027703123,0.0019908626559214568,0.028143250300301733,-0.021137347794566785,0.034555082983228153,0.0012035541125709024,-0.00083549540259962877,0.0015370681958407299
12767049954,12.767049954000001,0.0084099262853289686,decelerate,0,37.27108160844778,11.821192309654631,0,2.0962706635748201,2.6451033852933001,0,0.90030803604823084,0,0,0.43525330581970029,-1.5,0,-9.8066499999999994,0,0,0,-1.6447705248909166,0.13878120410574318,-10.045930011367952,-0.00023234025466889181,-0.023018712804319469,-0.005914355251777666,0.028000390679550815,-0.021239379423049834,0.034605902381937094,0.0012022722295438274,-0.00083232624911985385,0.0015365324433524953
12777864369,12.777864369000001,0.010814415046447711,decelerate,0,37.293697069687063,11.84972881217954,0,2.0861952658629632,2.6323901087785386,0,0.90030803604823084,0,0,0.43525330581970029,-1.5,0,-9.8066499999999994,0,0,0,-1.5969663695900798,0.36269847389509641,-9.9207843137994836,-0.012838760591179301,0.021628236944973397,-0.0081617138574664998,0.027894510993701306,-0.021271284313637909,0.034523055784188593,0.0012057620496282869,-0.00083548758544500236,0.0015367511179819923
12789691590,12.78969159,0.011827220608363437,decelerate,0,37.318305799304696,11.880780448378257,0,2.0751762739948569,2.6184861920757481,0,0.90030803604823084,0,0,0.43525330581970029,-1.5,0,-9.8066499999999994,0,0,0,-1.4949175691450007,0.13994482420603685,-9.4590295857241866,0.0075198825018161844,-0.0090699232054860107,-0.0088433773859927668,0.027981468927998517,-0.021254827372561937,0.034671107371539729,0.0012054065537395907,-0.00082910857039357141,0.0015369418855935236
12801570821,12.801570821,0.011879230500794848,decelerate,0,37.342891560212742,11.911803102340782,0,2.0641088263990071,2.6045211332639169,0,0.90030803604823084,0,0,0.43525330581970029,-1.5,0,-9.8066499999999994,0,0,0,-1.4335979651397757,0.20312375939915969,-9.8985142385375458,0.0048108717153962271,-0.010172749937226817,0.012710295580507201,0.028124518516826187,-0.021266945652897464,0.034783056834118108,0.0012079541960352796,-0.00083716741440685236,0.0015347534313116769
12809734773,12.809734773000001,0.0081639519925633709,decelerate,0,37.359711797834542,11.933027111362108,0,2.0565027688478312,2.5949237043980085,0,0.90030803604823084,0,0,0.43525330581970029,-1.5,0,-9.8066499999999994,0,0,0,-2.251889714967211,-0.091820893903368769,-9.751115993695791,-0.015678937623535824,-0.0086492423393581749,0.00082691090828138655,0.028070216419584511,-0.021235256816754155,0.034729846669257311,0.0012099800718399726,-0.00083873419891338701,0.0015359233508700936
12818367276,12.818367276,0.0086325031562308353,decelerate,0,37.377429850637142,11.955383996025578,0,2.0484601791955637,2.5847754532750069,0,0.90030803604823084,0,0,0.43525330581970029,-1.5,0,-9.8066499999999994,0,0,0,-1.5402911964151587,-0.8179431069316867,-10.153701922548445,-0.015383116302697309,-0.0023440969591079419,-0.0083287761839680556,0.028052543322448959,-0.021266056698567851,0.034695982566471849,0.0012042753239321375,-0.000841524799734569,0.0015348446337374441
12827131876,12.827131876000001,0.0087645999956307563,decelerate,0,37.395348000345244,11.977993365738495,0,2.0402945197158742,2.5744719109375662,0,0.90030803604823084,0,0,0.43525330581970029,-1.5,0,-9.8066499999999994,0,0,0,-2.042295858622134,0.017067055510225634,-9.2518615352190317,0.0068326298870126437,-0.0075141169112687787,-0.00087216531886170033,0.028054087098288102,-0.021313329552067873,0.034625569727391448,0.0012019761306230055,-0.00084237656739022642,0.0015310535952732431
12836595152,12.836595152000001,0.0094632756159573062,decelerate,0,37.414614152811616,12.002303664020049,0,2.0314779295371013,2.563347015219736,0,0.90030803604823084,0,0,0.43525330581970029,-1.5,0,-9.8066499999999994,0,0,0,-1.6176136641847974,0.054365559243602729,-9.7197329217745825,0.015643834606884469,0.015842122414194311,-0.012867033852856688,0.028051843824630236,-0.021311556182968303,0.034645420496629636,0.0012034225961966587,-0.00083879789681178939,0.0015315906421162206
12848481332,12.848481332,0.011886179866285724,decelerate,0,37.438694851561728,12.032689023549681,0,2.0204040074698293,2.5493737868301047,0,0.90030803604823084,0,0,0.43525330581970029,-1.5,0,-9.8066499999999994,0,0,0,-1.8728130593640255,0.16062334863002847,-9.7108016736533607,-0.01537015718848091,0.013618772205354865,0.0071612400878337916,0.027997387408359106,-0.021242947753630965,0.034709340241902448,0.0012036262443390104,-0.00084012314682159169,0.0015325741604473276
12858272243,12.858272243,0.0097909107308066165,decelerate,0,37.458431791298452,12.057593367735807,0,2.0112821715544813,2.5378637278100395,0,0.90030803604823084,0,0,0.43525330581970029,-1.5,0,-9.8066499999999994,0,0,0,-1.1849925806482227,-0.23576269244365339,-9.2393751035150178,-0.019277479063865854,-0.0099901233910402211,-0.014313304353377783,0.028108227598864641,-0.021167995303893024,0.034793765200106075,0.0012077936990656729,-0.00083523990619811556,0.0015436469371058043
12867626024,12.867626024000002,0.0093537814247277706,decelerate,0,37.477204127983761,12.081280562418719,0,2.002567593136773,2.526867551946578,0,0.90030803604823084,0,0,0.43525330581970029,-1.5,0,-9.8066499999999994,0,0,0,-1.0897163457507268,0.24410772726800128,-9.8322969783212493,0.012579786027343363,-0.0069421619167109551,0.0061414590330029686,0.02805129645577269,-0.02126987381455336,0.034720766048475085,0.0012121166991896741,-0.00083153947048385907,0.0015459803184291649
12879291082,12.879291082,0.01166505777241914,decelerate,0,37.500500807248116,12.11067663529184,0,1.9916996824930515,2.5131542716272559,0,0.90030803604823084,0,0,0.43525330581970029,-1.5,0,-9.8066499999999994,0,0,0,-1.7106701420141976,0.30212430674002622,-9.7574099076550436,0.0048014200163361605,0.017413005790572381,0.012101586171368309,0.02813433842924341,-0.021138094368036656,0.034737046002820168,0.0012181218015616586,-0.0008319097321333775,0.0015515343111109484
12888606701,12.888606701,0.0093156186117203631,decelerate,0,37.51901429664283,12.13403721287491,0,1.9830206589821231,2.5022029594380903,0,0.90030803604823084,0,0,0.43525330581970029,-1.5,0,-9.8066499999999994,0,0,0,-1.7908894021112027,0.42043359126123647,-9.4523787733501354,-0.008753069807139871,0.0029952128974623433,0.0037494832316589356,0.02802690836315826,-0.020997750158172512,0.03479102192086312,0.0012259951255745916,-0.00083866785684009093,0.0015500030639712975
12898077795,12.898077795000001,0.0094710943615242162,decelerate,0,37.53775388655032,12.157683087219583,0,1.9741967843620873,2.4910688721112861,0,0.90030803604823084,0,0,0.43525330581970029,-1.5,0,-9.8066499999999994,0,0,0,-1.8125988556945629,0.10249343445310183,-9.8252785914053291,0.00057502016492702492,-0.021344132339334847,0.013764401260781109,0.028105238900239731,-0.020927735728047951,0.034742401933881895,0.0012272137400655182,-0.00083402902562887784,0.0015520974848973533
12909640290,12.90964029,0.011562494545662039,decelerate,0,37.560518248446606,12.186407474657809,0,1.9634244281515691,2.4774761637005147,0,0.90030803604823084,0,0,0.43525330581970029,-1.5,0,-9.8066499999999994,0,0,0,-1.3514267324784912,-0.14684780580939769,-10.03850575785652,-0.017419149130858694,0.006883247148122008,-0.011119068598589757,0.028114900332298055,-0.020812480502064159,0.03469008714778346,0.0012281041804855035,-0.00083521261876450838,0.001557574604513047
12921546938,12.921546938000001,0.011906648170996681,decelerate,0,37.583830012148617,12.215822581283494,0,1.9523314365082207,2.4634788730554158,0,0.90030803604823084,0,0,0.43525330581970029,-1.5,0,-9.8066499999999994,0,0,0,-1.1669618823943102,-0.044673169593329176,-9.6526552918873669,-7.8935659591518586e-05,0.021151244971335092,0.0075345210290377503,0.028000883940056936,-0.020720850847319457,0.03482041399903274,0.0012273331421216323,-0.00082897773980959851,0.0015496117879379915
12931150082,12.931150082,0.0096031443470799178,decelerate,0,37.60253557355685,12.239425517996041,0,1.9433845357127881,2.4521895495949018,0,0.90030803604823084,0,0,0.43525330581970029,-1.5,0,-9.8066499999999994,0,0,0,-1.2389282424444967,0.10058013211721664,-9.8471961467638067,-0.038451993102491956,-0.011467873215673285,0.0028306318935889556,0.028071298675497475,-0.020625439001549107,0.034874498090463626,0.0012284460788117059,-0.00083088216538239606,0.0015563451312190816
12940527356,12.940527356,0.0093772743617510333,decelerate,0,37.620718261419604,12.262368685619963,0,1.9346480697789348,2.4411657557601272,0,0.90030803604823084,0,0,0.43525330581970029,-1.5,0,-9.8066499999999994,0,0,0,-1.1813893346179609,-0.27166090962236544,-9.6641888324156398,0.0076560114961176772,-0.0096363906487630553,-4.4439471358760467e-07,0.028186286877517144,-0.020694545465156096,0.034941160288504802,0.0012286659726443347,-0.00083160680750110193,0.0015600138555473765
12949094002,12.949094002000001,0.0085666456093894533,decelerate,0,37.637257519616817,12.28323815090795,0,1.9266668372110685,2.4310949258568573,0,0.90030803604823084,0,0,0.43525330581970029,-1.5,0,-9.8066499999999994,0,0,0,-0.64560689701332197,-0.006169377480329738,-9.0463820028567792,-0.045616772415802302,0.0095779668977455622,0.024285976846806646,0.028119060534728034,-0.020624508304605691,0.03494596261465692,0.001224210176043153,-0.00083369756498365925,0.0015606417848379277
12960343254,12.960343254000001,0.011249252178290089,decelerate,0,37.658872131727769,12.310511768127292,0,1.9161863175370546,2.4178704608337713,0,0.90030803604823084,0,0,0.43525330581970029,-1.5,0,-9.8066499999999994,0,0,0,-1.2154054933126595,-0.10332126971590716,-10.225625137023513,0.013067341261286175,0.00089355400796313294,-0.0071299210866166383,0.028133268121484346,-0.020620756536190353,0.035018024525133307,0.0012243172833908069,-0.00083703822395554271,0.0015609289616438785
12971215307,12.971215307000001,0.010872052931797792,decelerate,0,37.679649948760741,12.336729505716194,0,1.9060572207008641,2.4050894260194591,0,0.90030803604823084,0,0,0.43525330581970029,-1.5,0,-9.8066499999999994,0,0,0,-1.6131827561490746,-0.0044676393260837562,-9.9880138748790728,-0.020877276117056941,-0.009268719168725353,0.0067512759756244616,0.028000567176691259,-0.020649300849754908,0.035036351294703262,0.0012304370530232501,-0.00083674337439961573,0.0015566733677945608
12980319333,12.980319333000001,0.0091040258671838126,decelerate,0,37.696964133328279,12.358576783841571,0,1.8975753304648277,2.3943868593295421,0,0.90030803604823084,0,0,0.43525330581970029,-1.5,0,-9.8066499999999994,0,0,0,-1.8861230675762406,0.068057057972425089,-10.348162048492661,-0.0053058560439791453,-0.0023157394596388767,0.014299865239828615,0.02800472481444401,-0.02055058227857889,0.034980151652907229,0.0012271144359027499,-0.00083988227195491661,0.0015619758009592221
12991071732,12.991071732,0.010752398865936701,decelerate,0,37.717313763439385,12.384254229236218,0,1.887557710975883,2.3817464881774688,0,0.90030803604823084,0,0,0.43525330581970029,-1.5,0,-9.8066499999999994,0,0,0,-1.318590616989227,-0.46311404356042574,-9.3897979597492665,0.002482479287489645,-0.00043517687326946792,0.019506255206068482,0.027824276724208213,-0.020607980277298502,0.034877181040458616,0.0012276731308240895,-0.00083752433846656215,0.0015586874757122691
12999157741,12.999157741000001,0.0080860093233294777,decelerate,0,37.732546114950779,12.403474621549517,0,1.8800242697787015,2.3722406876337589,0,0.90030803604823084,0,0,0.43525330581970029,-1.5,0,-9.8066499999999994,0,0,0,-1.4424603696394764,-0.29260539147512443,-9.6737581887720783,-0.0060963567021446617,-0.011667953777226145,-0.021254703321490206,0.027863249321980914,-0.020580407476208189,0.034879043947575426,0.0012303038590301448,-0.0008367958474501078,0.0015607837144601061
13011097396,13.011097396,0.011939654814486415,decelerate,0,37.75492654895055,12.431714563445269,0,1.8689005270444374,2.3582045948358199,0,0.90030803604823084,0,0,0.43525330581970029,-1.5,0,-9.8066499999999994,0,0,0,-1.5775217047007544,-0.42009220839508282,-9.4875980094686483,-0.0063972656803644411,0.014987071824188939,-0.011160536567916468,0.027852214227931226,-0.020533973913802028,0.034992923090986047,0.0012361741136746498,-0.0008429808407568758,0.001556821650328753
13022391524,13.022391524000001,0.011294128350835361,decelerate,0,37.775974731109812,12.458273451498776,0,1.8583781978703962,2.3449273740059664,0,0.90030803604823084,0,0,0.43525330581970029,-1.5,0,-9.8066499999999994,0,0,0,-1.1109345643230226,-0.46688470617880085,-9.6768529520850564,-0.004185126845994723,0.018400620182105212,0.0088403258911231349,0.027973337808987007,-0.020362164082491641,0.03506083656847838,0.0012365302833550827,-0.00084090255332935112,0.0015565316109031357
13032494644,13.032494644000002,0.010103120025296704,decelerate,0,37.794702600225968,12.48190453638645,0,1.8489654878950261,2.3330502860643847,0,0.90030803604823084,0,0,0.43525330581970029,-1.5,0,-9.8066499999999994,0,0,0,-1.2957093652068545,0.18827262701046232,-10.154583210861972,0.0007374515769529511,-2.5192706913818009e-05,-0.017410052036879637,0.027921569704375319,-0.020340018163464271,0.035041629746508672,0.0012398375861571852,-0.00083779573143049268,0.0015578529343949551
13043241668,13.043241668,0.010747024234937209,decelerate,0,37.814519674241275,12.506909995116242,0,1.8389528757545734,2.3204162332540594,0,0.90030803604823084,0,0,0.43525330581970029,-1.5,0,-9.8066499999999994,0,0,0,-1.4702313644535767,0.38316825613174971,-9.8263165109726618,-0.0050864481503554645,-0.0072524747370850623,0.017874921271237,0.027894410787121043,-0.02029358086580741,0.035045010722504204,0.0012314323113885549,-0.00083933620445542415,0.0015619457203599025
13054221360,13.054221360000001,0.0109796921818908,decelerate,0,37.834654653029972,12.532316590496425,0,1.828723495338602,2.3075086592284815,0,0.90030803604823084,0,0,0.43525330581970029,-1.5,0,-9.8066499999999994,0,0,0,-0.96786003086395256,-0.081005109970282166,-9.6456442474917878,0.0057328127768175091,-0.003609402285561115,0.018135847771724743,0.027865683787150188,-0.020442170209603955,0.034936966019074915,0.0012309749589842574,-0.0008409930453178564,0.0015646320818873414
13063493657,13.063493657,0.0092722967943826996,decelerate,0,37.851571069913945,12.553661959844161,0,1.820084833191409,2.296608275567634,0,0.90030803604823084,0,0,0.43525330581970029,-1.5,0,-9.8066499999999994,0,0,0,-1.9681875066300192,0.048787898189183332,-9.7539534969041508,-0.025021052326270839,0.012218575547637193,-0.0073568211274374212,0.027631495065661683,-0.020285082754863414,0.034887537573556365,0.0012349840324551316,-0.0008369630090832008,0.0015709493858939785
13072044879,13.072044879000002,0.008551222199927544,decelerate,0,37.867100956536824,12.573257786086053,0,1.8121179700539496,2.2865555772108648,0,0.90030803604823084,0,0,0.43525330581970029,-1.5,0,-9.8066499999999994,0,0,0,-1.2361411411883252,-0.37282828262245959,-9.7118644564032603,0.0060647590293236974,-0.030572416012933073,0.010764068840568812,0.027663783825829069,-0.020376697369163328,0.034840676873798784,0.0012372793270445893,-0.00083567510950832127,0.0015768381514309944
13083718749,13.083718749000001,0.011673870488122087,decelerate,0,37.888191903813684,12.599870635757828,0,1.8012418489230915,2.272831936785046,0,0.90030803604823084,0,0,0.43525330581970029,-1.5,0,-9.8066499999999994,0,0,0,-1.1175217035104006,-0.32778450378379143,-9.8457079177865712,-0.01226782010922919,-0.038062683894543606,-0.0073745705664539571,0.027635202981507481,-0.020372919987898242,0.034816524872133298,0.001234645142538564,-0.00083250248375086201,0.0015736865494734213
13094574454,13.094574454,0.010855705131737324,decelerate,0,37.907690757622021,12.624474559818763,0,1.7911279827384543,2.2600701202180162,0,0.90030803604823084,0,0,0.43525330581970029,-1.5,0,-9.8066499999999994,0,0,0,-1.2979133069300641,0.5928246000217412,-9.8496765883604436,-0.0054006717678424547,0.00012584168984599827,-0.00021563847508500713,0.027508303848632287,-0.020423445573485736,0.034818132494072569,0.0012283968773987867,-0.00083680439151730688,0.001588252921716546
13105987465,13.105987465,0.011413010530609934,decelerate,0,37.928072242381553,12.650192199850414,0,1.780494895355399,2.2466531431445138,0,0.90030803604823084,0,0,0.43525330581970029,-1.5,0,-9.8066499999999994,0,0,0,-1.3471078266917564,0.54246314204294865,-9.7610802592955039,-0.023210894473201522,-0.026324310682051471,0.0011101476563113229,0.027450066463367308,-0.020456195805638892,0.034917607828905267,0.0012320011968890128,-0.00084069563942490129,0.0015863578146446712
13114634083,13.114634083,0.0086466182613575381,decelerate,0,37.943432674602896,12.669574206179197,0,1.7724391551723548,2.2364882984994643,0,0.90030803604823084,0,0,0.43525330581970029,-1.5,0,-9.8066499999999994,0,0,0,-1.3447471636503383,0.46485240360030572,-9.7238505811561993,-0.0010771121435140258,0.0034953843794969146,0.017334212991979393,0.027340046117744075,-0.02047179065780631,0.03499951620684956,0.0012365952294639394,-0.00084456944263384091,0.001582605536747421
13125813400,13.1258134,0.011179317004290961,decelerate,0,37.963189115463614,12.694503157153934,0,1.7620237915598631,2.2233460482981084,0,0.90030803604823084,0,0,0.43525330581970029,-1.5,0,-9.8066499999999994,0,0,0,-1.5379392379587622,0.22637633238025737,-9.9945797715784312,-0.014010901167766394,-0.011028169067951928,-0.001035423918590893,0.027318253659931124,-0.020427309126508173,0.035092436870932074,0.0012443927175862287,-0.00084585505458838596,0.0015840384190914513
13134431789,13.134431789000001,0.0086183885921775668,decelerate,0,37.978340320792505,12.713621158089165,0,1.7539943519342733,2.213214390061077,0,0.90030803604823084,0,0,0.43525330581970029,-1.5,0,-9.8066499999999994,0,0,0,-0.85649168486253791,-0.015085356054740685,-9.9991137541115034,0.028494512166250204,-0.012061871328930643,-0.0080560818046100779,0.02741658069062225,-0.020391251731419709,0.035113814692399263,0.0012441883259874922,-0.00084230886185686577,0.0015836856167890045
13143941192,13.143941192000002,0.0095094028584169713,decelerate,0,37.994977635108853,12.734614351947689,0,1.7451347866790734,2.2020352677960191,0,0.90030803604823084,0,0,0.43525330581970029,-1.5,0,-9.8066499999999994,0,0,0,-1.4480370413620749,-0.32846142129302208,-9.9941697266820881,-0.0024619611603018806,-0.0059968174636306701,-0.0046690075017454483,0.027399750515275066,-0.020475085210435374,0.035174655750431459,0.0012396592950904442,-0.00083954815365292141,0.0015836571688223171
13152923646,13.152923646000001,0.0089824542766541206,decelerate,0,38.010615643134798,12.754346607274931,0,1.7367661602783704,2.1914756189837781,0,0.90030803604823084,0,0,0.43525330581970029,-1.5,0,-9.8066499999999994,0,0,0,-0.98759883006896332,-0.31941517252961021,-9.4701291006893946,0.0045762076893861598,-0.0030071602282166249,0.01457481116004878,0.027276504094046233,-0.020349023471032925,0.035134207130945352,0.0012362029596440487,-0.00084076553916010691,0.001574765252010711
13164621112,13.164621112000001,0.011697466465734756,decelerate,0,38.030867666946662,12.779900891688012,0,1.7258680556321928,2.177724239453557,0,0.90030803604823084,0,0,0.43525330581970029,-1.5,0,-9.8066499999999994,0,0,0,-1.4541570152949286,0.021572752839703578,-9.739115901126608,0.011421724692956818,0.0075010444762149079,-0.0020144609009663823,0.027303220809926036,-0.020280667267991451,0.035062024985024851,0.001240819650450218,-0.00084234800426295059,0.0015659746426180449
13173846007,13.173846007000002,0.0092248951761681811,decelerate,0,38.046748977167979,12.799940149098438,0,1.7172735558510313,2.1668795804784202,0,0.90030803604823084,0,0,0.43525330581970029,-1.5,0,-9.8066499999999994,0,0,0,-1.1831849549633229,-0.18400031936895156,-10.167715703274162,0.017448912511957865,0.0017168795606424879,-0.011239444397127032,0.027423679744472972,-0.020295915475682717,0.035091714519960446,0.0012434790299538007,-0.0008449360289817621,0.0015599746336966735
13185189802,13.185189802,0.011343794641548688,decelerate,0,38.066169431706648,12.824445147874011,0,1.7067049543978459,2.153543972645239,0,0.90030803604823084,0,0,0.43525330581970029,-1.5,0,-9.8066499999999994,0,0,0,-0.88920398416349655,-0.16918632480504783,-9.5856810489564701,0.0045705783658282553,-0.017378236051136638,0.01061389883727046,0.027373265100992795,-0.020183874579922084,0.035216988830870016,0.0012448742991694817,-0.00084570449484129128,0.0015583359341329174
13195414397,13.195414397,0.010224595103872794,decelerate,0,38.083571099674224,12.846402813766401,0,1.6971790705038241,2.1415240802840976,0,0.90030803604823084,0,0,0.43525330581970029,-1.5,0,-9.8066499999999994,0,0,0,-1.8161210894037332,0.088597790100231694,-9.274294077203896,-0.022514282143554044,0.002017587314064003,0.01080232818429854,0.027477930090458968,-0.020134750139998915,0.035165190891674823,0.0012441842822881557,-0.00085046953580364241,0.0015600481297858499
13204066644,13.204066644000001,0.0086522466538722243,decelerate,0,38.098220638797294,12.864887805328204,0,1.6891180865519013,2.131352618978779,0,0.90030803604823084,0,0,0.43525330581970029,-1.5,0,-9.8066499999999994,0,0,0,-1.788039446720554,-0.35548723408687316,-9.7764624723745097,0.0070426165806283091,0.014695550017327275,0.018617753372758009,0.027368055270614779,-0.019960135093713232,0.035250032371517852,0.0012438471963882734,-0.00084665899146860299,0.0015600799850676117
13215282355,13.215282355000001,0.011215711298402048,decelerate,0,38.117106701602381,12.888718501205711,0,1.6786688156974516,2.1181675841494418,0,0.90030803604823084,0,0,0.43525330581970029,-1.5,0,-9.8066499999999994,0,0,0,-1.5317610458088313,-0.22653863686100315,-9.769195828472677,0.0046876909447311609,-0.018593521330374691,0.029600994569330432,0.027422153672414993,-0.020087279658862454,0.035311135376528746,0.001239599194591661,-0.00084767153516040366,0.0015545557020118996
13225459109,13.225459109000001,0.010176753820283681,decelerate,0,38.13414185639693,12.910213695695157,0,1.6691875037897219,2.1062039333385347,0,0.90030803604823084,0,0,0.43525330581970029,-1.5,0,-9.8066499999999994,0,0,0,-0.88280589951956878,-0.097934181752865862,-9.9569204952977621,0.039539316123858331,0.016498642201905746,-0.011986788730080576,0.027417948158614685,-0.020065748399541138,0.035243979862488714,0.0012401440549337124,-0.00085064814739001422,0.0015508718666849182
13233859879,13.233859879000001,0.0084007703094721425,decelerate,0,38.148131442096407,12.927865948877685,0,1.6613608112140847,2.0963281041399506,0,0.90030803604823084,0,0,0.43525330581970029,-1.5,0,-9.8066499999999994,0,0,0,-1.324318555046085,0.19401952759514721,-9.4103763052334592,-0.045222951817079096,-0.0089858336594736878,0.013116526644414804,0.027500847931090939,-0.020148866011079604,0.035348557655910176,0.0012399836873925288,-0.00084595701760585486,0.0015546766034424252
13242750482,13.242750482000002,0.0088906034655297627,decelerate,0,38.162865121615184,12.946457109957272,0,1.6530777588780223,2.0858764338688429,0,0.90030803604823084,0,0,0.43525330581970029,-1.5,0,-9.8066499999999994,0,0,0,-2.1033929219148404,0.085537150713741072,-9.9594418456374214,0.033830669066125273,-0.0084371928127307087,-0.0076305605066745953,0.027494176692182053,-0.020151367101249304,0.035400595403960282,0.0012367030165323866,-0.00084038876364065501,0.0015534767730182577
13251718524,13.251718524000001,0.0089680422816390305,decelerate,0,38.177652527961484,12.965116064292683,0,1.6447225596096215,2.0753337275982897,0,0.90030803604823084,0,0,0.43525330581970029,-1.5,0,-9.8066499999999994,0,0,0,-1.2520492843616076,0.15253626450142005,-9.9774018428128635,0.021915458781598954,0.022494547994538993,-0.0068438397339820678,0.027435544768278357,-0.020190615203007318,0.035455044271269165,0.001238427657943818,-0.00083889020692115004,0.0015544461861812734
13261743579,13.261743579000001,0.010025054704731496,decelerate,0,38.194094144693707,12.985862324226471,0,1.6353825802580366,2.0635484121661132,0,0.90030803604823084,0,0,0.43525330581970029,-1.5,0,-9.8066499999999994,0,0,0,-1.5366556977639894,0.19016469729760427,-9.7377576235869743,-0.018659373776953102,-0.012571244591612921,0.0041052209432377376,0.027420329051775501,-0.020238027238538972,0.035415375438985305,0.0012334350785049391,-0.00085015447675379529,0.0015582004331245859
13273046089,13.273046089000001,0.011302509667204221,decelerate,0,38.212518563624833,13.009110511463746,0,1.6248524425159498,2.0502613383768442,0,0.90030803604823084,0,0,0.43525330581970029,-1.5,0,-9.8066499999999994,0,0,0,-2.0702860077359335,0.12712830534061359,-9.8620353298700234,-0.019172315457094295,0.0078272701204983326,0.012618531336170545,0.027337231443154194,-0.020330632652332835,0.035449352750580761,0.0012313400968796662,-0.00084887596071603637,0.0015617817160404868
13282358194,13.282358194,0.0093121052455557383,decelerate,0,38.227608965828402,13.028151790172494,0,1.6161766922806691,2.0393141564522703,0,0.90030803604823084,0,0,0.43525330581970029,-1.5,0,-9.8066499999999994,0,0,0,-1.6384205718158427,0.20748650969813459,-9.492494327926984,-0.0098253972366916485,-0.0095645478352216866,-0.0062254427015404484,0.02731336503632753,-0.020494436261372279,0.035366601331890464,0.0012335125227510681,-0.00085112490584047715,0.0015619356746496421
13290856473,13.290856473000002,0.0084982791267006596,decelerate,0,38.241310043753515,13.045440000245557,0,1.6082591542816065,2.0293236972389579,0,0.90030803604823084,0,0,0.43525330581970029,-1.5,0,-9.8066499999999994,0,0,0,-2.1544638888988086,0.25719845375627676,-9.4174850592504651,-0.0011803238321781626,0.01103415781656579,-0.005172352243012341,0.027373280720085998,-0.020577516803591708,0.035421795729055676,0.0012387156711190083,-0.00085555808618550488,0.0015645830822299269
13302051935,13.302051935000001,0.011195462249257855,decelerate,0,38.259256861796501,13.068085544060878,0,1.5978287487307852,2.0161624669112812,0,0.90030803604823084,0,0,0.43525330581970029,-1.5,0,-9.8066499999999994,0,0,0,-1.0226772680097638,0.37373694960259773,-9.4989806230988414,-0.0047471356239085277,0.0070618209446403346,0.016574985671606028,0.027369197772678176,-0.020637833821409254,0.035353676935418105,0.0012347914103809175,-0.00084928924639818639,0.0015678352352842153
13312118358,13.312118358000001,0.010066422929786521,decelerate,0,38.275294077673067,13.088321525388519,0,1.5884502281064385,2.0043285195668106,0,0.90030803604823084,0,0,0.43525330581970029,-1.5,0,-9.8066499999999994,0,0,0,-1.4702357033840177,-0.21269802964443268,-9.3898620243615696,0.013329372509646456,-0.017787466396043072,-0.01073923735108483,0.02729851878815651,-0.0206709262451992,0.035383880072590398,0.001238751996775809,-0.00085073007266076104,0.0015681346893149249
13320363385,13.320363385,0.0082450271312654397,decelerate,0,38.288359225431947,13.104807309961513,0,1.5807686357932382,1.9946357798909908,0,0.90030803604823084,0,0,0.43525330581970029,-1.5,0,-9.8066499999999994,0,0,0,-1.3008187505207305,-0.22727010674678993,-9.425101525509799,0.034893984880943224,-0.0085557723780430306,0.013302431041386375,0.027402922977533366,-0.020677683576456215,0.0354382841387062,0.0012434532097130408,-0.00085162384605137428,0.001568518278670851
13330236138,13.330236138,0.0098727531091365797,decelerate,0,38.303920358682262,13.124442563631096,0,1.5715705503065713,1.9830295081047371,0,0.90030803604823084,0,0,0.43525330581970029,-1.5,0,-9.8066499999999994,0,0,0,-1.3774424706989588,0.0061041238814028217,-9.8923029521294801,0.001243862648838344,-0.017033662367903643,0.0033940952184203063,0.027395022617557122,-0.020614803027776477,0.035393091106434321,0.0012467023902586255,-0.00085313963414461913,0.0015715754412777467
13340738811,13.340738811000001,0.010502673397376547,decelerate,0,38.320374666776992,13.145204837702043,0,1.5617855909664851,1.9706827107540161,0,0.90030803604823084,0,0,0.43525330581970029,-1.5,0,-9.8066499999999994,0,0,0,-1.7406802843551685,0.16112159749270533,-9.5698607138021732,-0.015144928876058988,-0.0095360476806683227,-0.00094867464831713526,0.027322712532885738,-0.020598939853761114,0.035455685540804485,0.0012479443290882531,-0.0008525327402550874,0.0015664341956004935
13351062807,13.351062807000002,0.010323996482647129,decelerate,0,38.336448885083158,13.165487509208347,0,1.552167098418185,1.958545963509011,0,0.90030803604823084,0,0,0.43525330581970029,-1.5,0,-9.8066499999999994,0,0,0,-1.8614370843181205,0.0025541809490617039,-10.426356621264453,-0.00025237565890406412,0.0015433945246059715,0.0066235707630128531,0.027213284442015283,-0.020606576319062538,0.035572948075750462,0.001244295634173651,-0.00085931480140860649,0.0015647862043057382
13360387225,13.360387225,0.0093244183966305055,decelerate,0,38.350881438884201,13.183698705682604,0,1.5434798764672697,1.9475843064146097,0,0.90030803604823084,0,0,0.43525330581970029,-1.5,0,-9.8066499999999994,0,0,0,-1.5263910456470673,0.49647507174382943,-9.727209934542719,0.0057547254555031357,0.0076428704653494287,-0.0060271764500078049,0.027092612975294635,-0.020757201717220619,0.035633886093334302,0.0012485211742170545,-0.00085820857319994026,0.0015678399838531035
13368402352,13.368402352,0.0080151274902995132,decelerate,0,38.363222700778593,13.19927108103607,0,1.5360124732994458,1.9381618335718722,0,0.90030803604823084,0,0,0.43525330581970029,-1.5,0,-9.8066499999999994,0,0,0,-1.7957509930793856,0.064886761951292782,-10.065909674701679,0.019781603704446028,-0.023827688948256147,-0.013224513938202152,0.027086522497328791,-0.020664954030198291,0.035624652617027984,0.0012486355208089935,-0.00085789893749636836,0.0015628013039893883
13376504443,13.376504443,0.0081020911149753769,decelerate,0,38.37563703478142,13.214935659789004,0,1.5284640492810895,1.9286371274966871,0,0.90030803604823084,0,0,0.43525330581970029,-1.5,0,-9.8066499999999994,0,0,0,-1.4553672428638713,-0.028725617128110257,-9.4948842145739381,-0.010969163178787248,0.0078287292825647455,-0.00096110770957388001,0.027141673033306352,-0.0206577665325368,0.035619117588729605,0.0012509587953682731,-0.00085546319650159634,0.0015633368862249645
13387281200,13.3872812,0.010776757431198063,decelerate,0,38.39205482007138,13.235651848878552,0,1.5184237358016104,1.9159681207527361,0,0.90030803604823084,0,0,0.43525330581970029,-1.5,0,-9.8066499999999994,0,0,0,-1.4094475279606697,-0.14406049089716069,-9.0716144320415619,-0.0016987359121984995,-0.012026659450183167,0.0019511274238012976,0.027191224893129338,-0.020621097091367498,0.035552145732669536,0.0012520007256517933,-0.00085683154770047759,0.0015619430561389558
13396889840,13.39688984,0.0096086397941944103,decelerate,0,38.406601798432469,13.254007427849007,0,1.5094717150976997,1.9046723369207241,0,0.90030803604823084,0,0,0.43525330581970029,-1.5,0,-9.8066499999999994,0,0,0,-1.6916659577884805,0.39949260998406866,-9.9404464507513914,-0.022592617074063466,0.019261926733591627,0.0016374437318753814,0.027121237713598069,-0.020607473082830351,0.035493323138137876,0.0012464639938776117,-0.00086234900936953205,0.0015562088875019882
13405708356,13.405708356000002,0.0088185156153332243,decelerate,0,38.419876872342734,13.27075810015015,0,1.5012558243933858,1.8943054121276628,0,0.90030803604823084,0,0,0.43525330581970029,-1.5,0,-9.8066499999999994,0,0,0,-0.97601284656036924,0.33040408103819285,-10.094617222301038,0.030406189250050075,0.01176359863985392,-0.025048079068131293,0.027171555904785531,-0.020609274886023071,0.03546849257878916,0.0012484317677483525,-0.00085961909923821785,0.0015633145656754844
13414746586,13.414746586000001,0.0090382300310436602,decelerate,0,38.43340751420142,13.287831251631729,0,1.4928352337481314,1.8836801941112316,0,0.90030803604823084,0,0,0.43525330581970029,-1.5,0,-9.8066499999999994,0,0,0,-1.3312141219523193,0.086919051456562785,-9.968803592065969,0.003157947929836793,0.0027852035452949927,0.021008331469301981,0.027274558527699576,-0.020478454161443699,0.035590971508842204,0.001253908497970772,-0.00086615996080205307,0.0015651142739760212
13423985210,13.423985210000001,0.0092386244102652185,decelerate,0,38.447159498468942,13.305183696033389,0,1.4842279429382168,1.8728193952386833,0,0.90030803604823084,0,0,0.43525330581970029,-1.5,0,-9.8066499999999994,0,0,0,-1.6894505784590998,-0.25675855593075619,-10.093114775248191,0.013801999035584014,0.016591093490724424,-0.014187615959489022,0.027337226270426677,-0.02048086085060721,0.035570634527753976,0.0012485326182231082,-0.00086504900461345524,0.0015615724283633717
13433584119,13.433584119000001,0.0095989090290684413,decelerate,0,38.461363546166318,13.323106560338106,0,1.4752849880347458,1.8615350507593513,0,0.90030803604823084,0,0,0.43525330581970029,-1.5,0,-9.8066499999999994,0,0,0,-1.1907995727800533,-0.10399897341516871,-9.7110049607415032,-0.035133658474884942,0.011369507385017758,-0.014728961154790584,0.027445950464460089,-0.020553848775090162,0.035502238628937866,0.0012528946822305215,-0.00086660462172867081,0.0015612108646305086
13443531842,13.443531842000001,0.0099477226349681744,decelerate,0,38.475993174626993,13.341566428350058,0,1.4660170561638057,1.8498406458370948,0,0.90030803604823084,0,0,0.43525330581970029,-1.5,0,-9.8066499999999994,0,0,0,-1.5182848424582334,0.5317231917272276,-9.3893410082053119,-0.0013468538956791746,-0.014959237090869434,-0.025961550349344577,0.027411240648626864,-0.020657399049971669,0.035580407641354374,0.0012544670673865597,-0.00087098070920640794,0.0015694523225855833
13452466307,13.452466307000002,0.0089344651498659139,decelerate,0,38.489054068052681,13.358046844746442,0,1.4576931394895338,1.8393374123775046,0,0.90030803604823084,0,0,0.43525330581970029,-1.5,0,-9.8066499999999994,0,0,0,-0.88184747259349294,-0.44517859404827587,-9.5976942449494143,-0.0097450207518502887,0.0058346221390877234,-0.0021624197537295923,0.027416863305064716,-0.020602571220518798,0.035576487658518917,0.0012559529983337064,-0.00086972868382396496,0.0015676978726973075
13461828802,13.461828802000001,0.0093624950641916921,decelerate,0,38.502660879774332,13.375216108417099,0,1.4489704428904222,1.8283309928802007,0,0.90030803604823084,0,0,0.43525330581970029,-1.5,0,-9.8066499999999994,0,0,0,-1.2295818980861035,0.047016551384332195,-9.9461229838642495,0.019985026047295181,0.02072659539623746,-0.013491095852796934,0.027485665315119652,-0.020631456756834633,0.035472021280882046,0.001258621613715291,-0.00086560297827031028,0.0015682701733277286
13473744036,13.473744036000001,0.011915234201047595,decelerate,0,38.51985956649834,13.396917649762281,0,1.4378694519547257,1.8143236086171175,0,0.90030803604823084,0,0,0.43525330581970029,-1.5,0,-9.8066499999999994,0,0,0,-2.0369172110692602,-0.19867667614131787,-9.6032117807888913,0.0018991352742350957,-0.006731462807000925,-0.0066051514788474514,0.027487358818093739,-0.020694625602506882,0.035448409078955689,0.0012600950659535123,-0.00086661703746564308,0.0015671201199028294
13484871673,13.484871673000001,0.011127636534260585,decelerate,0,38.53580197384435,13.417034000371675,0,1.4275022371590911,1.8012421132603911,0,0.90030803604823084,0,0,0.43525330581970029,-1.5,0,-9.8066499999999994,0,0,0,-1.4774582128373925,-0.1993898002831816,-9.6784613259278647,0.0095267279356714279,0.037126006249968486,-0.01482100971740603,0.027525094707626988,-0.020699545269595603,0.035441468977518771,0.0012522426450622482,-0.00086509587955854272,0.0015606146511679519
13495000678,13.495000678,0.010129004915034562,decelerate,0,38.550213358192352,13.435218484936597,0,1.4180654111721092,1.7893345954010214,0,0.90030803604823084,0,0,0.43525330581970029,-1.5,0,-9.8066499999999994,0,0,0,-1.7489196124999147,-0.69577112697122545,-9.2578937272479749,-0.0026722351345165041,0.0096826785490126618,0.015755433910883673,0.027511785313734476,-0.020577889176053219,0.035552852081041558,0.0012586374633511109,-0.00085185290611301779,0.00156127664710058
13504006126,13.504006126,0.0090054475602560358,decelerate,0,38.56294589381919,13.451284574910154,0,1.409675362764206,1.7787479160031074,0,0.90030803604823084,0,0,0.43525330581970029,-1.5,0,-9.8066499999999994,0,0,0,-1.1653970096772042,0.10297078895643318,-9.7912211666853821,0.023493266724693849,-0.029781680944756597,-0.0099972996089174437,0.027444488336438259,-0.020489977515720209,0.035515200787589976,0.0012560087101525059,-0.00084954575501451624,0.0015577849193769147
13515870518,13.515870518000002,0.011864391662763958,decelerate,0,38.579605262185339,13.472305596874468,0,1.3986217399747929,1.7648003015237006,0,0.90030803604823084,0,0,0.43525330581970029,-1.5,0,-9.8066499999999994,0,0,0,-1.6181837746749737,-0.21401981882467902,-10.152899716983276,-0.020038554337995295,-0.0098839924409356867,0.0082787873067160771,0.02740601449755091,-0.020491555566852233,0.03549437573459345,0.0012564651085891175,-0.00084840079548965822,0.0015677981932163811
13524815105,13.524815105,0.0089445867093990092,decelerate,0,38.592078086441738,13.488043979440249,0,1.3902883934111259,1.754285169298939,0,0.90030803604823084,0,0,0.43525330581970029,-1.5,0,-9.8066499999999994,0,0,0,-1.7062686420104032,-0.21593674092313803,-9.8598969061285171,0.0031865638782534898,0.0052660238900221687,0.0062072744780124183,0.027316139691209718,-0.020509996313215231,0.035672610492043032,0.0012611150741851855,-0.0008490213581122878,0.0015638860348828739
13536663673,13.536663673000001,0.011848567525470777,decelerate,0,38.608485614893318,13.508747226308927,0,1.3792495133956855,1.7403561574561199,0,0.90030803604823084,0,0,0.43525330581970029,-1.5,0,-9.8066499999999994,0,0,0,-1.454854323942556,0.53121187713834328,-9.5739156382889607,-0.008516352610175127,-0.006770509769860141,-0.0040771919166003685,0.027273043861369951,-0.020506532487025879,0.035673919283344672,0.0012627079629506158,-0.00084600311108457634,0.0015601701405597941
13547834075,13.547834075000001,0.011170402136831197,decelerate,0,38.623834261093776,13.52811436087315,0,1.3688424554414116,1.7272243874494502,0,0.90030803604823084,0,0,0.43525330581970029,-1.5,0,-9.8066499999999994,0,0,0,-1.5514070990437774,0.061588401907650941,-9.5047775639449412,-0.015095956891153174,-0.0048955869512555435,-0.01278349362996976,0.027307518587268917,-0.020520741818934637,0.035678329179951722,0.0012615492403805512,-0.00085179147935683685,0.00156517035401718
13558225882,13.558225882,0.010391807130863217,decelerate,0,38.638008702863402,13.545999868007778,0,1.3591607861750976,1.7150079229457942,0,0.90030803604823084,0,0,0.43525330581970029,-1.5,0,-9.8066499999999994,0,0,0,-1.4904422878267063,-0.096972121491760002,-9.4938011903012249,0.015247834982882395,-0.019196403593656531,0.021682230301586045,0.027362289582875173,-0.020541728920151752,0.035680078027692262,0.0012604512847773357,-0.0008581722141856803,0.0015654484593829263
13569069837,13.569069837000001,0.010843954745383719,decelerate,0,38.652692603123384,13.564528216928496,0,1.349057867398644,1.7022599199701818,0,0.90030803604823084,0,0,0.43525330581970029,-1.5,0,-9.8066499999999994,0,0,0,-1.4695564465658737,-0.29125116342996443,-9.8902784344772758,-0.0061764193207353088,-0.0020866566311632225,0.021819732442013469,0.02739435179909663,-0.020620487177199154,0.035624534097785883,0.0012584045583512178,-0.00085480450611357685,0.0015619136238416015
13581016630,13.581016630000001,0.011946793431113645,decelerate,0,38.668743032535701,13.584780871278728,0,1.3379274738745479,1.6882154351134282,0,0.90030803604823084,0,0,0.43525330581970029,-1.5,0,-9.8066499999999994,0,0,0,-1.6758835082858043,0.0042392574414655548,-9.7836889561623082,-0.0022897011455480908,-0.0022129499946440903,-0.0013429227650758339,0.027350709985870872,-0.020504510650545218,0.03552660661984109,0.0012557818983473363,-0.0008588935916341334,0.0015614231791387073
13591243388,13.591243388000001,0.010226758185824763,decelerate,0,38.682376973520832,13.601984367030155,0,1.3283995747156361,1.6761929998631095,0,0.90030803604823084,0,0,0.43525330581970029,-1.5,0,-9.8066499999999994,0,0,0,-1.194276531291266,-0.46640471537532358,-9.8923853172785652,-0.023281589384320466,0.0081936260618884014,-0.018756958578477593,0.02732267436132392,-0.020468671690991456,0.035486764350499141,0.0012523483839038611,-0.00086286558091731782,0.0015549074845056918
13603003736,13.603003736000002,0.011760348378304832,decelerate,0,38.697934988062634,13.621615685470108,0,1.3174428852754305,1.6623676972275843,0,0.90030803604823084,0,0,0.43525330581970029,-1.5,0,-9.8066499999999994,0,0,0,-0.97435170231069657,0.0034473634436763718,-9.5167320928433803,0.0099503347756484638,-0.0039054789483340359,0.0014696945760631721,0.027449641060615305,-0.020562403505901085,0.035534451940118908,0.001249805835224741,-0.00086945563202177637,0.001557178366777527
13612760401,13.612760401000001,0.00975666543991743,decelerate,0,38.710744493823519,13.637778897425889,0,1.3083529544537917,1.6508978964970833,0,0.90030803604823084,0,0,0.43525330581970029,-1.5,0,-9.8066499999999994,0,0,0,-1.711145811225792,-0.2494979360130512,-10.439109302359819,-0.025563498556239454,-0.0058600059426849298,0.0021251557431877198,0.027577923931024696,-0.020513770508370843,0.035487467811188222,0.0012561173434881836,-0.00086449779777221373,0.0015615405595753023
13621513676,13.621513676000001,0.0087532750881006913,decelerate,0,38.722161175192255,13.652184624254009,0,1.3001978459791201,1.6406076675640491,0,0.90030803604823084,0,0,0.43525330581970029,-1.5,0,-9.8066499999999994,0,0,0,-1.2093342533509945,-0.094793409569796483,-10.450994527014178,-0.025545600478479875,0.021963893735459226,-0.01180045227719754,0.02763429886225325,-0.020469994365716063,0.03541742912132427,0.0012551618625175744,-0.00086199533489066029,0.0015705019606701797
13630625674,13.630625674000001,0.0091119976274451325,decelerate,0,38.733969897560776,13.667085033850775,0,1.2917085287435879,1.629895729383203,0,0.90030803604823084,0,0,0.43525330581970029,-1.5,0,-9.8066499999999994,0,0,0,-1.2948076608294867,0.36999095769745999,-10.057548760700916,-0.014628601320273639,0.0052532743000344682,0.011143668147962776,0.02761091815002812,-0.020507874705615999,0.03541809396326405,0.0012566041988784395,-0.00086452079581941451,0.0015752422636620118
13642153721,13.642153721000001,0.011528046696788617,decelerate,0,38.748798866675529,13.685796432663627,0,1.2809682663426958,1.6163435173863556,0,0.90030803604823084,0,0,0.43525330581970029,-1.5,0,-9.8066499999999994,0,0,0,-1.7498793940145241,-0.015981078688896512,-10.004564713946221,0.0039093029618256182,-0.0074092756108268421,0.016849801581861158,0.027545748329259261,-0.020512716822150969,0.03546929238870021,0.0012568973902940823,-0.00086265566525417991,0.0015751233675763861
13652701731,13.652701731000001,0.010548010072908162,decelerate,0,38.762258704160899,13.702780242205355,0,1.2711410684686757,1.6039434228679361,0,0.90030803604823084,0,0,0.43525330581970029,-1.5,0,-9.8066499999999994,0,0,0,-1.6980382132568212,-0.019035552329119597,-9.5845735891054176,0.00078247493078541903,0.010660614884965169,-0.018022175111787074,0.027463524655526685,-0.020358416427250378,0.03540161178517276,0.0012537388340785602,-0.00086234758111968499,0.0015715105885124783
13661771610,13.661771610000001,0.0090698790279234789,decelerate,0,38.773749479291858,13.717279461569859,0,1.2626909916025415,1.5932809987292116,0,0.90030803604823084,0,0,0.43525330581970029,-1.5,0,-9.8066499999999994,0,0,0,-1.5649663040542812,-0.45611237630697798,-9.2962198270791916,-0.0075437665733414554,-0.0013758725509615301,-0.018043084745574079,0.027359174790604894,-0.020474966213419536,0.035323558866358087,0.0012620235152627716,-0.00086547736125786067,0.0015725455488294602
13670783126,13.670783126000002,0.0090115163814461895,decelerate,0,38.785090410842045,13.731589606226764,0,1.2542952890943595,1.5826871849091788,0,0.90030803604823084,0,0,0.43525330581970029,-1.5,0,-9.8066499999999994,0,0,0,-1.4800597887482403,0.46717556953849693,-10.004562253036756,-0.0046553754483068654,-0.0025548604356575421,-0.012155407659782069,0.027186988060295288,-0.020612968133017752,0.035262538975526024,0.0012620651688303969,-0.00086336636047926098,0.001577451734087936
13681567235,13.681567235000001,0.010784108940204141,decelerate,0,38.798562693034739,13.748589118672719,0,1.2442481264809511,1.5700095358330819,0,0.90030803604823084,0,0,0.43525330581970029,-1.5,0,-9.8066499999999994,0,0,0,-1.0182053656032097,0.067842049371067387,-9.6760622892039905,-0.022820366416934534,0.0064006885795142143,0.0027304557153915226,0.027299511738033543,-0.020545874269521838,0.035183295446667207,0.0012620443692708569,-0.00085941616052794131,0.0015766207508046844
13691626260,13.691626260000001,0.010059024858675578,decelerate,0,38.811031481149307,13.764322408378787,0,1.2348764983707554,1.5581842855585226,0,0.90030803604823084,0,0,0.43525330581970029,-1.5,0,-9.8066499999999994,0,0,0,-1.761699566678895,0.28652578841975573,-10.05422218443656,0.017123323981704481,0.015190739695488262,0.011521389456663027,0.027359447352969853,-0.020456250294601016,0.035139780625105026,0.0012682926546429105,-0.0008571803942365421,0.0015762475977428953
13702731239,13.702731239,0.011104979197926673,decelerate,0,38.824687312331001,13.781553525483718,0,1.2245303925924533,1.545129425852515,0,0.90030803604823084,0,0,0.43525330581970029,-1.5,0,-9.8066499999999994,0,0,0,-1.5052975466394418,-0.092757271696290139,-10.268016125671164,0.00096503696018837364,-0.0067896646655607818,0.014870814581123512,0.027247754873970752,-0.020487788815771617,0.035096041517658799,0.0012634044204651164,-0.00085527271712061129,0.001573048850842791
13714333676,13.714333676000001,0.011602437367641879,decelerate,0,38.838832140839358,13.799401666194726,0,1.2137208231054473,1.5314897612135585,0,0.90030803604823084,0,0,0.43525330581970029,-1.5,0,-9.8066499999999994,0,0,0,-1.2018495595716476,0.23727633122325342,-9.4948614200335761,0.0064220135795858809,0.0094436385545369171,-0.023550783888156283,0.027323586682542603,-0.020383521331872323,0.035241450724848772,0.0012614337266437421,-0.00085544862239512532,0.0015728269373739615
13725432815,13.725432815000001,0.011099139408878101,decelerate,0,38.852246011216927,13.816327473802552,0,1.2033801580464965,1.5184417666826564,0,0.90030803604823084,0,0,0.43525330581970029,-1.5,0,-9.8066499999999994,0,0,0,-1.7256628301262351,0.20308906394095355,-10.228390009605489,0.013704976222971154,0.016073297097281565,-0.00093738199081630871,0.02721268702589761,-0.020437525424445324,0.035233939256209712,0.0012659077825960565,-0.00085342072904083749,0.0015742052071854148
13735419602,13.735419602,0.0099867872131037417,decelerate,0,38.864217452625255,13.831433204539636,0,1.1940758311269597,1.5067014379835117,0,0.90030803604823084,0,0,0.43525330581970029,-1.5,0,-9.8066499999999994,0,0,0,-1.4355685941399468,0.17885059048544935,-9.667167831235794,0.0069060059611946003,-0.0033591388293340036,-0.0083050431045536693,0.02720914879541456,-0.02038994968046437,0.035254906912079768,0.0012692360582997901,-0.00085182987473721692,0.0015769790732326732
13744169705,13.744169705000001,0.008750102673470754,decelerate,0,38.874630072660295,13.844571992856929,0,1.1859236782757743,1.4964149384971683,0,0.90030803604823084,0,0,0.43525330581970029,-1.5,0,-9.8066499999999994,0,0,0,-1.1965303520188315,-0.10062606443737424,-9.3317160943744444,0.0013852138753059791,-0.0027095118360166066,-0.0085359796785494033,0.027229293401473943,-0.020491012191235627,0.035312686730306464,0.001265426917220094,-0.00084996631362632984,0.0015735695062689431
13755715037,13.755715037000002,0.011545331918380201,decelerate,0,38.888259862245611,13.861770250314523,0,1.1751673118617363,1.4828424062332728,0,0.90030803604823084,0,0,0.43525330581970029,-1.5,0,-9.8066499999999994,0,0,0,-1.2186426713445591,-0.20490845527844437,-9.87822794952816,-0.0049588527724445768,-0.013682860458977866,0.013321407775746431,0.027301880474377482,-0.020530111147956373,0.035240389605742113,0.0012672390834288783,-0.00085300478414621376,0.0015744000161594187
13766788075,13.766788075000001,0.011073037555800296,decelerate,0,38.901215417375816,13.878117749389293,0,1.1648509649512611,1.4698250966792559,0,0.90030803604823084,0,0,0.43525330581970029,-1.5,0,-9.8066499999999994,0,0,0,-1.6781550278587261,0.25593497456284736,-9.8772661953403293,0.0025735480448468642,0.041669978866926173,0.0081355785857653851,0.027353354386183613,-0.020538605736996549,0.035264178281250357,0.0012684348645070039,-0.00084816284895581208,0.0015692767445688318
13775237594,13.775237594,0.0084495186402822695,decelerate,0,38.911024589548816,13.890495098828262,0,1.1569788553263807,1.4598919596182898,0,0.90030803604823084,0,0,0.43525330581970029,-1.5,0,-9.8066499999999994,0,0,0,-1.2313312359611506,-0.11176681644244861,-9.8091564780936942,-0.017605239296590511,0.01303277098875974,0.0042573851896019694,0.027306549101630335,-0.020372671721732332,0.035274554313739923,0.0012699795030102175,-0.00084529074292534045,0.0015701103059001663
13785110894,13.785110894000001,0.0098732998067209907,decelerate,0,38.922402378415242,13.904851750557766,0,1.1477802605014307,1.4482850451419291,0,0.90030803604823084,0,0,0.43525330581970029,-1.5,0,-9.8066499999999994,0,0,0,-1.2315218278693385,0.19699408049943301,-9.81950769375708,0.021028942866632039,-0.0083151639695094124,0.00033933979239086898,0.027328172803305583,-0.020249219242571215,0.035269358074472609,0.0012655807440094037,-0.00084659578082436763,0.00157134057814349
13795000716,13.795000716000001,0.009889822484336213,decelerate,0,38.933708159087786,13.919117541349937,0,1.1385662720978615,1.4366587068346555,0,0.90030803604823084,0,0,0.43525330581970029,-1.5,0,-9.8066499999999994,0,0,0,-2.0274396309535181,-0.026247471657837088,-9.5782496027607973,-0.0068890972465500879,0.0082446720382125076,0.032706945517014425,0.027322062496640282,-0.020301574048350764,0.035231903653003105,0.0012617601790519111,-0.00085341843491342851,0.0015761219422728507
13806322027,13.806322027,0.011321311414337823,decelerate,0,38.946538515778592,13.935307063298167,0,1.1280186174508626,1.4233495299719199,0,0.90030803604823084,0,0,0.43525330581970029,-1.5,0,-9.8066499999999994,0,0,0,-1.7497163793216424,0.35266784143810354,-10.02299645759952,0.023284715287388364,-0.0079235192502469295,-0.0072078384929744731,0.027392078703099114,-0.02035001219237496,0.035247253345548651,0.0012640678156866328,-0.00085321173778610357,0.0015740359691867375
13817132771,13.817132771000001,0.010810744417670319,decelerate,0,38.958678793960686,13.950625834617087,0,1.1179466395305178,1.4106405685974992,0,0.90030803604823084,0,0,0.43525330581970029,-1.5,0,-9.8066499999999994,0,0,0,-0.87371045587753915,-0.69362077648789267,-9.8030317209946887,0.043761548517159993,0.003874100080946242,-0.024131082560030041,0.027400435354322492,-0.02039214018870774,0.035278132849831403,0.0012627570419947202,-0.00085468861881747929,0.00157667275375444
13826554233,13.826554233000001,0.0094214619287318838,decelerate,0,38.969170136591643,13.963863956197287,0,1.1091690056454309,1.3995648284711195,0,0.90030803604823084,0,0,0.43525330581970029,-1.5,0,-9.8066499999999994,0,0,0,-1.6666763886053089,-0.045857912374220822,-9.4249599061733491,-0.0016761190542096118,-0.012137487276195458,0.024293974341820589,0.027392925585552782,-0.020377423271426588,0.035186808788651887,0.0012586838480585839,-0.00085181065921443699,0.0015681070243506615
13837261304,13.837261304,0.010707070727484645,decelerate,0,38.980992683986528,13.978781810403998,0,1.0991936167367331,1.3869777444506728,0,0.90030803604823084,0,0,0.43525330581970029,-1.5,0,-9.8066499999999994,0,0,0,-1.6954021521317344,0.12316227083827111,-9.6184748896279082,-0.0043433896725844088,-0.0060285530733014204,0.0015275682095889102,0.027247534627726454,-0.02029696043567086,0.035057461781819191,0.0012579872766201388,-0.00085129890357888555,0.0015682105455286511
13847127527,13.847127527000001,0.0098662230097772557,decelerate,0,38.991792228171185,13.992408824977458,0,1.0900016151064615,1.3753791493587633,0,0.90030803604823084,0,0,0.43525330581970029,-1.5,0,-9.8066499999999994,0,0,0,-0.97383481544917672,-0.12749539444531738,-9.2544383980232308,-0.0037693342970937394,-0.016569099567742909,0.0092550901456716177,0.02718451943251269,-0.020339241710889366,0.034987284301203563,0.001254332252738418,-0.0008485241842435189,0.0015733120567334607
13856165570,13.856165570000002,0.0090380427217787041,decelerate,0,39.001605657294938,14.004791545895907,0,1.0815811989704462,1.3647541515405093,0,0.90030803604823084,0,0,0.43525330581970029,-1.5,0,-9.8066499999999994,0,0,0,-1.503584723734509,-0.48643490917997367,-9.6814745260784552,-0.015170210063097826,0.015781579688614548,-0.028899388758889467,0.027199514907752215,-0.020293142208767486,0.034930676711248852,0.0012522344604566438,-0.00084689225645500699,0.0015815258758238352
13865788697,13.865788697000001,0.0096231268038408351,decelerate,0,39.01197071216432,14.017870315827741,0,1.0726156812458261,1.3534413369806475,0,0.90030803604823084,0,0,0.43525330581970029,-1.5,0,-9.8066499999999994,0,0,0,-1.0846211752923645,-0.031093087271072052,-9.6522755793914925,0.013173974829564124,0.0091314333079415781,0.0048244233037324398,0.027176568711979439,-0.020248011227829651,0.03505125125844355,0.0012499496988088231,-0.00085216114465394208,0.0015855133535172504
13877762470,13.87776247,0.011973773244996832,decelerate,0,39.024747182219443,14.033991842871989,0,1.06146015160906,1.3393651350284483,0,0.90030803604823084,0,0,0.43525330581970029,-1.5,0,-9.8066499999999994,0,0,0,-1.2789235415689726,0.21770733404518958,-9.7736469619443991,-0.0091627728894325133,-0.0068070964814414712,-0.0050670034726398722,0.027259736162603465,-0.020342001705623381,0.035023977764410505,0.001249156205948554,-0.00085301310634317647,0.0015878103513080007
13889177577,13.889177577000002,0.011415107479945827,decelerate,0,39.036803163867511,14.049204247655611,0,1.050825110574471,1.3259456928103561,0,0.90030803604823084,0,0,0.43525330581970029,-1.5,0,-9.8066499999999994,0,0,0,-1.6616726257745951,0.022376792084284943,-9.5188251303534059,0.019655914786162274,-0.0042488349267520943,0.00097232645737419161,0.027259429666147413,-0.020364884637843184,0.035078378153749937,0.0012479377871731775,-0.00084826129973468651,0.0015923003293349394
13897648808,13.897648808000001,0.0084712311942524918,decelerate,0,39.045671517412195,14.060394459106174,0,1.0429327721516715,1.3159870307717301,0,0.90030803604823084,0,0,0.43525330581970029,-1.5,0,-9.8066499999999994,0,0,0,-1.1218545336827774,0.10784027164565932,-9.9814657755562894,0.021135875433905923,-0.017677225812084255,-0.019581319938951181,0.027182865438727995,-0.020327990941448239,0.035029180229138188,0.001242575247297661,-0.00084590089622157548,0.0015991739637529392
13907357121,13.907357121,0.0097083131664835575,decelerate,0,39.055752730098618,14.073115073036458,0,1.0338878893870036,1.3045740723040462,0,0.90030803604823084,0,0,0.43525330581970029,-1.5,0,-9.8066499999999994,0,0,0,-1.3759000326748292,-0.13687521483025414,-9.7697505813944439,-0.014702539022699619,0.00044026520547751414,0.043670930285266051,0.027122088571947006,-0.02022272214463099,0.034948211251206632,0.0012504662743864166,-0.00084805642054677213,0.0015988063695692334
13916052924,13.916052924000001,0.0086958025253816833,decelerate,0,39.064707990220484,14.084414944410954,0,1.0257863260115745,1.2943514073195677,0,0.90030803604823084,0,0,0.43525330581970029,-1.5,0,-9.8066499999999994,0,0,0,-1.9161777515453691,-0.46193960657558708,-10.158879478671192,0.018483919938114008,-0.0056769461908953468,0.0065000308980793561,0.027120189623010042,-0.020365434212065246,0.034991335826700595,0.0012469203149797778,-0.00084475119388809083,0.001602135137868245
13924633444,13.924633444000001,0.008580520053718935,decelerate,0,39.073475473341347,14.095477876162313,0,1.0177921671278556,1.284264266811749,0,0.90030803604823084,0,0,0.43525330581970029,-1.5,0,-9.8066499999999994,0,0,0,-1.6880429519910014,0.059636122327241546,-9.5231222960270028,0.0037051006612111087,-0.010361975062397052,0.016148917531683057,0.027214340442451444,-0.020317233410605935,0.034944236660491866,0.0012410677403919869,-0.00084269014822413479,0.0016046361408807498
13935711797,13.935711797000002,0.011078353396491505,decelerate,0,39.084693763151364,14.109633269771203,0,1.0074708676416833,1.2712407080290566,0,0.90030803604823084,0,0,0.43525330581970029,-1.5,0,-9.8066499999999994,0,0,0,-1.3781298083581517,-0.16444505344933286,-9.7655918617074438,0.02139284914183125,-0.0087448776779080646,0.0064226932014950335,0.027213321024323167,-0.020327698126229653,0.034881071156199581,0.0012419989569334184,-0.00084129087995929018,0.0016049497487262985
13945528221,13.945528221,0.0098164238296563587,decelerate,0,39.094538635614072,14.122055666330665,0,0.99832526209879024,1.2597006561634212,0,0.90030803604823084,0,0,0.43525330581970029,-1.5,0,-9.8066499999999994,0,0,0,-1.5431038606774006,0.0051731439707032104,-9.4984093654071096,0.0041501084006862173,-0.0055066248408440661,-0.010979056406525186,0.027225381130228321,-0.020373640136533526,0.034801992268323409,0.0012487920663255036,-0.00084203185663156346,0.0016052848231905338
13954899721,13.954899721,0.0093715000163665622,decelerate,0,39.103853529137005,14.133809328116463,0,0.98959417591280341,1.2486836505690875,0,0.90030803604823084,0,0,0.43525330581970029,-1.5,0,-9.8066499999999994,0,0,0,-1.85603805683101,0.0082819032650771028,-9.8957470002014318,-0.0041924781692162889,0.0155705115121181,-0.0029303428681024587,0.027398350147695826,-0.020347205623684604,0.034924471855890815,0.0012499424822332258,-0.00084795252782266352,0.0016025083973593478
13963401262,13.963401262000001,0.0085015405977357742,decelerate,0,39.112232935647079,14.14438257942016,0,0.98167359931963649,1.2386893572156077,0,0.90030803604823084,0,0,0.43525330581970029,-1.5,0,-9.8066499999999994,0,0,0,-1.3799600155003984,-0.13850587429677189,-10.081163129981904,0.029381757816060519,0.024094186058986659,0.017869313755622788,0.027337538769627207,-0.02021738695139038,0.034862931340776344,0.0012493386982204068,-0.00085729728506627595,0.0016057141751191818
13975363908,13.975363908,0.011962645617923869,decelerate,0,39.123909686213956,14.159116465168005,0,0.97052843688885138,1.2246262367476428,0,0.90030803604823084,0,0,0.43525330581970029,-1.5,0,-9.8066499999999994,0,0,0,-1.9902819533842244,0.047274676061241167,-9.5650776454386985,-0.017206229482564325,0.014345021800072874,0.0069058083559035439,0.027354039598018996,-0.02029714209694675,0.03498480690744922,0.0012454483385407988,-0.00085518699509966073,0.0016034179209309591
13985875499,13.985875499,0.010511590720236844,decelerate,0,39.134060012516123,14.171924287616802,0,0.96073516960293937,1.2122689563157003,0,0.90030803604823084,0,0,0.43525330581970029,-1.5,0,-9.8066499999999994,0,0,0,-1.4369330962183697,-0.18260161335715666,-9.7247758855227815,-0.0019892136435831851,0.0031269698038955771,-0.0094538863176955399,0.027326880066931427,-0.020182059443103251,0.034962850358869833,0.0012496028027095334,-0.00086045936501556221,0.0016036454289339891
13994633713,13.994633713000001,0.0087582139470026438,decelerate,0,39.142438604435696,14.182496511058913,0,0.95257545977281133,1.2019729213285597,0,0.90030803604823084,0,0,0.43525330581970029,-1.5,0,-9.8066499999999994,0,0,0,-1.2301287488705284,-0.20862575328699992,-9.2044682006214327,-0.0094298833113082153,0.015464849296779668,0.0026598776544179297,0.027364579009009581,-0.020078041924605005,0.03490826532916437,0.0012589155423429533,-0.00085638333032397971,0.0016089446052421797
14005753400,14.005753400000001,0.011119686642638647,decelerate,0,39.152973346141572,14.195789394193518,0,0.94221565160245557,1.1889007717542932,0,0.90030803604823084,0,0,0.43525330581970029,-1.5,0,-9.8066499999999994,0,0,0,-0.98103189798345136,-0.13157562609309534,-9.384373395577045,0.0029173351320529763,0.0093624416496983307,-0.010561527260388706,0.027301779737247504,-0.020041426791233042,0.03488138771368423,0.0012548083904478646,-0.0008549972414298913,0.0016064883016204598
14016733988,14.016733988,0.010980588096917848,decelerate,0,39.163263261221168,14.208773351696891,0,0.93198543649499399,1.1759921445034212,0,0.90030803604823084,0,0,0.43525330581970029,-1.5,0,-9.8066499999999994,0,0,0,-1.4071972934176185,0.0259805984600542,-9.3757891239740978,-0.010707613417935073,-0.0042708267488951422,0.013437193875120134,0.027283198523467608,-0.020153914208081509,0.034842625301804236,0.0012555954350604978,-0.00085268448294771007,0.0016090882864613386
14027323462,14.027323462,0.01058947420353405,decelerate,0,39.173080259990812,14.22116057684401,0,0.92211960799647508,1.1635433053274471,0,0.90030803604823084,0,0,0.43525330581970029,-1.5,0,-9.8066499999999994,0,0,0,-1.3373869245105858,0.27513361815483744,-9.6158743713131258,0.018232538423785402,-0.034548057831736208,-0.0051985885839760555,0.027292236049772413,-0.020236067562908147,0.034942533853022699,0.0012610817863966824,-0.00085363720751838548,0.0016088259121621441
14035841036,14.035841036000001,0.0085175741541619037,decelerate,0,39.180900686464433,14.231028499388197,0,0.91418409352113561,1.1535301631471482,0,0.90030803604823084,0,0,0.43525330581970029,-1.5,0,-9.8066499999999994,0,0,0,-1.5352633291842714,-0.30772306843047698,-9.3758060468173987,-0.0056662188950000001,0.018137184259686322,-0.017630748137728858,0.02744877477154431,-0.020180626816583964,0.035031487647732493,0.0012643037037853772,-0.00085858137369553423,0.0015980473337871889
14047574863,14.047574863000001,0.011733826610398061,decelerate,0,39.191563427128457,14.244482893382726,0,0.90325211344880019,1.1397360391345639,0,0.90030803604823084,0,0,0.43525330581970029,-1.5,0,-9.8066499999999994,0,0,0,-1.5238976027224338,0.14964697246087283,-9.9607497160285021,-0.015403996523763114,-0.0096916571210998257,-0.013060458694347306,0.02742969123166079,-0.020162901726420372,0.03507268644378244,0.0012675625911090316,-0.00085942774885891375,0.0016008823659154259
14057530389,14.057530389,0.0099555264352024324,decelerate,0,39.200509607660265,14.255771308004613,0,0.89397691106062127,1.1280324601728593,0,0.90030803604823084,0,0,0.43525330581970029,-1.5,0,-9.8066499999999994,0,0,0,-2.0056265300806744,0.078603177934227178,-9.7797094867319956,-0.014125679547615585,-0.010392099346585349,0.0086948805876361553,0.027411047796174409,-0.020188213339916151,0.034927805419418249,0.0012597891673464157,-0.00086088683170237033,0.001600122269037296
14067257018,14.067257018000001,0.0097266293367749106,decelerate,0,39.209160918608681,14.2666876520982,0,0.88491496378534873,1.1165979694691177,0,0.90030803604823084,0,0,0.43525330581970029,-1.5,0,-9.8066499999999994,0,0,0,-1.6843177589557223,-0.4926858850142643,-9.2238778356094198,-0.00022631054640478076,0.0018120884150560179,-0.0022386721198559144,0.027398291139109111,-0.020135973792526993,0.034986115413966061,0.0012669356640509612,-0.00085825937169358595,0.0016033678382180051
14078355441,14.078355441000001,0.01109842268575782,decelerate,0,39.218924700087342,14.279007726929773,0,0.8745749664712974,1.1035508175079869,0,0.90030803604823084,0,0,0.43525330581970029,-1.5,0,-9.8066499999999994,0,0,0,-1.339034443647964,-0.023938217508479312,-9.4934489901951018,-0.01192780409362992,0.0062156880661956059,0.0046473489796324064,0.027449521054938145,-0.020131866178542977,0.034839217474062316,0.0012736605705341584,-0.000861463841277762,0.0016070962034373511
14088315572,14.088315572000001,0.0099601306131780233,decelerate,0,39.227589368508568,14.289940925667741,0,0.86529547453772548,1.0918418259384368,0,0.90030803604823084,0,0,0.43525330581970029,-1.5,0,-9.8066499999999994,0,0,0,-1.157274593292235,-0.16358655039238684,-10.040763774170394,0.0050657789934651278,0.010892827394780443,0.016614316335267498,0.027429113863670296,-0.0201533970145653,0.034688463894755918,0.0012790279692294546,-0.00086250242296225291,0.0016023986756341048
14097666357,14.097666357000001,0.0093507853167998055,decelerate,0,39.235639829701341,14.300099109209681,0,0.85658368748495306,1.0808491722579499,0,0.90030803604823084,0,0,0.43525330581970029,-1.5,0,-9.8066499999999994,0,0,0,-1.1722502518365165,-0.78385886807143912,-10.177648101784389,-0.010974421785062076,0.0093504660289593835,0.015582379228178964,0.027489984073578909,-0.020163397615813723,0.034826752518378752,0.0012802603839028284,-0.000858450134134877,0.0016039957608338529
14107833144,14.107833144000001,0.01016678669639386,decelerate,0,39.244300383306154,14.31102711581525,0,0.84711166158453854,1.0688972386598112,0,0.90030803604823084,0,0,0.43525330581970029,-1.5,0,-9.8066499999999994,0,0,0,-1.5545661341710817,-0.53144390884854043,-9.3913417240260895,-0.0039309350730484822,0.0020514104656622835,0.012408474005567306,0.027408214303180307,-0.020212948077431868,0.034836526577756155,0.0012733653828376869,-0.00086238490599648953,0.0015981878365997461
14119052135,14.119052135,0.01121899083881131,decelerate,0,39.253745489000515,14.322945081124177,0,0.83665933530140479,1.0557083484482011,0,0.90030803604823084,0,0,0.43525330581970029,-1.5,0,-9.8066499999999994,0,0,0,-1.6537322771904583,0.20505529286384036,-10.188993208995068,-0.0046945011611362782,-0.016344514794195835,0.0067164519043034646,0.027339669871316752,-0.020118593129490703,0.03492172909784011,0.0012740707094373925,-0.00085758210381772857,0.0016009024331675849
14130515414,14.130515414000001,0.011463279041450612,decelerate,0,39.263275134967976,14.334969720521746,0,0.82597941457258583,1.0422322764097323,0,0.90030803604823084,0,0,0.43525330581970029,-1.5,0,-9.8066499999999994,0,0,0,-1.3682624213395322,-0.12424587642684252,-9.7705112587677032,-0.017092873121404457,0.014204317800633309,-0.0025436753841290936,0.027357442243107655,-0.019937513730071205,0.034958796210677621,0.0012694673292580414,-0.00086102268261780454,0.0015930767443807115
14141313747,14.141313747000002,0.010798333424479983,decelerate,0,39.272140018230246,14.34615555312185,0,0.81591899952382063,1.0295379052269746,0,0.90030803604823084,0,0,0.43525330581970029,-1.5,0,-9.8066499999999994,0,0,0,-1.8344682487753476,0.40122668747535606,-9.5479554343804125,0.0038570418374706955,-0.015527290126373997,-0.0017883744560633203,0.027325110998641291,-0.019724623050691337,0.035031344935844248,0.0012605067186151886,-0.00086469517571207452,0.0015984408188783746
14152381567,14.152381567000001,0.01106782006365606,decelerate,0,39.281113400067888,14.357478290728542,0,0.80560751356127347,1.0165267292844438,0,0.90030803604823084,0,0,0.43525330581970029,-1.5,0,-9.8066499999999994,0,0,0,-1.8748773170741102,-0.19330430215016225,-9.7181268336432591,0.01242603561589036,0.017414427331783517,-0.007183197280690461,0.027317799845099456,-0.019816200015227031,0.035130522990623497,0.001269818632727001,-0.00087556076705406149,0.0015987141341159521
14161148410,14.161148410000001,0.0087668434410349376,decelerate,0,39.28814023232313,14.36634484508585,0,0.7974397639449845,1.0062205495836645,0,0.90030803604823084,0,0,0.43525330581970029,-1.5,0,-9.8066499999999994,0,0,0,-2.3882753433889756,0.026271920824312147,-9.9643825618317194,0.019902826932130711,-0.0026781965021250007,-0.0053593462465003402,0.027474786313870708,-0.019792553440571254,0.0350521917352839,0.0012638216342794988,-0.00087054671703281575,0.0015964931519962008
14170545718,14.170545718000001,0.0093973076790109453,decelerate,0,39.295592881814045,14.375748701534523,0,0.78868463369706399,0.99517320485864402,0,0.90030803604823084,0,0,0.43525330581970029,-1.5,0,-9.8066499999999994,0,0,0,-1.3454532190106376,0.43295201275210943,-9.382955906628732,-0.0042720727670806577,-0.0023607295909550715,0.0012414306820084549,0.02737219510397873,-0.019924456830760849,0.035064065348356946,0.0012700104499055677,-0.00087838051342010559,0.0015946287805234949
14179870624,14.179870624000001,0.0093249056884764456,decelerate,0,39.302906785761806,14.384977486933328,0,0.77999695775403477,0.98421097491069931,0,0.90030803604823084,0,0,0.43525330581970029,-1.5,0,-9.8066499999999994,0,0,0,-1.513482269421518,0.043675794800320272,-10.56229769486395,0.035130683085654951,-0.0098209059279580381,-0.0086200811548484708,0.027437582549669288,-0.019973556155469613,0.035028720188257256,0.0012777752609992015,-0.00087887571581287815,0.001594145242470433
14189146424,14.189146424,0.0092758000299363076,decelerate,0,39.31010180117724,14.394056257133805,0,0.77135503176951625,0.97330647289466565,0,0.90030803604823084,0,0,0.43525330581970029,-1.5,0,-9.8066499999999994,0,0,0,-1.6541666781700077,-0.56413560625520665,-9.1420371359893817,0.0025294692269955642,-0.0081021518217545274,-0.016675749513146144,0.027464865020379998,-0.019878311371305978,0.035062657603884197,0.0012762116577261433,-0.00088241118191123124,0.0015955068070415447
14199212620,14.199212620000001,0.010066195542976589,decelerate,0,39.317819209815092,14.403794190344611,0,0.76197672299320152,0.96147279286297893,0,0.90030803604823084,0,0,0.43525330581970029,-1.5,0,-9.8066499999999994,0,0,0,-1.5497084592451635,-0.076496718771278588,-9.9066867832921606,-0.0099448170165139359,0.0022028686027460928,0.009247941953163032,0.027473360655023992,-0.01978431106229258,0.035015871666539737,0.0012703221885948541,-0.0008870919047886418,0.0015896098977356689
14209726970,14.20972697,0.010514350146925004,decelerate,0,39.325779401448337,14.413838470504871,0,0.75218088484966827,0.94911226848724861,0,0.90030803604823084,0,0,0.43525330581970029,-1.5,0,-9.8066499999999994,0,0,0,-1.3796501548847764,-0.13324234700541715,-9.6402017124257284,-0.0065668820687154001,0.013835299646646478,-0.0014260533374201277,0.027414657241417419,-0.019708955847805704,0.034923745696109468,0.001270236720668695,-0.00089148368048921455,0.0015975461532471388
14218448770,14.21844877,0.0087217999969861331,decelerate,0,39.33230433695492,14.422071724586594,0,0.74405510057419122,0.93885904123529917,0,0.90030803604823084,0,0,0.43525330581970029,-1.5,0,-9.8066499999999994,0,0,0,-1.5848208829351436,-0.27643855331859113,-9.8037971468128138,-0.0078169745197873251,-0.0097165816702326352,0.0090692370708841934,0.027483882440039489,-0.019709955058934223,0.034900423437220468,0.0012703827812515593,-0.00089235019585387249,0.001597915115733552
14229688534,14.229688534000001,0.011239763846491377,decelerate,0,39.340608490970475,14.432550021249432,0,0.73358342083429162,0.9256457305636322,0,0.90030803604823084,0,0,0.43525330581970029,-1.5,0,-9.8066499999999994,0,0,0,-1.481042902596468,-0.36258189201371177,-10.119561742836705,-0.023670029782346905,-0.027271254208180103,0.011262414101035118,0.027588836035029506,-0.019722433572571519,0.035014354757443203,0.0012699088635071149,-0.00089329127895212946,0.001597027799179485
14238765900,14.238765900000001,0.009077365892427823,decelerate,0,39.347229112215835,14.440904012922907,0,0.72512636872842706,0.91497450497071342,0,0.90030803604823084,0,0,0.43525330581970029,-1.5,0,-9.8066499999999994,0,0,0,-1.6112472277743866,-0.50362637048830616,-9.9277865694538274,-0.030538046825141697,0.0037603566194169143,0.010855504875655711,0.027531139419242536,-0.019798094994186163,0.035086026394440126,0.0012692402233870827,-0.00088501982904544722,0.0016003898137074764
14248436740,14.248436740000001,0.0096708400370658261,decelerate,0,39.354198126343171,14.449697611564863,0,0.71611639831738816,0.90360559939485152,0,0.90030803604823084,0,0,0.43525330581970029,-1.5,0,-9.8066499999999994,0,0,0,-1.4036049615674178,-0.088397208542544708,-9.5117834432141279,-0.021917558445395845,-0.012183888147670439,0.020838962930502258,0.027433456763820106,-0.019725207752666358,0.035186512875899897,0.001267807818246683,-0.00088248297252760931,0.0016041334603987374
14258829723,14.258829723000002,0.010392983114861316,decelerate,0,39.361590395573167,14.459025279363217,0,0.7064336334294955,0.89138775242069823,0,0.90030803604823084,0,0,0.43525330581970029,-1.5,0,-9.8066499999999994,0,0,0,-1.4415548639040532,-0.33469548104238417,-10.060217503290177,0.0080010403332692014,0.00014396117890922572,-0.020363198265418308,0.027322717713993076,-0.019737768908634292,0.035366590140861021,0.0012659455551035064,-0.00088211975937852274,0.0016024832433768938
14270521697,14.270521697000001,0.011691973723019479,decelerate,0,39.369786318791895,14.469367008906142,0,0.69554064617220535,0.87764283008272148,0,0.90030803604823084,0,0,0.43525330581970029,-1.5,0,-9.8066499999999994,0,0,0,-1.3260773852133765,-0.44181387869171745,-9.9741089940547436,-0.0029011480733150885,-0.0098110594353526728,0.013906894592648312,0.027372272653409958,-0.019574111229612393,0.035289673432530935,0.001256347975461471,-0.00088305821471652867,0.0016008060538563482
14280389602,14.280389602000001,0.0098679045138827942,decelerate,0,39.37660448684715,14.477970267883057,0,0.6863470779456321,0.86604225823787973,0,0.90030803604823084,0,0,0.43525330581970029,-1.5,0,-9.8066499999999994,0,0,0,-1.1956397643606467,0.049600084508902534,-8.9920450277180759,0.016459623196519581,0.0026202222624847524,0.011251432316256312,0.027434882438099484,-0.019592322553464523,0.035250066063705537,0.0012594674774362221,-0.00088353099559344893,0.0016033174465525648
14289975639,14.289975639000001,0.0095860369087949759,decelerate,0,39.383141029000903,14.486218167393094,0,0.67741611552909586,0.85477304604482163,0,0.90030803604823084,0,0,0.43525330581970029,-1.5,0,-9.8066499999999994,0,0,0,-1.7573981315839178,0.089038265468986438,-9.646660135658486,0.0041935186671306348,-0.00058557355799652001,0.0064259304228460063,0.027539707475272693,-0.019555737064901938,0.035263371556650713,0.0012638732018774971,-0.00088321500371799316,0.0016062459625651635
14299142848,14.299142848000001,0.0091672093399054015,decelerate,0,39.389311896893176,14.494004654050412,0,0.66887535954639143,0.84399620173966405,0,0.90030803604823084,0,0,0.43525330581970029,-1.5,0,-9.8066499999999994,0,0,0,-1.3401388980175315,-0.17741114539442421,-10.109805671766045,-0.015943997526898384,-0.0037680857861053787,0.012480383942192905,0.02744950674748171,-0.019564279190700834,0.035150475545465729,0.0012626052484221925,-0.00088358565394877284,0.001605897000461068
14308427465,14.308427465000001,0.009284617211484195,decelerate,0,39.395481991946461,14.501790165528778,0,0.66022521891407093,0.8330813343671486,0,0.90030803604823084,0,0,0.43525330581970029,-1.5,0,-9.8066499999999994,0,0,0,-1.8943137298100694,0.25685586911385455,-10.039828730918529,-0.013179151039556051,0.015000521415325613,-0.0018202776114476067,0.027380648473243351,-0.019536105716289828,0.035062103020862524,0.0012656114006758038,-0.00088623235873170182,0.0016012557355047907
14318548847,14.318548847000001,0.010121382208279291,decelerate,0,39.40211666280932,14.510161885204392,0,0.65079549472611098,0.82118277765624181,0,0.90030803604823084,0,0,0.43525330581970029,-1.5,0,-9.8066499999999994,0,0,0,-0.99741020362013266,-0.15302548536635907,-9.2942147223484675,0.0075410579902922999,-0.010159194156052436,-0.03097877276116151,0.027372324455748134,-0.019544527987087539,0.035127964762202347,0.0012642534533601113,-0.00087874049149186232,0.0016090928425253064
14327832894,14.327832894,0.0092840469512187381,decelerate,0,39.40811852704838,14.517735120709073,0,0.64214588538456763,0.81026858067379459,0,0.90030803604823084,0,0,0.43525330581970029,-1.5,0,-9.8066499999999994,0,0,0,-1.6991218294796651,0.50181978106236624,-9.5728709836867747,0.043560200877576935,0.0074709903109962577,-0.0051504484256927356,0.0272313334101347,-0.019427315659004286,0.035181165069899052,0.0012640781633715258,-0.0008823406617159854,0.0016042821949109297
14336501276,14.336501276000002,0.00866838155102489,decelerate,0,39.413649889599178,14.524714670660634,0,0.6340698691349983,0.80007815140690286,0,0.90030803604823084,0,0,0.43525330581970029,-1.5,0,-9.8066499999999994,0,0,0,-1.1411065700684757,-0.22016457679343671,-9.5616836678517814,0.0010167586391367381,-0.0083812145260559936,-0.0072990969014165791,0.027194899489447547,-0.019432565686275896,0.035129016636496244,0.0012647148076635403,-0.00087893814002288067,0.001600653166456723
14347211816,14.347211816000002,0.010710539754595015,decelerate,0,39.420387681931949,14.53321651043662,0,0.62409124825973916,0.78748698924624227,0,0.90030803604823084,0,0,0.43525330581970029,-1.5,0,-9.8066499999999994,0,0,0,-0.89741399260483257,0.15767734251040175,-10.247894366543735,-0.0025393675388412241,-0.014268589495832444,-0.012620705923166194,0.027252536391809339,-0.019424712191535954,0.035091130100054116,0.0012675490221874988,-0.00087966633424072882,0.0016037249922981397
14358523674,14.358523674000001,0.01131185838198653,decelerate,0,39.427387706773921,14.54204923882822,0,0.61355240065964145,0.77418892523738447,0,0.90030803604823084,0,0,0.43525330581970029,-1.5,0,-9.8066499999999994,0,0,0,-1.9164106962048213,-0.07883804971023986,-10.621643301267305,0.0050017188538707645,-0.027628961109735933,0.022127934045506767,0.027192668656614349,-0.019375359544771622,0.035011322741863124,0.0012708330517082933,-0.00087627979980814679,0.0016061128797829447
14370328861,14.370328861000001,0.011805186582073673,decelerate,0,39.434565887884325,14.551106767269234,0,0.60255393709353855,0.76031091143065954,0,0.90030803604823084,0,0,0.43525330581970029,-1.5,0,-9.8066499999999994,0,0,0,-1.2312635947115145,-0.016675849858292027,-9.9503178678868753,-0.0060516889984544193,-0.0081669627381916934,0.0026091412344315269,0.027255954564415097,-0.019422090458101289,0.035045147672897903,0.0012666602458126046,-0.00087736561541074305,0.0016023839236089308
14378669282,14.378669282000001,0.0083404206490226701,decelerate,0,39.439559036701745,14.5574071916704,0,0.59478347010460131,0.75050602845686598,0,0.90030803604823084,0,0,0.43525330581970029,-1.5,0,-9.8066499999999994,0,0,0,-2.066358743435631,-0.045958443047962441,-9.6491653011418244,0.031842633595713925,0.021465327370824121,0.0069203581704925009,0.027181151688984183,-0.019401318518409028,0.035115739141239131,0.0012769228225458008,-0.00088299584998664392,0.0015975568718672242
14390062517,14.390062517,0.011393234853033852,decelerate,0,39.446275076788545,14.565881584160852,0,0.58416880700207763,0.73711229939596645,0,0.90030803604823084,0,0,0.43525330581970029,-1.5,0,-9.8066499999999994,0,0,0,-1.2022102259667238,0.40845267628318782,-10.218026800793693,0.011319663441394772,0.015765744404167965,0.014031307236193703,0.027163777836645319,-0.019295693034101311,0.035089728032714457,0.0012769412936284117,-0.00088018320492749358,0.0016003509873902786
14399135693,14.399135693000002,0.0090731759707387769,decelerate,0,39.451536994719135,14.572521145155134,0,0.5757156584940698,0.72644599941694155,0,0.90030803604823084,0,0,0.43525330581970029,-1.5,0,-9.8066499999999994,0,0,0,-1.3124125691530706,-0.20634521456367638,-9.8796549346994844,0.0018122113219652212,0.010209358025697885,0.013842837629979215,0.027159344891317456,-0.019253270348210789,0.035064040148175428,0.0012750029157762004,-0.00087829823396005924,0.0016044832438145283
14408520615,14.408520615,0.0093849223557176242,decelerate,0,39.456899012510384,14.579287013541347,0,0.56697206720201809,0.71541321470640873,0,0.90030803604823084,0,0,0.43525330581970029,-1.5,0,-9.8066499999999994,0,0,0,-1.6695404355637533,0.44671397226973375,-9.6787154395246482,-0.024650631420385091,-0.023742518849945146,-0.005151870386973025,0.027175704473019521,-0.01916221576952102,0.035069724974642238,0.0012819655158999182,-0.00088162434734475898,0.0016111896415251595
14419762748,14.419762748,0.011242132714680518,decelerate,0,39.463214113323069,14.587255495297233,0,0.55649818047366562,0.70219711922611483,0,0.90030803604823084,0,0,0.43525330581970029,-1.5,0,-9.8066499999999994,0,0,0,-1.157536885576105,0.11572721184808199,-9.6160824797874778,0.0070786691030597891,-0.011038327052588505,-0.0046753678896072643,0.027163393525582089,-0.019020628242804073,0.03504308621629941,0.0012797041232684124,-0.0008776363808588578,0.0016130892354199102
14427781324,14.427781324000001,0.008018575503091251,decelerate,0,39.467646484153086,14.592848322259453,0,0.54902756491755789,0.69277059294730536,0,0.90030803604823084,0,0,0.43525330581970029,-1.5,0,-9.8066499999999994,0,0,0,-1.4851329486805438,-0.047890696483962034,-10.023203121836469,0.016131196479263036,-0.018289717748752685,0.025325398547845226,0.027231954558448901,-0.018917890911522052,0.035063692504614836,0.0012746585771207929,-0.00088021902282125802,0.0016117239970998595
14437803619,14.437803619,0.010022295098410728,decelerate,0,39.473102209295,14.599732431879866,0,0.5396901565909511,0.68098852167009027,0,0.90030803604823084,0,0,0.43525330581970029,-1.5,0,-9.8066499999999994,0,0,0,-1.2408788365540464,-0.30432927291640444,-9.8761778035442038,-0.017647366383269161,-0.026045459386693674,0.0024012789767270731,0.02724533616813166,-0.018873005929075811,0.035095746214672784,0.0012692805196331035,-0.00087971026443221399,0.001616106361374573
14446895940,14.446895940000001,0.0090923213002235721,decelerate,0,39.477970735140268,14.605875605287043,0,0.53121917107483363,0.67029971470694638,0,0.90030803604823084,0,0,0.43525330581970029,-1.5,0,-9.8066499999999994,0,0,0,-1.3983726748380267,-0.47140293301435554,-9.6507254657068682,-0.014427732495092853,0.0051617574897555073,-0.010257545532771913,0.027399850824299004,-0.018813584123148253,0.035111845662630765,0.0012749938153278054,-0.00087748311139930913,0.0016149106118903496
14458803159,14.458803159,0.011907218605900195,decelerate,0,39.484230031435587,14.613773672129268,0,0.52012564797800431,0.65630175346647734,0,0.90030803604823084,0,0,0.43525330581970029,-1.5,0,-9.8066499999999994,0,0,0,-1.9183629889221767,-0.35351071010940777,-9.9909381863002462,-0.00058727908167983392,-0.0060954350547581743,0.0012768069978454707,0.027431119745567369,-0.018940987388761248,0.03510343338158603,0.0012742139418585499,-0.00087595039149880182,0.0016135503955384352
14468647935,14.468647935000002,0.0098447755495696416,decelerate,0,39.489305403459319,14.620177846912071,0,0.51095362816742185,0.64472837171167274,0,0.90030803604823084,0,0,0.43525330581970029,-1.5,0,-9.8066499999999994,0,0,0,-1.1436061952638801,-0.041323723763360645,-9.5275076270802987,-0.0076034523711624481,0.0048577245871824232,0.007523277690164254,0.027483946226258889,-0.018967347127503607,0.035110991643578941,0.0012699339752242256,-0.00088309479561791038,0.001610529904066174
14479835178,14.479835178,0.011187243187018747,decelerate,0,39.494963265045804,14.627317015100601,0,0.50053088001836676,0.63157680359970458,0,0.90030803604823084,0,0,0.43525330581970029,-1.5,0,-9.8066499999999994,0,0,0,-0.685674847076715,-0.14274753207551857,-9.6076071118110651,0.02666640157716119,-0.011228496001361462,-0.050086410073491669,0.02750696512691091,-0.019059408743539074,0.035242435354412183,0.001267693943615546,-0.00088520232121557028,0.0016130105785913543
14491296619,14.491296619000002,0.01146144066324058,decelerate,0,39.500638876203688,14.634478579944389,0,0.48985267203975491,0.61810289273319208,0,0.90030803604823084,0,0,0.43525330581970029,-1.5,0,-9.8066499999999994,0,0,0,-1.4787026311815858,-0.14201613144673297,-9.6221202663626642,0.0084726013143298726,-0.01306463028247914,0.0018114820628884404,0.027582174539519635,-0.019033816623251761,0.03528316269409195,0.0012666162380717948,-0.00088509895014324518,0.0016199822084837215
14499537287,14.499537287000001,0.0082406678902567834,decelerate,0,39.504643955397668,14.639532244396428,0,0.4821751410730718,0.60841527772071258,0,0.90030803604823084,0,0,0.43525330581970029,-1.5,0,-9.8066499999999994,0,0,0,-1.4805764983903149,0.17051818473346075,-10.167496149432358,-0.0010717241016712023,0.0029700341792644495,0.029060621964389244,0.027535833893041015,-0.018918499137221222,0.03514765363577476,0.0012722722926809147,-0.00088824896761528142,0.0016124554607886571
14510161641,14.510161641000002,0.010624353986074595,decelerate,0,39.509714173126838,14.645929915418897,0,0.47227681634801738,0.59592543435557921,0,0.90030803604823084,0,0,0.43525330581970029,-1.5,0,-9.8066499999999994,0,0,0,-1.4203667055951228,-0.070653642275884845,-9.8554916674805444,0.00093363646415217595,0.012967498660476098,-0.0086335888102253532,0.027524432162544139,-0.018847091617445067,0.034997160529713217,0.0012708164486107095,-0.00088517088860864371,0.0016031950956730595
14521826208,14.521826208,0.011664566855448467,decelerate,0,39.515159695557777,14.652801151117153,0,0.46140936307380698,0.582212731151447,0,0.90030803604823084,0,0,0.43525330581970029,-1.5,0,-9.8066499999999994,0,0,0,-1.2359426715889665,-0.131130803021071,-9.4642843973741648,-0.0025273025311612074,-0.011093337397284121,-0.014745085609250419,0.027677715601475222,-0.018831296923922856,0.034995665825314402,0.0012715511877387556,-0.00088687119433559624,0.0016040750469973719
14530113743,14.530113743000001,0.0082875349859867567,decelerate,0,39.518951646958868,14.657585887965391,0,0.45368816773627707,0.57247001983048484,0,0.90030803604823084,0,0,0.43525330581970029,-1.5,0,-9.8066499999999994,0,0,0,-1.0737983943847746,-0.081351033924779076,-9.8976208046659355,-0.026071006913526217,0.033684611563593266,0.020275548152189776,0.027543130492026335,-0.018921239529893479,0.035002664074766959,0.0012743165037666334,-0.0008787528189170441,0.001608019809386553
14540292400,14.5402924,0.010178657051036136,decelerate,0,39.523521320690968,14.66335196563298,0,0.4442050826575818,0.56050413160787083,0,0.90030803604823084,0,0,0.43525330581970029,-1.5,0,-9.8066499999999994,0,0,0,-1.9126966445554459,-0.1505177926823846,-9.9032635052692033,0.013853209444112363,-0.0062849756549146424,-0.0025159049009392505,0.027630608811663435,-0.018899389750415257,0.035082541798229228,0.0012733416926580484,-0.00087761669118459351,0.0016028086480057763
14550830469,14.550830469000001,0.010538068859842478,decelerate,0,39.528150653397056,14.669193321821039,0,0.43438714665070322,0.54811572384181395,0,0.90030803604823084,0,0,0.43525330581970029,-1.5,0,-9.8066499999999994,0,0,0,-1.7714151776407161,-0.41568523394095752,-9.7627393228105177,-0.012635548424998911,-0.010017161436304066,0.024322092252154769,0.027717522330162701,-0.01891089717650728,0.034965839426678427,0.0012717998363312047,-0.00088040497524848244,0.0016032635599951758
14562742485,14.562742485000001,0.011912016423574661,decelerate,0,39.533258980484412,14.675639079760002,0,0.42328915360140651,0.5341121223533517,0,0.90030803604823084,0,0,0.43525330581970029,-1.5,0,-9.8066499999999994,0,0,0,-1.6639348298319083,0.15794951173353061,-9.8189144626563127,-0.010186742042289761,0.0085263119578129608,-0.02372850664380953,0.027742831351595103,-0.018829613171940963,0.034908542586734953,0.0012782558960797686,-0.00087998101142490502,0.001603105856382352
14571209102,14.571209102000001,0.0084666165619658538,decelerate,0,39.536809414941395,14.680119067179854,0,0.41540111446390166,0.52415888521251452,0,0.90030803604823084,0,0,0.43525330581970029,-1.5,0,-9.8066499999999994,0,0,0,-1.368891212540619,-0.11323277364282489,-9.1526998559185753,-0.025522412363124657,-0.00090001206554748199,-0.012536241425202746,0.027545688092733538,-0.018850259868373083,0.034892116242652191,0.0012761477801535614,-0.00088560958198292104,0.0016092386161865771
14581554230,14.58155423,0.010345127688631935,decelerate,0,39.541056938412552,14.685478651182002,0,0.40576293473848524,0.51199729641448755,0,0.90030803604823084,0,0,0.43525330581970029,-1.5,0,-9.8066499999999994,0,0,0,-1.7656523317236221,-0.12339939341629622,-10.211810351321214,0.026548038716425811,-0.01954827689429,0.018316975554377071,0.027419442824557234,-0.018783686050235927,0.034871284581226042,0.001279046105355516,-0.00088603975580107454,0.0016121563467387408
14592506458,14.592506458000001,0.010952228248727906,decelerate,0,39.545445069552251,14.691015655889654,0,0.39555914147153315,0.49912200860827405,0,0.90030803604823084,0,0,0.43525330581970029,-1.5,0,-9.8066499999999994,0,0,0,-1.7775934866643655,0.30255091448104188,-9.5011692059970496,0.02042350740700534,-0.0008305015345348891,0.006696437517924602,0.027227396689862578,-0.018656649607040898,0.034986275987137064,0.0012767086896261616,-0.00088803774004185174,0.0016098840976659407
14601611121,14.601611121000001,0.0091046632993956513,decelerate,0,39.549007887269475,14.695511268678956,0,0.38707665736305696,0.48841869256187925,0,0.90030803604823084,0,0,0.43525330581970029,-1.5,0,-9.8066499999999994,0,0,0,-1.8617547003591324,0.032977947665186788,-9.3973365222438439,-0.01580982359870204,0.020401956986053366,-0.014764156272469315,0.02716539330822643,-0.018711657705690901,0.034903730623295194,0.001275932157047054,-0.0008909971635503197,0.0016158477829897118
14612763539,14.612763539000001,0.011152417765396319,decelerate,0,39.553266789362141,14.700885210383479,0,0.37668635479444446,0.4753080647331282,0,0.90030803604823084,0,0,0.43525330581970029,-1.5,0,-9.8066499999999994,0,0,0,-1.614021464274491,0.074973929820990798,-9.4772427121204359,0.010440050936151395,-0.025175567900700063,-0.0017504162829887165,0.027246478467550357,-0.018633377159551982,0.035075984779122278,0.0012834023953651934,-0.00089465916869863635,0.0016181690653041666
14624038304,14.624038304000001,0.011274765049384657,decelerate,0,39.557454622814014,14.70616947669177,0,0.36618206570507672,0.46205360713221716,0,0.90030803604823084,0,0,0.43525330581970029,-1.5,0,-9.8066499999999994,0,0,0,-1.5998731003828541,0.68774670408239447,-9.7744329157348737,0.025981073738504227,0.011346097006725456,0.0028551514944430817,0.02726060542356679,-0.018633908360747374,0.0351360621303662,0.0012901077841863608,-0.00089027800889472718,0.0016175632344466993
14635547693,14.635547693000001,0.011509389134168515,decelerate,0,39.56160744780388,14.711409568837359,0,0.35545918587762243,0.44852332870751965,0,0.90030803604823084,0,0,0.43525330581970029,-1.5,0,-9.8066499999999994,0,0,0,-1.6042101206692532,-0.028477019524006733,-9.3401288599343726,-0.0011809870766086728,-0.020299468562486205,0.016598080236916588,0.027386723362942313,-0.018542008898577031,0.035151024136588556,0.0012849003548785099,-0.00089220812803989793,0.0016076196823697942
14646480261,14.646480261000001,0.010932568321873328,decelerate,0,39.565437852928476,14.716242827127024,0,0.34527370905045879,0.43567115283896429,0,0.90030803604823084,0,0,0.43525330581970029,-1.5,0,-9.8066499999999994,0,0,0,-0.9300083743153289,-0.0401335252981865,-9.8023352371091459,-0.021460709661456457,-0.0044073706390947865,-0.010912189443632068,0.027279091071442066,-0.018633787326458168,0.035100910210647644,0.0012824807879167968,-0.00089128058840823993,0.0016014587299973554
14655963382,14.655963382000001,0.0094831206850766372,decelerate,0,39.568670233120059,14.720321489265402,0,0.33643862994157353,0.4245229275327943,0,0.90030803604823084,0,0,0.43525330581970029,-1.5,0,-9.8066499999999994,0,0,0,-1.1142080716125118,-0.59852427662120089,-9.6883890804514028,0.02887450684772128,-0.02617447853608644,0.016058852619924714,0.027341164695474988,-0.018666095211790024,0.035040255198424269,0.0012794933293599356,-0.0008918955887767657,0.0016036140063512149
14665630473,14.665630473,0.0096670907574607379,decelerate,0,39.571879082673078,14.724370460117818,0,0.32743215259816627,0.41315842955809678,0,0.90030803604823084,0,0,0.43525330581970029,-1.5,0,-9.8066499999999994,0,0,0,-1.0938973427842129,0.21632121820916361,-9.9330051173195049,-0.013841253812337374,0.025718459624314939,0.0094185992487842898,0.027503460028670622,-0.018596756139522094,0.035039716874882172,0.0012764741227772342,-0.0008980390888454811,0.0016028139806571059
14674907767,14.674907767000001,0.0092772935260991857,decelerate,0,39.574876673566237,14.728152861864404,0,0.31878883517751777,0.40225217180866374,0,0.90030803604823084,0,0,0.43525330581970029,-1.5,0,-9.8066499999999994,0,0,0,-1.3253309645133822,0.021688274909510911,-9.4944061117865601,-0.036146626800586105,-0.018205530093963685,0.0028316321487645473,0.027476608077527415,-0.018758477411266503,0.03510046116547174,0.0012762506227096875,-0.00089639071170249246,0.0015930313921210715
14683933611,14.683933611,0.0090258439739417853,decelerate,0,39.577716062462017,14.731735642137428,0,0.31037978417179535,0.39164151466937558,0,0.90030803604823084,0,0,0.43525330581970029,-1.5,0,-9.8066499999999994,0,0,0,-1.385456320640936,0.082566396245617554,-10.286167188183841,-0.003560112981969921,0.01062829895383589,0.012689980182827876,0.027475021221806239,-0.018864055545820341,0.03508679105739948,0.0012764247758827857,-0.00090696280859304602,0.0015962969839692256
14693327165,14.693327165000001,0.0093935542584492673,decelerate,0,39.580590527334131,14.735362681763679,0,0.30162815084948519,0.38059858241357059,0,0.90030803604823084,0,0,0.43525330581970029,-1.5,0,-9.8066499999999994,0,0,0,-1.05355047380008,0.12159534868097907,-9.891139852548644,0.0078761306227073287,0.0014920637368995872,-0.0043814513548336596,0.027568710800019859,-0.018873470502840745,0.035105183580306912,0.0012789977327375595,-0.00090992427849572442,0.0016016365832653787
14701506176,14.701506176000001,0.0081790108477849018,decelerate,0,39.583026384863423,14.738436280564049,0,0.29400806350984732,0.37098345056607607,0,0.90030803604823084,0,0,0.43525330581970029,-1.5,0,-9.8066499999999994,0,0,0,-1.2268214120592378,0.2705115780413952,-9.6375444969454378,0.001555667914433361,-0.0075570426413134901,0.0068604122067375331,0.027663470088867482,-0.019069856370447714,0.035110033328138689,0.0012848020807427424,-0.00091302375157906776,0.0016085097702120653
14710611310,14.710611310000001,0.0091051344034379696,decelerate,0,39.585664748720262,14.741765404656004,0,0.28552514049084571,0.3602795806962954,0,0.90030803604823084,0,0,0.43525330581970029,-1.5,0,-9.8066499999999994,0,0,0,-1.2191014825896926,-0.2023119991326848,-9.9040056753768759,-0.025804502401057701,-0.0092046041171806488,-0.022075782329338638,0.027683444947984859,-0.019031535814101351,0.035136566507369363,0.0012805522932800484,-0.00091438471045449891,0.0016102418493590665
14722499961,14.722499961,0.011888651094062739,decelerate,0,39.588993416810354,14.745965564199622,0,0.27444891607041055,0.34630344716552353,0,0.90030803604823084,0,0,0.43525330581970029,-1.5,0,-9.8066499999999994,0,0,0,-1.3050582642615833,0.004520329685690605,-9.9357415422122823,-0.0047974774779752155,0.0012070526199729002,0.0061777795791940603,0.027556240952334735,-0.0190635341821082,0.035219700872187294,0.001277779427529541,-0.00091545356125010053,0.0016106400127614746
14731423038,14.731423038000001,0.0089230771509706038,decelerate,0,39.591405255523071,14.749008855724258,0,0.26613560918108936,0.33581360127967491,0,0.90030803604823084,0,0,0.43525330581970029,-1.5,0,-9.8066499999999994,0,0,0,-1.4034270395414488,0.18780685683411141,-10.068403352344623,-0.028640439808842545,0.0010950410418446013,0.031788739327872628,0.027626014409110305,-0.019059909772822584,0.035332512241974964,0.0012796366279890369,-0.00091542308023308001,0.0016140085242366026
14743187822,14.743187822000001,0.01176478434734788,decelerate,0,39.594471807717092,14.752878273796325,0,0.2551747869096439,0.32198308378039497,0,0.90030803604823084,0,0,0.43525330581970029,-1.5,0,-9.8066499999999994,0,0,0,-1.4149381068069378,-0.11042643242773645,-9.9163248426184634,0.0080211714618083213,-0.003472115435833738,-0.012695970723695665,0.02768489834546024,-0.019074758453281566,0.035356917174066721,0.0012810324179843922,-0.00091326323735062916,0.0016106126243082583
14754123298,14.754123298000001,0.010935476245567002,decelerate,0,39.597206559204629,14.756329021136979,0,0.24498660087559268,0.30912748939702928,0,0.90030803604823084,0,0,0.43525330581970029,-1.5,0,-9.8066499999999994,0,0,0,-1.3655790145127789,0.039100994052205983,-10.042391480669849,0.00094474807596387584,0.018636170461765845,0.0014223485600117424,0.027678489592243651,-0.019182552722329785,0.035241545489330658,0.0012768715276146277,-0.00090919656597409433,0.0016135245967130642
14765101097,14.765101097000001,0.010977799216697502,decelerate,0,39.599839834557926,14.759651724484616,0,0.23475898406653831,0.29622214071510949,0,0.90030803604823084,0,0,0.43525330581970029,-1.5,0,-9.8066499999999994,0,0,0,-1.5455774880626827,0.32035249403856214,-10.072005888435184,0.0078251447986781818,-0.016676622833161642,0.0019821469834005213,0.02772940341820344,-0.019094962176719639,0.035260098644130655,0.0012776412255330871,-0.00090093060245848618,0.0016169028221986663
14775516054,14.775516054000001,0.010414956661470742,decelerate,0,39.602234309807272,14.762673106550443,0,0.22505574722336383,0.28397846194396525,0,0.90030803604823084,0,0,0.43525330581970029,-1.5,0,-9.8066499999999994,0,0,0,-1.7237897515873242,0.011622182756295344,-9.6047478562788502,6.682004575695984e-05,-0.0095744785963099589,0.0087129056129567426,0.027791348558659473,-0.019110334528107786,0.035224184610929049,0.0012734478248455844,-0.00090175250756191786,0.0016181399339727873
14784516911,14.784516911000001,0.0090008565581544825,decelerate,0,39.604222264744045,14.765181535650006,0,0.21666997608537047,0.27339717966452198,0,0.90030803604823084,0,0,0.43525330581970029,-1.5,0,-9.8066499999999994,0,0,0,-1.6911458425149311,-0.22545746137358286,-10.242920566012128,-0.0092195577641246539,-0.019836912082710809,-0.010948151178997879,0.027812252647018726,-0.019052230322648533,0.035244027157395816,0.0012725850769092679,-0.0009016570484414474,0.0016177476911222888
14794581045,14.794581045000001,0.010064133793668602,decelerate,0,39.606355677761179,14.767873505771949,0,0.20729358816600182,0.26156592339675999,0,0.90030803604823084,0,0,0.43525330581970029,-1.5,0,-9.8066499999999994,0,0,0,-1.5468053594053608,-0.075170703353123369,-9.6752752694481092,-0.0023992137738566293,-0.035471374998761858,-0.0092768544402207689,0.027790564138744162,-0.01908040890561756,0.035279801416032743,0.0012710117138641751,-0.00090769498944385596,0.001617750506066686
14803630059,14.803630059000001,0.0090490136720013884,decelerate,0,39.608193335798191,14.770192288159727,0,0.19886295079413646,0.25092802828140653,0,0.90030803604823084,0,0,0.43525330581970029,-1.5,0,-9.8066499999999994,0,0,0,-2.1313887832615643,-0.39736948151627038,-9.6970156158794563,-0.023541082421148059,-0.0041786735997583332,0.0020846885704047888,0.02773781356694598,-0.019073842997296531,0.03522458772949319,0.0012710087851069782,-0.00090058593534904786,0.0016107825104286421
14814745186,14.814745186000001,0.011115126806346062,decelerate,0,39.610346171032425,14.772908765504477,0,0.1885073908576381,0.23786123918751725,0,0.90030803604823084,0,0,0.43525330581970029,-1.5,0,-9.8066499999999994,0,0,0,-1.4539926163205728,-0.11415299255719794,-9.7990151141703592,-0.014923665270960673,-0.0076174604332876119,-0.02150641795084874,0.027716964264212655,-0.019138347671829061,0.035145756928985389,0.0012691666001982927,-0.00090612224879926232,0.0016087262760544141
14823244098,14.823244098000002,0.0084989119078790962,decelerate,0,39.611914631007096,14.774887870045122,0,0.18058926331933481,0.22787003608541717,0,0.90030803604823084,0,0,0.43525330581970029,-1.5,0,-9.8066499999999994,0,0,0,-1.1243515348714361,-0.46761513891756046,-9.527246490164007,0.020590117500630355,-0.0096654437594093888,-0.019654432411119707,0.027734221093797612,-0.01909092992976321,0.035271800737029672,0.0012596645588516596,-0.00090671076587008125,0.001604962866190872
14834565735,14.834565735000002,0.011321636500236685,decelerate,0,39.613899486931828,14.777392388768323,0,0.17004130580161125,0.21456047705620229,0,0.90030803604823084,0,0,0.43525330581970029,-1.5,0,-9.8066499999999994,0,0,0,-1.5975583421264652,0.13593338757350576,-10.006916760582497,-0.0017564903349365096,-0.0055795409351952806,-0.0092868322711147054,0.027701417338780163,-0.019116305809979629,0.035204843620033885,0.0012647871498954841,-0.00090733749822839379,0.0016054058607893195
14845457785,14.845457785000001,0.01089205028662746,decelerate,0,39.615696320605522,14.779659658408487,0,0.15989357815624361,0.20175593362857905,0,0.90030803604823084,0,0,0.43525330581970029,-1.5,0,-9.8066499999999994,0,0,0,-1.8253540377228406,0.37577267473876397,-9.9227049016541375,-0.010086455511262556,-0.011994135376617698,-0.011099515384411004,0.027803387975824621,-0.019232667211194127,0.035237807197483727,0.0012642015010587424,-0.00090724832771004555,0.0016058853336616619
14855215337,14.855215337000001,0.0097575523335592263,decelerate,0,39.617212138793064,14.781572338812325,0,0.15080282104801146,0.19028509027819904,0,0.90030803604823084,0,0,0.43525330581970029,-1.5,0,-9.8066499999999994,0,0,0,-1.052610715338278,-0.17108632326366707,-9.6202210354011832,-0.0028259443103491287,-0.012637231952402204,-0.010328240907849845,0.027771490125565131,-0.019205161894790285,0.03530683694600905,0.0012655003109366431,-0.00090565176832401015,0.0016101765943312934
14865790501,14.865790501000001,0.010575163680237306,decelerate,0,39.618754807430662,14.783518899486294,0,0.14095032514428021,0.17785307435516659,0,0.90030803604823084,0,0,0.43525330581970029,-1.5,0,-9.8066499999999994,0,0,0,-1.2241687359681086,-0.4006619004619193,-9.7373941782271327,-0.031645095851106711,0.016822697459881231,-0.0033527805009596909,0.027631393109026871,-0.019168705691970732,0.035333524989395869,0.0012643346438463729,-0.0009087700521210535,0.0016136168681369859
14875700135,14.875700135000001,0.0099096337785373363,decelerate,0,39.620105828455102,14.78522363654503,0,0.13171787927746359,0.16620344616487917,0,0.90030803604823084,0,0,0.43525330581970029,-1.5,0,-9.8066499999999994,0,0,0,-1.7806465065278649,-0.33247646803740744,-9.1593676916347313,-0.013401948025830616,0.011438685084655727,0.018257055655913162,0.027516678717426472,-0.01912813828529368,0.03537294092744192,0.0012692988042744633,-0.0009014994250414834,0.0016126518179766438
14884228734,14.884228734000001,0.0085285994180270257,decelerate,0,39.621195314269386,14.786598364849764,0,0.12377209296422607,0.1561773428371151,0,0.90030803604823084,0,0,0.43525330581970029,-1.5,0,-9.8066499999999994,0,0,0,-1.5286364900807701,-0.063739290305385637,-9.8793716665256159,0.0028912838310946919,-0.011823083597862952,0.015133213501705749,0.027546080080727078,-0.019185250282336527,0.035314326325527043,0.0012685066347467686,-0.00089558169332322219,0.0016130320226910269
14893587625,14.893587625,0.0093588911356732706,decelerate,0,39.622312882141074,14.788008527483841,0,0.11505275401441811,0.14517516006825168,0,0.90030803604823084,0,0,0.43525330581970029,-1.5,0,-9.8066499999999994,0,0,0,-2.1102027655234945,0.056193636524004394,-9.6975946203700438,-0.019957879597096346,-0.029346688649387529,0.022091940174647537,0.027519334043535931,-0.019090911646444116,0.035181340090862712,0.0012637516431041071,-0.00090077124542567129,0.0016160710787418485
14903297745,14.903297745000001,0.0097101201349515057,decelerate,0,39.623386136581857,14.789362774816459,0,0.10600618776285904,0.13376007735346895,0,0.90030803604823084,0,0,0.43525330581970029,-1.5,0,-9.8066499999999994,0,0,0,-1.3906391856775451,0.081108973288929839,-10.071330588114154,0.0031027459371050503,0.017859423243492184,0.0017366134366672717,0.02758156512886558,-0.019120630631128014,0.035169757623057199,0.0012652801391158197,-0.00089543334331752475,0.0016161386925040446
14913213828,14.913213828000002,0.0099160828841873792,decelerate,0,39.624391498086851,14.79063135390145,0,0.096767733498544201,0.12210286768391986,0,0.90030803604823084,0,0,0.43525330581970029,-1.5,0,-9.8066499999999994,0,0,0,-1.401103782339014,0.56261897177178644,-10.374312443507083,0.0013322333895920578,0.0010937928259204786,0.0034744511368046665,0.027637183159369638,-0.019192865507967664,0.035040266884395363,0.0012614254352055708,-0.00089681312214883705,0.0016173652118723458
14924564452,14.924564452,0.011350623576867381,decelerate,0,39.625429855987889,14.791941568296432,0,0.086192769774354194,0.10875923184898061,0,0.90030803604823084,0,0,0.43525330581970029,-1.5,0,-9.8066499999999994,0,0,0,-1.2697228283220208,-0.3271401546784104,-9.9544572214473011,-0.0027360376524006506,-0.0027668641140034963,0.0039165205011684745,0.027748769838569314,-0.019140981051349627,0.035162282811256419,0.0012572016000594456,-0.00089292356811432186,0.0016141374182691097
14935048260,14.93504826,0.010483808070630802,decelerate,0,39.626282284757863,14.793017174736177,0,0.076425386573995363,0.096434612315037541,0,0.90030803604823084,0,0,0.43525330581970029,-1.5,0,-9.8066499999999994,0,0,0,-1.3584782202699133,-0.15431392718072096,-9.5791528577573555,0.007743786825243253,-0.017716175685373793,-0.011727116113412735,0.027881121888767509,-0.019088454824602259,0.03520580465888775,0.0012635493712772582,-0.00088753673886242206,0.001613470966830154
14946894678,14.946894678000001,0.011846417853416885,decelerate,0,39.62712227809201,14.794077089970592,0,0.0653885093299299,0.082508127596905068,0,0.90030803604823084,0,0,0.43525330581970029,-1.5,0,-9.8066499999999994,0,0,0,-1.2123026326578796,0.37188755006394431,-9.9555476558063205,-0.00060941146348634156,-0.0077692440430135743,-0.015273686926628352,0.027966260080959454,-0.019006701686622642,0.035245701336868177,0.0012683906222998411,-0.00088766240094851462,0.0016095963973384623
14956101487,14.956101487000002,0.0092068090513136112,decelerate,0,39.62768481122059,14.794786902071008,0,0.056810859734394967,0.071684730419597123,0,0.90030803604823084,0,0,0.43525330581970029,-1.5,0,-9.8066499999999994,0,0,0,-1.2820277454493416,-0.059226244485301636,-9.5247614000234151,0.019996899913357506,-0.017479822706561753,0.011716543718415516,0.027902497576701223,-0.018924634402380187,0.035217936368739336,0.0012728232599313119,-0.00089380714208483472,0.0016109036921652796
14965384285,14.965384285000001,0.0092827981328068923,decelerate,0,39.628172034074701,14.795401686623022,0,0.048162413871607933,0.060772001530774729,0,0.90030803604823084,0,0,0.43525330581970029,-1.5,0,-9.8066499999999994,0,0,0,-1.6511178530242985,-0.24915564380861421,-9.4373562195312655,0.013601320018044229,-0.019303752824384918,0.0029090735139280259,0.027912589703090903,-0.01890987175571714,0.035091634740204963,0.0012642343488506688,-0.00089432337360189761,0.0016116932646962779
14974218145,14.974218145000002,0.0088338596920871509,decelerate,0,39.628561141926106,14.795892668304386,0,0.03993222764828961,0.050387038453645561,0,0.90030803604823084,0,0,0.43525330581970029,-1.5,0,-9.8066499999999994,0,0,0,-1.6389867888486671,-0.16198094937323054,-10.024101846348081,0.012673529752133914,-0.063012095067881482,0.0098007984069387079,0.027880036334909548,-0.019019193884103714,0.035168323031579719,0.0012687627799572306,-0.00089759052838839725,0.0016050739481963518
14984881065,14.984881065000001,0.010662920373445208,decelerate,0,39.628933972001491,14.7963631104623,0,0.029997972020879404,0.037851856977785599,0,0.90030803604823084,0,0,0.43525330581970029,-1.5,0,-9.8066499999999994,0,0,0,-1.166737046955824,-0.36678699573418666,-9.9837690909353594,-0.0072659031466770531,0.0056263335887886982,-0.0034768591840276222,0.027853289820584982,-0.018970389665010291,0.035094441792507626,0.0012709946556439208,-0.00089517571845270576,0.0016096798263554811
14993705492,14.993705492,0.0088244270084423225,decelerate,0,39.629162412352116,14.796651359663741,0,0.02177657388631148,0.027477982832876804,0,0.90030803604823084,0,0,0.43525330581970029,-1.5,0,-9.8066499999999994,0,0,0,-1.9803132232916312,-0.65344615125106154,-9.3625989474649529,0.014851544244699495,0.016672641286763476,-0.021170973211657462,0.027911138859396556,-0.018982778295228413,0.035082528250785422,0.0012690217943800092,-0.00089417560280620435,0.0016076535739274697
15004568301,15.004568301000001,0.010862809303019394,decelerate,0,39.629343998672852,14.79688048780069,0,0.011656089003319039,0.014707814700503134,0,0.90030803604823084,0,0,0.43525330581970029,-1.5,0,-9.8066499999999994,0,0,0,-1.660915069785933,0.077000815920391749,-9.7288630096511231,0.012550830731037053,0.012502977254567144,-0.0072795982448421006,0.02796606110160137,-0.018839131549273216,0.035022808975991394,0.0012714109930571421,-0.00089383484653566614,0.0016087990149896887
15014102128,15.014102128000001,0.0095338273637255513,stationary_final,0,39.629455125813145,14.797020709566942,0,0.011656089003319039,0.014707814700503134,0,0.90030803604823084,0,0,0.43525330581970029,0,0,-9.8066499999999994,0,0,0,-0.076551853325431629,-0.15324282986645474,-8.9761019771780877,0.0058391144313101415,-0.0034834117203438732,0.0041578239756559004,0.028031161553271098,-0.018799715054203248,0.035026804057202779,0.0012642790665322115,-0.00089784166890170391,0.0016163826550456143
15024503182,15.024503182,0.010401053659166101,stationary_final,0,39.629576361420327,14.797173686336851,0,0.011656089003319039,0.014707814700503134,0,0.90030803604823084,0,0,0.43525330581970029,0,0,-9.8066499999999994,0,0,0,0.13585410572178033,0.082207977507355173,-9.7303241357107595,-0.011187375699899768,-0.0010510829728398638,0.014714287328722911,0.027960712480888782,-0.018781041371320587,0.035020575487595629,0.0012649935497981689,-0.00089682112953114179,0.0016207440759561814
15033399637,15.033399637,0.0088964547673416362,stationary_final,0,39.629680059288908,14.797304533745061,0,0.011656089003319039,0.014707814700503134,0,0.90030803604823084,0,0,0.43525330581970029,0,0,-9.8066499999999994,0,0,0,0.93018751489686557,0.3324853304017471,-9.8041901875710096,0.0059632258208284633,0.0084944013142069768,-0.0057057423382449648,0.028026082542056987,-0.018835860007754411,0.034932506306892791,0.0012615585188744465,-0.00089739681958452802,0.0016186457356372665
15041830724,15.041830724,0.0084310869703702936,stationary_final,0,39.62977833278903,14.797428536609946,0,0.011656089003319039,0.014707814700503134,0,0.90030803604823084,0,0,0.43525330581970029,0,0,-9.8066499999999994,0,0,0,0.32239358036117205,-0.3091836115254557,-9.3324101001638589,-0.00040974353799553588,0.022212588813797535,0.0068675776914998675,0.028112257155950622,-0.018780194677363027,0.034851438342465992,0.0012653676758728907,-0.00089765851359121639,0.0016155641372827779
15051791566,15.051791566,0.0099608417861661996,stationary_final,0,39.629894437247437,14.797575038825197,0,0.011656089003319039,0.014707814700503134,0,0.90030803604823084,0,0,0.43525330581970029,0,0,-9.8066499999999994,0,0,0,-0.42027960771079836,0.21802203686490768,-9.8627829232960682,-0.005791535668055894,-0.0029389269932866475,-0.0074076597752196476,0.027947311463462448,-0.018777346327687419,0.034854570603563284,0.0012647059673195152,-0.00090315079675365581,0.0016089957671695972
15061787715,15.061787715000001,0.0099961490930059755,stationary_final,0,39.630010953250952,14.797722060333776,0,0.011656089003319039,0.014707814700503134,0,0.90030803604823084,0,0,0.43525330581970029,0,0,-9.8066499999999994,0,0,0,-0.023322817998038547,-0.31701492094838851,-9.3825919208410387,-0.032638289049554833,-0.023084194960467892,0.0089996750139096776,0.027896657123747958,-0.018841247216195043,0.034810716247561685,0.0012692273634240441,-0.00089854467132650061,0.0016100644373852019
15073430385,15.073430385000002,0.011642669500194696,stationary_final,0,39.630146661242883,14.797893298559403,0,0.011656089003319039,0.014707814700503134,0,0.90030803604823084,0,0,0.43525330581970029,0,0,-9.8066499999999994,0,0,0,-0.25455192382641528,-0.15348715531715224,-9.4705122631901979,0.0010929794750987923,0.025884331868521078,0.021330314369212948,0.027810743068638715,-0.019009820701211235,0.034899177058107675,0.001269820144368908,-0.00089827018156214092,0.0016119488606813536
15084934290,15.084934290000001,0.011503904953360154,stationary_final,0,39.630280751782905,14.798062495861789,0,0.011656089003319039,0.014707814700503134,0,0.90030803604823084,0,0,0.43525330581970029,0,0,-9.8066499999999994,0,0,0,-0.21588009853821521,-0.34476650869664821,-9.4075045945304119,-0.00729123391331408,-0.00096367732092250604,0.0025669546554157674,0.027856776717626364,-0.018936397736938195,0.03490417798389845,0.0012638922972856867,-0.00090100347272209687,0.0016203025903119422
15094683215,15.094683215000002,0.00974892531338762,stationary_final,0,39.630394386124046,14.798205881248828,0,0.011656089003319039,0.014707814700503134,0,0.90030803604823084,0,0,0.43525330581970029,0,0,-9.8066499999999994,0,0,0,-0.13994552391638829,-0.53464316035254933,-9.680015559432448,0.018279505801900714,0.015885920004700009,0.013652661832699312,0.027972810071715461,-0.018940428680573797,0.034752570219141826,0.0012623752748896556,-0.00089724659165228639,0.0016178277831268523
15105766148,15.105766148000001,0.011082932857000988,stationary_final,0,39.630523569775846,14.798368886971627,0,0.011656089003319039,0.014707814700503134,0,0.90030803604823084,0,0,0.43525330581970029,0,0,-9.8066499999999994,0,0,0,-0.28646441110904414,-0.17314518558843017,-9.8855355628664423,0.0060804567648709397,-0.019010107425403728,0.0048685064396443711,0.028018585661276858,-0.018918906488561486,0.034707881910590203,0.0012599745579288887,-0.00089467452041730488,0.0016198569830764378
15114022686,15.114022686,0.0082565381374056467,stationary_final,0,39.630619808719239,14.79849032260462,0,0.011656089003319039,0.014707814700503134,0,0.90030803604823084,0,0,0.43525330581970029,0,0,-9.8066499999999994,0,0,0,-0.092214618799569187,-0.053597933638898719,-10.035968345101764,0.016384575676859664,-0.00093854757958589769,0.024099735743876187,0.028096303123751016,-0.018993250235424114,0.034640859026747836,0.0012616175764415978,-0.00089605926888329795,0.0016153913875131167
15125420386,15.125420386000002,0.011397700374654308,stationary_final,0,39.63075266132924,14.798657957869741,0,0.011656089003319039,0.014707814700503134,0,0.90030803604823084,0,0,0.43525330581970029,0,0,-9.8066499999999994,0,0,0,-0.043950209070236335,0.056326918873758056,-10.083833538593209,-0.020229527783931854,0.0053880333502374098,0.022615222080592138,0.028075289103052108,-0.019008359604508047,0.034640535844907977,0.0012649377229262866,-0.00089497395800650537,0.0016181456203886837
15136262279,15.136262279,0.010841892546228981,stationary_final,0,39.630879035393725,14.798817418416315,0,0.011656089003319039,0.014707814700503134,0,0.90030803604823084,0,0,0.43525330581970029,0,0,-9.8066499999999994,0,0,0,0.088174505510800652,0.17828835321303968,-9.7408383524801181,-0.0049852020452260063,-0.013727784920725404,0.013676034797244644,0.028172286321640202,-0.018905846519061419,0.034622609654109161,0.0012697777584622413,-0.00088904326038747683,0.0016114970453339501
15144647424,15.144647424,0.008385145153190228,stationary_final,0,39.630976773391936,14.798940745577465,0,0.011656089003319039,0.014707814700503134,0,0.90030803604823084,0,0,0.43525330581970029,0,0,-9.8066499999999994,0,0,0,-0.089745446465701678,0.23861767170588671,-10.591612604905666,0.0074566448413816502,0.018393958637261072,0.00027239199799379164,0.028237103638054491,-0.018999182491152393,0.034567971505948994,0.0012761040881998167,-0.00088234023108332751,0.0016039462254129743
15155060747,15.155060747,0.01041332327811454,stationary_final,0,39.631098152014886,14.799093902806655,0,0.011656089003319039,0.014707814700503134,0,0.90030803604823084,0,0,0.43525330581970029,0,0,-9.8066499999999994,0,0,0,-0.16861582141748999,0.0087542261400926809,-9.9408780587146577,0.00087284518273263948,0.017098769046347558,0.004931972695281301,0.028188839692933256,-0.019104451999969987,0.034659675810990137,0.0012759373284209324,-0.00087647417455691593,0.0016024329056481882
15166607756,15.166607756000001,0.011547009492573007,stationary_final,0,39.631232744985255,14.799263734082617,0,0.011656089003319039,0.014707814700503134,0,0.90030803604823084,0,0,0.43525330581970029,0,0,-9.8066499999999994,0,0,0,-0.17473085966964727,-0.024424654046142264,-10.027274560012215,-0.0054883784667469557,0.0064615968700659152,-0.0059029058953392576,0.028193917165230346,-0.019042610081570467,0.034537300369429799,0.001271710178697376,-0.00087142846472595677,0.0016074367790020966
15177344668,15.177344668000002,0.010736912223987085,stationary_final,0,39.631357895389755,14.799421650598063,0,0.011656089003319039,0.014707814700503134,0,0.90030803604823084,0,0,0.43525330581970029,0,0,-9.8066499999999994,0,0,0,-0.1868990050250475,0.24123486672538841,-10.040306418514593,0.0049105385814844481,-0.0024104803281749477,-0.0027852664873544994,0.028162028691238898,-0.019156458493801147,0.03458238560578774,0.0012666483989908434,-0.00086765047456576871,0.0016076030422579933
15189253913,15.189253913000002,0.011909245227576998,stationary_final,0,39.63149671061209,14.799596809570094,0,0.011656089003319039,0.014707814700503134,0,0.90030803604823084,0,0,0.43525330581970029,0,0,-9.8066499999999994,0,0,0,-0.36406452137313933,-0.21790269730525669,-9.8460366729565028,0.010035636179723213,-0.0029094714234863947,0.0071100086957396258,0.028070231681351865,-0.019036637246134594,0.034484048103427964,0.0012596767992612871,-0.00086039393531519193,0.0016106161898154986
15198208379,15.198208379,0.0089544655540700156,stationary_final,0,39.631601084659565,14.799728510190205,0,0.011656089003319039,0.014707814700503134,0,0.90030803604823084,0,0,0.43525330581970029,0,0,-9.8066499999999994,0,0,0,0.16587814247928562,-0.30459654263519065,-9.0309929379590521,-0.0079125056305625382,-0.011612598187478649,0.030399432554126249,0.028078529433056946,-0.019128465589003944,0.034531855189005783,0.001263037532216401,-0.00086402213953019912,0.0016107970046173928
15207362507,15.207362507000001,0.0091541275978893454,stationary_final,0,39.63170778598559,14.799863147402659,0,0.011656089003319039,0.014707814700503134,0,0.90030803604823084,0,0,0.43525330581970029,0,0,-9.8066499999999994,0,0,0,-0.10114571240989126,-0.039661497377839403,-9.633433253468203,-0.046275927826595072,-0.010438800752822292,0.0020992439973007075,0.028101366095816732,-0.019272119817659274,0.034545835199173119,0.0012729661909581438,-0.00086692788140488872,0.0016185903821671595
15217673860,15.217673860000001,0.010311352615122664,stationary_final,0,39.631827976029413,14.800014804866233,0,0.011656089003319039,0.014707814700503134,0,0.90030803604823084,0,0,0.43525330581970029,0,0,-9.8066499999999994,0,0,0,0.2807853024894218,-0.12996460579862268,-10.068775416185375,-0.017368597061502032,-0.01481136657161033,0.0025607797747970625,0.028157906332024966,-0.019381273359967192,0.034376239733382004,0.0012780557433707924,-0.00086712821570114954,0.0016221679595924618
15226266805,15.226266805000002,0.0085929451524498924,stationary_final,0,39.631928136162912,14.800141188311267,0,0.011656089003319039,0.014707814700503134,0,0.90030803604823084,0,0,0.43525330581970029,0,0,-9.8066499999999994,0,0,0,0.49733982967049389,0.1487802568784225,-10.308544808618773,-0.002824456848189051,-0.00012185863021752419,-0.0061594159682015525,0.028237141065247946,-0.019528126501724516,0.03437193747360829,0.0012797364154690572,-0.00086482778522004597,0.0016194561851820182
15236096847,15.236096847000001,0.009830042275971871,stationary_final,0,39.632042716010588,14.800285766751561,0,0.011656089003319039,0.014707814700503134,0,0.90030803604823084,0,0,0.43525330581970029,0,0,-9.8066499999999994,0,0,0,-0.17857035318890874,-0.69438288969204109,-9.8456158818064186,0.0065311410358547132,0.010142258443348661,-0.011910075018659639,0.028331709098328557,-0.019427276198299162,0.034275863406368685,0.001274636533743978,-0.00086696263896809587,0.0016182502810498658
15247129468,15.247129468000001,0.011032620754541617,stationary_final,0,39.632171313220041,14.800448032493279,0,0.011656089003319039,0.014707814700503134,0,0.90030803604823084,0,0,0.43525330581970029,0,0,-9.8066499999999994,0,0,0,0.42051597653370865,0.075076613327874769,-9.7053035178712417,0.0060958943265846041,-0.014284380157739612,-0.0034599999554592109,0.028269829027534804,-0.019275811979502813,0.03416640903298266,0.0012732588770482446,-0.0008699298168415102,0.0016133490589118815
15257984616,15.257984616000002,0.010855148399062547,stationary_final,0,39.632297841795925,14.800607688004478,0,0.011656089003319039,0.014707814700503134,0,0.90030803604823084,0,0,0.43525330581970029,0,0,-9.8066499999999994,0,0,0,-0.38201692389394493,0.28204168653069189,-10.015906825783761,0.0183679287939255,0.0048700635979557517,-0.0091825441556994264,0.028270071965070878,-0.019301563202942476,0.034053362888828868,0.0012774457860513296,-0.00086740724031003104,0.0016130958217848723
15268095315,15.268095315000002,0.010110699086678561,stationary_final,0,39.632415693004369,14.800756394293137,0,0.011656089003319039,0.014707814700503134,0,0.90030803604823084,0,0,0.43525330581970029,0,0,-9.8066499999999994,0,0,0,-0.24505011616098626,0.0064130226790059773,-9.5621363091592304,0.0062536845211816254,0.011028578643616734,-0.0020612237343659535,0.028292887416802484,-0.019256113428753177,0.034138365796316919,0.0012730610323881668,-0.00086437804618338043,0.0016141337673440579
15277840420,15.27784042,0.0097451046636691224,stationary_final,0,39.632529282811674,14.800899723486767,0,0.011656089003319039,0.014707814700503134,0,0.90030803604823084,0,0,0.43525330581970029,0,0,-9.8066499999999994,0,0,0,-0.15876200724499243,-0.17512195611932693,-10.304861713434125,-0.0042140242881017224,-0.00065752818312074372,-0.032285652294283068,0.028286571160483307,-0.019264427932266587,0.034230558035347095,0.0012698780662654034,-0.00086551976484676874,0.0016181096122195654
15287102881,15.287102881000001,0.0092624612791038091,stationary_final,0,39.632637246884734,14.80103595405093,0,0.011656089003319039,0.014707814700503134,0,0.90030803604823084,0,0,0.43525330581970029,0,0,-9.8066499999999994,0,0,0,-0.074294108600741898,0.34146580733614229,-9.0692866904394212,-0.0049009448149256105,-0.0027228374970423232,0.0024083483245692181,0.028405860004107771,-0.019260680184902731,0.034334252622638291,0.001272755242776625,-0.00086395716287030724,0.001618603987966006
15297722134,15.297722134000001,0.01061925288052927,stationary_final,0,39.632761025841461,14.801192140054555,0,0.011656089003319039,0.014707814700503134,0,0.90030803604823084,0,0,0.43525330581970029,0,0,-9.8066499999999994,0,0,0,0.20819785966180634,-0.060037265356656336,-9.7056746525772262,-0.0056266311180432002,-0.0096267304240215956,-0.0029167897345774791,0.028418050629242513,-0.019278144121799203,0.034419612763968765,0.0012763474935084053,-0.00086657018954204416,0.0016163917051344476
15309017859,15.309017859000001,0.011295724758333932,stationary_final,0,39.632892689814604,14.801358275481208,0,0.011656089003319039,0.014707814700503134,0,0.90030803604823084,0,0,0.43525330581970029,0,0,-9.8066499999999994,0,0,0,-0.74600218443738731,-0.20534183760726685,-10.037207801861483,-0.026847974613534567,0.0049018734475663782,0.011873758077560071,0.028429806015663493,-0.019310939499642594,0.034350280671753441,0.0012782910016305455,-0.00086532381376216386,0.0016184236307015751
15319821249,15.319821249,0.010803389970288717,stationary_final,0,39.633018615089632,14.801517169739029,0,0.011656089003319039,0.014707814700503134,0,0.90030803604823084,0,0,0.43525330581970029,0,0,-9.8066499999999994,0,0,0,0.36673634938022881,-0.37866787073849101,-9.3846070075834618,0.0020167906570652963,0.002525145534315374,0.0037658664043223782,0.028450921675097302,-0.019391794561654799,0.03437200898840613,0.0012762479804562493,-0.00086336900459673966,0.0016201884404739629
15330278554,15.330278554000001,0.010457304924376024,stationary_final,0,39.633140506366566,14.801670973842123,0,0.011656089003319039,0.014707814700503134,0,0.90030803604823084,0,0,0.43525330581970029,0,0,-9.8066499999999994,0,0,0,0.13706230104061556,-0.35212718861617326,-9.7025791407719275,0.0064163895344303045,0.012310194998463345,-0.0081643624525623033,0.028561579579961461,-0.019274896572568027,0.034245460710496528,0.0012738240713200302,-0.00085287669505022042,0.0016172316683424688
15341460967,15.341460967000002,0.011182413250046572,stationary_final,0,39.633270849570678,14.801835442704109,0,0.011656089003319039,0.014707814700503134,0,0.90030803604823084,0,0,0.43525330581970029,0,0,-9.8066499999999994,0,0,0,0.32729418018640843,-0.41047556720683248,-9.7712621296110704,0.020641919464951562,0.023257595467460094,0.02366076303285794,0.028441285463054272,-0.019222252889419457,0.034091523855250327,0.0012804397580248531,-0.00085472341756398149,0.0016160356677138901
15350193044,15.350193044000001,0.0087320773226935693,stationary_final,0,39.633372631441134,14.801963872479321,0,0.011656089003319039,0.014707814700503134,0,0.90030803604823084,0,0,0.43525330581970029,0,0,-9.8066499999999994,0,0,0,0.3461490041399633,-0.081687965879878643,-9.5062642887331013,-0.010500694078604367,0.025074668249843193,-0.0037418935052317501,0.028589118023259009,-0.019284359720498523,0.034076278648867558,0.0012779562891323721,-0.00085722783036793545,0.0016173563951444871
15361603094,15.361603094000001,0.0114100498980145,stationary_final,0,39.633505627998275,14.802131689378944,0,0.011656089003319039,0.014707814700503134,0,0.90030803604823084,0,0,0.43525330581970029,0,0,-9.8066499999999994,0,0,0,0.12248871282532933,0.16682441248295052,-10.087075959021689,0.0032154160462488416,0.0036042966223472262,-0.0067826195687270517,0.028618920112746797,-0.01939348666393852,0.03397672951357214,0.0012766088431943928,-0.00085751249645088479,0.0016189327385230808
15372737159,15.372737159000001,0.011134065154569642,stationary_final,0,39.633635407652683,14.802295447146101,0,0.011656089003319039,0.014707814700503134,0,0.90030803604823084,0,0,0.43525330581970029,0,0,-9.8066499999999994,0,0,0,0.37059533027885383,-0.14267854934159563,-9.6747847707068999,0.0063572702900136649,0.0026691263085050496,0.017227476581725056,0.028630964638429828,-0.019573179946207164,0.033873883319751434,0.0012777400132635269,-0.0008590325912600377,0.0016171498944359895
15383926176,15.383926176000001,0.011189017333919662,stationary_final,0,39.633765827834587,14.802460013139729,0,0.011656089003319039,0.014707814700503134,0,0.90030803604823084,0,0,0.43525330581970029,0,0,-9.8066499999999994,0,0,0,0.35355410147561789,0.087376847798780646,-9.7624749607717529,-0.006319377131402697,0.020762903982571652,-0.014265888075104946,0.028669328576883368,-0.019522748767042745,0.033788132938409134,0.0012810827875548935,-0.00085180171843461726,0.0016180156645172424
15395118342,15.395118342000002,0.011192165557702308,stationary_final,0,39.633896284712471,14.802624625436849,0,0.011656089003319039,0.014707814700503134,0,0.90030803604823084,0,0,0.43525330581970029,0,0,-9.8066499999999994,0,0,0,0.18394547957112467,-0.51744121466810011,-9.6666655240784038,0.012097352450059759,-0.026077353065226665,-0.011020808337062192,0.028711462161712338,-0.019512616460221312,0.033796685965122732,0.0012770634730056218,-0.00085281784132889139,0.0016261922156741667
15403413210,15.40341321,0.0082948682810963549,stationary_final,0,39.633992970435429,14.802746624822491,0,0.011656089003319039,0.014707814700503134,0,0.90030803604823084,0,0,0.43525330581970029,0,0,-9.8066499999999994,0,0,0,-0.5596651569803428,-0.20507200123336994,-9.6783697624377538,0.017460265256288028,-0.0053703996290006759,-0.0024481288404453573,0.028718662641296532,-0.019451725521799964,0.033859617563872672,0.0012706847140065477,-0.0008547662822261323,0.0016245631701451975
15412959343,15.412959343000001,0.0095461331709875731,stationary_final,0,39.634104241013304,14.802887027580276,0,0.011656089003319039,0.014707814700503134,0,0.90030803604823084,0,0,0.43525330581970029,0,0,-9.8066499999999994,0,0,0,0.21920014042238137,-0.26483143071213205,-9.4640700652343437,0.037843069695504536,-0.020339439977168351,-0.0024238512366296268,0.028826648663449243,-0.019521100612536636,0.033732870472500134,0.0012698854427023647,-0.00085468143790035913,0.0016289636588337484
15422143775,15.422143775,0.0091844320529065031,stationary_final,0,39.634211295570758,14.80302211050504,0,0.011656089003319039,0.014707814700503134,0,0.90030803604823084,0,0,0.43525330581970029,0,0,-9.8066499999999994,0,0,0,0.085597429229065519,0.23154141908678763,-9.8869055289690682,-0.006433887531080768,-0.029617865466030905,0.011137331704424075,0.028917671001260855,-0.019355393151889132,0.03372846477793548,0.0012696110201417664,-0.00084755092926848364,0.0016315263760592294
15433431440,15.433431440000001,0.011287665318462623,stationary_final,0,39.634342865602349,14.803188127394945,0,0.011656089003319039,0.014707814700503134,0,0.90030803604823084,0,0,0.43525330581970029,0,0,-9.8066499999999994,0,0,0,-0.19325791529073544,-0.21733086628266396,-10.078205807272871,0.017382347288827257,-0.0015891205090101312,0.032990602117591028,0.029046016496240994,-0.019355019830684616,0.03359711445314361,0.0012683445583990909,-0.00084272219165059314,0.0016367462020616631
15443077295,15.443077295,0.0096458552161335087,stationary_final,0,39.634455298549263,14.803329996846092,0,0.011656089003319039,0.014707814700503134,0,0.90030803604823084,0,0,0.43525330581970029,0,0,-9.8066499999999994,0,0,0,-0.41286053354113539,-0.065748998432044903,-9.5898690816036645,0.0023566473928098865,0.0095961604712882058,0.0062681473431552446,0.029031984434238711,-0.019450298755458562,0.033554660586515912,0.0012584971146205174,-0.00083976904372382662,0.0016415934214847308
15454018544,15.454018544,0.010941249030993154,stationary_final,0,39.634582830721776,14.803490918709432,0,0.011656089003319039,0.014707814700503134,0,0.90030803604823084,0,0,0.43525330581970029,0,0,-9.8066499999999994,0,0,0,-0.44058495693285055,0.1152393848817404,-9.6310979355298443,0.01445929915761677,-0.017150765224559598,-0.015606158333115159,0.029093707656601651,-0.019471113404318206,0.033418616150567702,0.0012577722599499796,-0.00083429718296175362,0.0016427731000188998
15462899708,15.462899708,0.0088811644650806012,stationary_final,0,39.634686350365236,14.80362154123071,0,0.011656089003319039,0.014707814700503134,0,0.90030803604823084,0,0,0.43525330581970029,0,0,-9.8066499999999994,0,0,0,-0.067541541663464294,-0.06159358997975771,-9.6360992959466891,0.02633392456504547,-0.0082869062826320273,0.012354788963451572,0.029245754578198072,-0.019548183511226041,0.03325998672545008,0.0012540489562803399,-0.00083127079677247943,0.0016462024629944852
15471796097,15.471796097,0.0088963885972839964,stationary_final,0,39.634790047462531,14.803752387665702,0,0.011656089003319039,0.014707814700503134,0,0.90030803604823084,0,0,0.43525330581970029,0,0,-9.8066499999999994,0,0,0,0.11563396256487543,-0.099480320749412307,-9.3456720449780324,0.022983239326201152,-0.02013893780752344,0.023396422930362884,0.029309204767169684,-0.019501860522465525,0.033284063592570107,0.0012569649281634161,-0.000834938898359844,0.0016465473164002753
15482422428,15.482422428000001,0.010626330838378554,stationary_final,0,39.634913908920559,14.803908677770618,0,0.011656089003319039,0.014707814700503134,0,0.90030803604823084,0,0,0.43525330581970029,0,0,-9.8066499999999994,0,0,0,0.19909162852957688,-0.33956572865967655,-9.9354324356185444,-0.025902186393265813,0.0050108556257347911,-0.007975593538842557,0.029173504068687479,-0.019388581160836395,0.033318902581897,0.0012556741100604089,-0.00082805073669233733,0.001641778972794988
15491935595,15.491935595000001,0.0095131666312917289,stationary_final,0,39.63502479523752,14.804048595662646,0,0.011656089003319039,0.014707814700503134,0,0.90030803604823084,0,0,0.43525330581970029,0,0,-9.8066499999999994,0,0,0,0.38930991381681723,0.054103925114334254,-10.515027589479278,0.016416646154239416,-0.0033956977112598176,0.011842920352822856,0.029156421752078755,-0.019364191369139715,0.033247923930714761,0.0012500625475383444,-0.00083100460172362762,0.0016401156409961259
15502559176,15.502559176,0.010623581075286008,stationary_final,0,39.635148624644067,14.804204845324557,0,0.011656089003319039,0.014707814700503134,0,0.90030803604823084,0,0,0.43525330581970029,0,0,-9.8066499999999994,0,0,0,-0.22803336814233602,-0.54211982770255174,-9.8975293493667653,-0.012720073113896876,-0.016663296196735816,0.021076942863318366,0.029158498661936007,-0.019289963783778764,0.03333220424207451,0.001243286572071705,-0.00082955346876615395,0.0016332804135919604
15512776451,15.512776451000001,0.010217275178982039,stationary_final,0,39.635267718112928,14.804355119114634,0,0.011656089003319039,0.014707814700503134,0,0.90030803604823084,0,0,0.43525330581970029,0,0,-9.8066499999999994,0,0,0,0.67245604222047284,-0.068457396454090463,-9.6720175927698691,-0.005259162969414281,-0.0052048834795199936,0.015864833848079029,0.029275516518039661,-0.019323352462798263,0.03334911907788924,0.0012445342852886142,-0.00082877731716859374,0.0016385058592265675
15524334505,15.524334505000001,0.011558054009460956,stationary_final,0,39.635402439819167,14.804525112831303,0,0.011656089003319039,0.014707814700503134,0,0.90030803604823084,0,0,0.43525330581970029,0,0,-9.8066499999999994,0,0,0,0.16331979861415569,-0.065665648696185561,-9.8409239058811053,0.015143939256580984,-0.002355313501060316,0.0007935619583591218,0.029301398140500839,-0.019227799241173578,0.033560728932958001,0.00124439566620585,-0.00082884089951470519,0.0016368391285603663
15533547070,15.533547070000001,0.0092125652015455309,stationary_final,0,39.635509822299106,14.804660609533205,0,0.011656089003319039,0.014707814700503134,0,0.90030803604823084,0,0,0.43525330581970029,0,0,-9.8066499999999994,0,0,0,0.16289855846036355,0.92269152732767712,-9.6314222285398223,0.033376671318907453,0.00086698760671694356,0.0084319625365107224,0.029275182412787128,-0.019385371613606497,0.033540177250830833,0.0012410138465123179,-0.00082628175806746449,0.0016342624129201699
15544690466,15.544690466,0.011143395671662469,stationary_final,0,39.635639710710855,14.804824504531878,0,0.011656089003319039,0.014707814700503134,0,0.90030803604823084,0,0,0.43525330581970029,0,0,-9.8066499999999994,0,0,0,0.72076527774099952,0.27457353834347964,-9.6562976623603838,-0.013414722664755482,0.014309862209329251,0.00023241787391255577,0.029285842383175061,-0.019399812860372272,0.033551496768449825,0.0012398586172010504,-0.0008206418526303694,0.0016408262119981245
15553028521,15.553028521000002,0.0083380550609005941,stationary_final,0,39.63573689982276,14.804947139100676,0,0.011656089003319039,0.014707814700503134,0,0.90030803604823084,0,0,0.43525330581970029,0,0,-9.8066499999999994,0,0,0,0.26381828295972565,0.058846443646168575,-9.2334643323034236,-0.021198662379270875,0.010869110506111685,0.021889381479609282,0.029378469623689105,-0.019333709549655683,0.033542259338840655,0.0012380203072699608,-0.00082141382405994951,0.0016419185437137533
15561477920,15.561477920000002,0.0084493989131617358,stationary_final,0,39.63583538676852,14.805071411294222,0,0.011656089003319039,0.014707814700503134,0,0.90030803604823084,0,0,0.43525330581970029,0,0,-9.8066499999999994,0,0,0,0.1606798030428814,0.35614243964827402,-9.8408695665437094,0.015062543178055004,-0.019322417151385496,-0.0049564580204191746,0.029330627741681475,-0.019325657480044445,0.033514139360482073,0.0012433956378458439,-0.00082230702350778305,0.0016389951329016429
15571199581,15.571199581,0.0097216605704984436,stationary_final,0,39.635948703309388,14.805214395676474,0,0.011656089003319039,0.014707814700503134,0,0.90030803604823084,0,0,0.43525330581970029,0,0,-9.8066499999999994,0,0,0,0.32685798779276798,-0.28145322100974834,-9.6118339141483151,0.0090706470375982035,-0.0078591157657229745,0.0050238430928779363,0.029430922274625394,-0.019080897637671606,0.033546660037572576,0.0012407373194136895,-0.00082393198362445714,0.0016393266842261096
15582208666,15.582208666000001,0.011009085213050862,stationary_final,0,39.636077026186477,14.80537631526181,0,0.011656089003319039,0.014707814700503134,0,0.90030803604823084,0,0,0.43525330581970029,0,0,-9.8066499999999994,0,0,0,-0.11494426314933312,-0.19244086824074791,-9.9930849936111663,0.016462774056141639,-0.012615493483284898,-0.0057231712450427118,0.029420297566116308,-0.019075291639487572,0.033468179120449137,0.0012394075901578469,-0.00082400365216771351,0.0016466350045213291
15591550882,15.591550882000002,0.0093422162683323082,stationary_final,0,39.636185919890792,14.805513718847576,0,0.011656089003319039,0.014707814700503134,0,0.90030803604823084,0,0,0.43525330581970029,0,0,-9.8066499999999994,0,0,0,0.55981622175927925,-0.24996799730656685,-9.0139821578125847,0.0011595406097151316,0.0046108400107690061,0.0079805718192856295,0.029523220353021212,-0.019146080773237685,0.033470888178886077,0.0012440736391694965,-0.00081880626012825904,0.0016484878276662037
15601143471,15.601143471,0.0095925890361357562,stationary_final,0,39.636297731962372,14.805654804869619,0,0.011656089003319039,0.014707814700503134,0,0.90030803604823084,0,0,0.43525330581970029,0,0,-9.8066499999999994,0,0,0,-0.30373266340664273,0.0080599917309834949,-9.6963525603728549,-0.0059704788316027914,0.01170793536521058,-0.016947555699478901,0.029610507997823218,-0.019057300938986312,0.033402149776336057,0.0012463868524277297,-0.00082341133340979751,0.0016578750914087404
15609959053,15.609959053000001,0.0088155816493559382,stationary_final,0,39.636400487166696,14.805784462810994,0,0.011656089003319039,0.014707814700503134,0,0.90030803604823084,0,0,0.43525330581970029,0,0,-9.8066499999999994,0,0,0,0.10495158393921469,-0.16040515506652187,-10.235416678837749,0.019370278147753755,-0.033127608273412136,0.0094369474267304854,0.02961557709892031,-0.019042951311716176,0.033494143809361783,0.0012433179258532722,-0.00082653852846082451,0.0016606332789805005
15618342683,15.618342683000002,0.0083836295415721102,stationary_final,0,39.636498207498803,14.805907767680809,0,0.011656089003319039,0.014707814700503134,0,0.90030803604823084,0,0,0.43525330581970029,0,0,-9.8066499999999994,0,0,0,-0.31902323111074715,-0.50655980113718457,-9.2903569451861916,0.011001210145434816,0.0078610919820146959,-0.017100346818792252,0.029468690570431295,-0.01909297328201685,0.033424644581727336,0.0012406306988651677,-0.00082410196235154724,0.0016559746868615079
15630011327,15.630011327000002,0.011668643734834956,stationary_final,0,39.636634218248723,14.806079387930668,0,0.011656089003319039,0.014707814700503134,0,0.90030803604823084,0,0,0.43525330581970029,0,0,-9.8066499999999994,0,0,0,-0.30957248680148952,0.37192019724410275,-9.7918243440859349,-0.0093001953858840129,0.016706571650814427,0.015116668116456487,0.029509169794521662,-0.019049253013531359,0.033443951503385722,0.0012477461206904185,-0.00081943204830666144,0.0016540550125952957
15638245767,15.638245767000001,0.008234439732509681,stationary_final,0,39.636730199611137,14.806200498544415,0,0.011656089003319039,0.014707814700503134,0,0.90030803604823084,0,0,0.43525330581970029,0,0,-9.8066499999999994,0,0,0,-0.044353560557590266,-0.66345401918403302,-10.204590060472444,0.013953257949767693,0.014877477962971742,0.016965526316695283,0.029540612247404632,-0.019015308539912616,0.033474269272370218,0.0012426740017928773,-0.00081534127127963593,0.0016562917533164412
15648150259,15.648150259000001,0.0099044916405394891,stationary_final,0,39.636845647247235,14.806346171972168,0,0.011656089003319039,0.014707814700503134,0,0.90030803604823084,0,0,0.43525330581970029,0,0,-9.8066499999999994,0,0,0,0.065317528012440063,-0.051259016355787515,-9.8055156116355349,-0.017746926307669591,0.0054906152300546705,-0.0064172220780292196,0.029468583952133108,-0.018993000280481606,0.033434994916244486,0.0012402813593661412,-0.00081822563995950499,0.0016595122000331248
15658006399,15.658006399000001,0.0098561400672473494,stationary_final,0,39.636960531293084,14.806491134253939,0,0.011656089003319039,0.014707814700503134,0,0.90030803604823084,0,0,0.43525330581970029,0,0,-9.8066499999999994,0,0,0,-0.089271239291558974,0.19003280439926185,-9.9755259045033711,0.0045468947341923919,-0.0080814531247754371,0.01734550970289311,0.029455011802691049,-0.018967629438384457,0.033421573521917519,0.0012430358071548607,-0.00081547695081090536,0.0016511197865000128
15669283049,15.669283049000001,0.01127665041912527,stationary_final,0,39.63709197293403,14.806656989138746,0,0.011656089003319039,0.014707814700503134,0,0.90030803604823084,0,0,0.43525330581970029,0,0,-9.8066499999999994,0,0,0,0.35344825266879631,-0.20531384013350601,-9.6909075070981192,-0.0053200495982992447,-0.00022822466757690192,0.022723457148340703,0.029395703561277568,-0.018925055902130949,0.03333204511272049,0.001244705598148768,-0.00080855680229266198,0.0016593366588599421
15680611943,15.680611943000001,0.011328894041629929,stationary_final,0,39.637224023531289,14.806823612413073,0,0.011656089003319039,0.014707814700503134,0,0.90030803604823084,0,0,0.43525330581970029,0,0,-9.8066499999999994,0,0,0,0.53344470764309282,0.64270787996989542,-9.7798756474034558,-0.01413319131625773,-0.0161326042541537,0.0035919346707881479,0.029412472086241936,-0.018832475662631968,0.033313150952007077,0.0012430714920151791,-0.00080896595605870381,0.0016602550162182976
15692124459,15.692124459,0.011512516022638137,stationary_final,0,39.637358214442699,14.80699293636547,0,0.011656089003319039,0.014707814700503134,0,0.90030803604823084,0,0,0.43525330581970029,0,0,-9.8066499999999994,0,0,0,0.31712714550874388,-0.18640832674663463,-9.1246579541692547,0.0251934904739918,-0.015082427136618302,-0.0014905260211914944,0.029317486000840637,-0.018629838719637391,0.03325710349213766,0.0012411700166905192,-0.00080790191241230638,0.0016535192315487496
15701948894,15.701948894000001,0.0098244354405152192,stationary_final,0,39.637472728936601,14.807137432341467,0,0.011656089003319039,0.014707814700503134,0,0.90030803604823084,0,0,0.43525330581970029,0,0,-9.8066499999999994,0,0,0,0.011666121647006783,0.011098619505575367,-9.5675419639003749,0.029125126054174475,0.0015562993443902196,-0.0033772787452646547,0.029443763279539688,-0.018583368188908878,0.03318571945914537,0.0012394730902220044,-0.00079534934550733963,0.0016554473684821716
15711670589,15.711670589000001,0.0097216947244920388,stationary_final,0,39.637586045875572,14.80728041722605,0,0.011656089003319039,0.014707814700503134,0,0.90030803604823084,0,0,0.43525330581970029,0,0,-9.8066499999999994,0,0,0,0.12849577483158306,0.39524909295624366,-9.7222516513238073,-0.014480059201046988,-0.0045975194986704456,-0.0060893688831523659,0.029329461328273739,-0.018525595668459918,0.033230679914903097,0.0012422390000565546,-0.00078946262129486158,0.0016494970433597817
15719694763,15.719694763000001,0.008024173537254797,stationary_final,0,39.637679576356504,14.807398435283559,0,0.011656089003319039,0.014707814700503134,0,0.90030803604823084,0,0,0.43525330581970029,0,0,-9.8066499999999994,0,0,0,0.043969504902913084,0.13916424018288293,-9.5953996319601629,-0.016222023969327749,0.0028646202917435009,0.018615433292963543,0.02934439054192968,-0.018570885395236977,0.033128618478588029,0.0012417697051534146,-0.00079330527982825292,0.0016453498510647336
15727696911,15.727696911000001,0.0080021476432405782,stationary_final,0,39.637772850101655,14.807516129388302,0,0.011656089003319039,0.014707814700503134,0,0.90030803604823084,0,0,0.43525330581970029,0,0,-9.8066499999999994,0,0,0,-0.41783868123268969,0.084396813486378397,-9.5592874830276315,-0.012252084136212944,-0.018241488383107882,0.0151436953872005,0.029248814727442774,-0.018545408535826497,0.03309989925154079,0.0012381068899280469,-0.00078947992736997557,0.0016474516579799469
15737807006,15.737807006000001,0.010110094583915352,stationary_final,0,39.637890694263959,14.807664826786047,0,0.011656089003319039,0.014707814700503134,0,0.90030803604823084,0,0,0.43525330581970029,0,0,-9.8066499999999994,0,0,0,0.55276544575239128,0.30798122906463193,-9.6113493051597185,-0.012127740440455562,0.021926651143642426,-0.0044340021528318516,0.029278998242617035,-0.018657541945033877,0.033177118321839866,0.0012366342014094069,-0.00079216569521770128,0.0016469267975624431
15746368372,15.746368372000001,0.008561366409786832,stationary_final,0,39.637990486312823,14.807790745776785,0,0.011656089003319039,0.014707814700503134,0,0.90030803604823084,0,0,0.43525330581970029,0,0,-9.8066499999999994,0,0,0,0.36957891661309056,-0.44139302235760525,-9.8642787446710969,0.015636719381967781,0.014201881496903117,-0.024998811619526246,0.029329536936078836,-0.018783552102895808,0.03291978674623372,0.0012386164315035142,-0.00079028424235757816,0.0016460128855371502
15754525237,15.754525237000001,0.0081568649219497264,stationary_final,0,39.638085563456343,14.807910715434595,0,0.011656089003319039,0.014707814700503134,0,0.90030803604823084,0,0,0.43525330581970029,0,0,-9.8066499999999994,0,0,0,0.01335884084477474,-0.054454583225744438,-10.141110911710506,0.018080384225109245,-0.0069357771906942778,-0.0026559330595396051,0.029371495164514153,-0.018719351156368091,0.032929509613056372,0.0012463794623163984,-0.0007944592869880444,0.0016479320776073374
15763174552,15.763174552000001,0.0086493146059521409,stationary_final,0,39.638186380637208,14.808037927951105,0,0.011656089003319039,0.014707814700503134,0,0.90030803604823084,0,0,0.43525330581970029,0,0,-9.8066499999999994,0,0,0,-0.13183889062277399,0.32089131833826851,-9.374165969649761,0.0089242954978861096,0.0042717246676901811,0.0021573044984759546,0.029213947128733195,-0.018786627646514099,0.032994147456125465,0.0012478770059407656,-0.00079298301604636132,0.0016497309842561053
15774779176,15.774779176000001,0.01160462404994906,stationary_final,0,39.638321645167984,14.8082086066113,0,0.011656089003319039,0.014707814700503134,0,0.90030803604823084,0,0,0.43525330581970029,0,0,-9.8066499999999994,0,0,0,-0.43341969351379273,-0.22078765608888176,-9.8595468604713687,-0.0064778262043322238,-0.013519829624805782,-0.0076896924722543074,0.029171058862182478,-0.018762774387605468,0.032882232712334522,0.0012484263510560887,-0.00079161445056157497,0.0016535214957092502
15782862504,15.782862504000001,0.0080833277779235758,stationary_final,0,39.638415865156006,14.808327494698421,0,0.011656089003319039,0.014707814700503134,0,0.90030803604823084,0,0,0.43525330581970029,0,0,-9.8066499999999994,0,0,0,-0.10916123685157297,0.089645431711152107,-9.8079485869295233,0.011727678311415184,0.013378401575628543,-0.0092467249608532125,0.029054075055827001,-0.018684377591387132,0.032901950952802274,0.0012502200810412484,-0.00078890337910499672,0.0016535011183589614
15794751239,15.794751239000002,0.011888735435744301,stationary_final,0,39.638554441314383,14.808502352016234,0,0.011656089003319039,0.014707814700503134,0,0.90030803604823084,0,0,0.43525330581970029,0,0,-9.8066499999999994,0,0,0,0.12233400620804406,-0.015474500041876249,-10.112267751737253,0.010588339671551407,0.018634192941253024,-0.0015880904826367029,0.029116622728203895,-0.018748568328713369,0.032983432786876224,0.0012485725017184238,-0.00078404287077177097,0.0016594721888238426
15805068675,15.805068675000001,0.010317435778849473,stationary_final,0,39.638674702264105,14.808654098949853,0,0.011656089003319039,0.014707814700503134,0,0.90030803604823084,0,0,0.43525330581970029,0,0,-9.8066499999999994,0,0,0,0.05656205800366744,0.023014933032222146,-10.061775129280598,0.0056901786165416092,0.0022237781732447437,-0.0060799385080206022,0.02912266441558321,-0.018973018942028404,0.032906715120115546,0.0012460023454948083,-0.00078356791476010478,0.0016508458358287757
15817011640,15.81701164,0.011942965431727947,stationary_final,0,39.638813910532143,14.808829753872399,0,0.011656089003319039,0.014707814700503134,0,0.90030803604823084,0,0,0.43525330581970029,0,0,-9.8066499999999994,0,0,0,-0.22536117921583285,-0.03501260832383353,-10.129357431402653,-0.0034786038365921482,-0.021938435502265059,-0.018800734259075667,0.029135103201639999,-0.01884336993432183,0.032840046366795224,0.0012438770060166819,-0.00078476557607444334,0.0016479967936011502
15827857939,15.827857939000001,0.010846299242391477,stationary_final,0,39.638940335961472,14.808989279231842,0,0.011656089003319039,0.014707814700503134,0,0.90030803604823084,0,0,0.43525330581970029,0,0,-9.8066499999999994,0,0,0,-0.19139125022608772,0.0040678077299914385,-9.9382453659359484,0.029455138591425904,-0.0087633560296016978,0.015686081800427777,0.029102392531218033,-0.018668308602342646,0.032732068702506792,0.0012427589497127425,-0.00077603153219156268,0.0016556207783115671
15839403587,15.839403587000001,0.011545648383249849,stationary_final,0,39.639074913066629,14.80915909048886,0,0.011656089003319039,0.014707814700503134,0,0.90030803604823084,0,0,0.43525330581970029,0,0,-9.8066499999999994,0,0,0,0.016899515689909477,-0.19054888160372002,-10.111492137277752,0.00029934357398590274,0.015410740699201108,0.0089456141692462708,0.029034923365666217,-0.018669597923725897,0.032638237239495264,0.0012407971225273217,-0.00077643908852166414,0.0016549044685282104
15848887349,15.848887349000002,0.0094837623684849263,stationary_final,0,39.639185456644881,14.809298575908439,0,0.011656089003319039,0.014707814700503134,0,0.90030803604823084,0,0,0.43525330581970029,0,0,-9.8066499999999994,0,0,0,-0.28009979253104861,0.36199499265109014,-9.8175735254352343,0.0027156413435149118,0.0003422018922492455,-0.025814468146202241,0.028859154745674267,-0.018542335106913405,0.03269183483020241,0.0012406448955304184,-0.00077347111126999254,0.0016498790393106469
15860758805,15.860758805000001,0.01187145561058402,stationary_final,0,39.639323831388076,14.809473179077784,0,0.011656089003319039,0.014707814700503134,0,0.90030803604823084,0,0,0.43525330581970029,0,0,-9.8066499999999994,0,0,0,0.0075346612930257961,0.077711046322907013,-10.085182958769341,0.0033676639281406294,0.0039443640982753519,0.026211140248885663,0.029041451274243041,-0.018406789068791809,0.032578188834918205,0.0012364892532401477,-0.00077572536991089619,0.0016461792506926687
15869137468,15.869137468000002,0.0083786627973369554,stationary_final,0,39.639421493827371,14.809596410897646,0,0.011656089003319039,0.014707814700503134,0,0.90030803604823084,0,0,0.43525330581970029,0,0,-9.8066499999999994,0,0,0,0.13320995003221581,0.31498282932712102,-9.6847506298494643,0.023338631581313024,0.0013466475872610448,-0.0029588697696504565,0.029073478071975918,-0.018405676098419008,0.032607136303919967,0.001241625706084479,-0.00077146658519303796,0.0016385173332359509
15880935476,15.880935476000001,0.011798007956358027,stationary_final,0,39.639559012458172,14.809769933812502,0,0.011656089003319039,0.014707814700503134,0,0.90030803604823084,0,0,0.43525330581970029,0,0,-9.8066499999999994,0,0,0,0.26564737635181207,0.1478351128360729,-10.346400941246811,0.00019739311148159579,0.030980636465616808,-0.0067945483277592192,0.029114659301351951,-0.018485374340816117,0.032488829366719971,0.0012424354912448821,-0.00077139311489942504,0.0016377926109386052
15891820118,15.891820118000002,0.010884642384883535,stationary_final,0,39.639685884818576,14.809930023115781,0,0.011656089003319039,0.014707814700503134,0,0.90030803604823084,0,0,0.43525330581970029,0,0,-9.8066499999999994,0,0,0,0.2450348022040916,0.082857380860368882,-10.001036348382662,-0.001533985392284452,-0.014600735030968738,0.0035434848904602771,0.029155114477052775,-0.018619346694972963,0.032440665142701115,0.0012414757210328588,-0.00076617923191394559,0.0016398588241727833
15903551350,15.903551350000001,0.011731232446722376,stationary_final,0,39.639822625108096,14.810102563908815,0,0.011656089003319039,0.014707814700503134,0,0.90030803604823084,0,0,0.43525330581970029,0,0,-9.8066499999999994,0,0,0,-0.14993428339044226,-0.21806887129094904,-9.6716184996795747,0.0056482984551682689,-0.0095667665747459826,-0.0014176627827690558,0.029201163936347758,-0.018623916374096289,0.032361271285236665,0.001238524396496161,-0.00075706078243455599,0.0016421577874459496
15914529312,15.914529312000001,0.010977961959171641,stationary_final,0,39.639950585209768,14.8102640257391,0,0.011656089003319039,0.014707814700503134,0,0.90030803604823084,0,0,0.43525330581970029,0,0,-9.8066499999999994,0,0,0,-0.30254053795858432,-0.039973325574029092,-9.4232487606844817,0.0018126642598586496,-0.007734681185352546,-0.00043403693338302089,0.02926429330164072,-0.01859755474311646,0.03236122370760619,0.0012343242659398209,-0.00075377017712893073,0.001635171327628922
15924124572,15.924124572,0.0095952601011400698,stationary_final,0,39.640062428415519,14.81040515104667,0,0.011656089003319039,0.014707814700503134,0,0.90030803604823084,0,0,0.43525330581970029,0,0,-9.8066499999999994,0,0,0,0.26120302911848448,0.057603516024936768,-10.279607575662332,-0.017119514891826153,-0.0039202820259299238,-0.018193006678624876,0.029295339721190531,-0.018523192939484085,0.0323700648860233,0.0012307590022001098,-0.00075381577279674426,0.0016333519639633548
15933200293,15.933200293000001,0.0090757211146576065,stationary_final,0,39.640168215828602,14.810538635071097,0,0.011656089003319039,0.014707814700503134,0,0.90030803604823084,0,0,0.43525330581970029,0,0,-9.8066499999999994,0,0,0,-0.27121211624850539,-0.27169753777874572,-9.7727938067751943,0.0073097174737592335,0.0024409942510226061,0.0033206970824745802,0.029483502024598561,-0.018471010767323999,0.032317173319046592,0.0012337440475713006,-0.00075371122876254938,0.0016408188429801428
15942652631,15.942652631000001,0.0094523381269615916,stationary_final,0,39.640278393123097,14.810677658308755,0,0.011656089003319039,0.014707814700503134,0,0.90030803604823084,0,0,0.43525330581970029,0,0,-9.8066499999999994,0,0,0,-0.3008739774195236,-0.18390298088329193,-9.4145630748601796,-0.00026261587671987368,-0.0078265216422712131,0.010950382946537685,0.029615376938795707,-0.018361936824665782,0.03226170771957327,0.0012322788159400764,-0.00075537508325470627,0.0016381514079266105
15951204060,15.95120406,0.0085514288828261488,stationary_final,0,39.640378069339263,14.810803431140188,0,0.011656089003319039,0.014707814700503134,0,0.90030803604823084,0,0,0.43525330581970029,0,0,-9.8066499999999994,0,0,0,-0.10442262907788051,-0.34995280633241488,-10.007099544235567,0.014384881206329142,-0.011366179406448912,-0.0057552377603337628,0.029457801091862235,-0.018356017468338023,0.03226740157452368,0.0012342286919399957,-0.00075206831701548976,0.0016468263322353407
15960749036,15.960749036000001,0.0095449757579068682,stationary_final,0,39.640489326426234,14.810943816874957,0,0.011656089003319039,0.014707814700503134,0,0.90030803604823084,0,0,0.43525330581970029,0,0,-9.8066499999999994,0,0,0,-0.24226292672522851,-0.52017386101673357,-9.7332723510800712,0.01288588266082037,-0.026630301884379641,0.019680840615656559,0.029555109411033811,-0.018444141157957748,0.032266429179931742,0.0012312611180191782,-0.00075102685105696732,0.0016497970101323671
15972689224,15.972689224000002,0.01194018841980264,stationary_final,0,39.640628502325171,14.811119430953724,0,0.011656089003319039,0.014707814700503134,0,0.90030803604823084,0,0,0.43525330581970029,0,0,-9.8066499999999994,0,0,0,-0.23072145314360748,0.19035612839220911,-9.4607373454194512,0.0016899451930797885,-0.0036363370377342167,0.013612044740245665,0.029631979065204431,-0.018408338365085257,0.032166263132095502,0.0012175841998923365,-0.00075041503447443561,0.001647368461558689
15981054005,15.981054005000001,0.0083647810986905088,stationary_final,0,39.640726002958154,14.811242458604134,0,0.011656089003319039,0.014707814700503134,0,0.90030803604823084,0,0,0.43525330581970029,0,0,-9.8066499999999994,0,0,0,-0.23484251534849743,-0.61733525787274446,-9.5660870075194264,0.0011723775965225239,-0.020671893152478981,-0.016325776142423937,0.029635900414669628,-0.018554153850986559,0.031940373366722397,0.0012158792132717646,-0.00075633040885446454,0.0016454779133248981
15991588958,15.991588958000001,0.01053495290868948,stationary_final,0,39.640848799306902,14.811397404739393,0,0.011656089003319039,0.014707814700503134,0,0.90030803604823084,0,0,0.43525330581970029,0,0,-9.8066499999999994,0,0,0,-0.34734639774466264,-0.26892011670060517,-9.2671078138991305,0.0084454681019101013,0.017588216435297777,0.017843850876933916,0.029640379966793209,-0.018514334694406376,0.032050037118395061,0.0012201829180893652,-0.00075242261359848277,0.0016472963516729715
16001376710,16.001376710000002,0.0097877524336134128,stationary_final,0,39.640962886220407,14.811541361188521,0,0.011656089003319039,0.014707814700503134,0,0.90030803604823084,0,0,0.43525330581970029,0,0,-9.8066499999999994,0,0,0,0.63920264273042648,0.54404769824390986,-9.7089462436779055,0.012317956721305002,-0.024466727544594311,0.0097649687506845897,0.029665554107779383,-0.018493640125811821,0.032072469637073095,0.0012199298858046163,-0.00075611384263706688,0.0016479259362620479
16009793831,16.009793831,0.0084171206425767576,stationary_final,0,39.64106099692777,14.811665158639244,0,0.011656089003319039,0.014707814700503134,0,0.90030803604823084,0,0,0.43525330581970029,0,0,-9.8066499999999994,0,0,0,0.19816299392361852,-0.35394293231190888,-9.7012149651287967,-0.0057702989689594319,-0.014821558951650762,0.015338757782213169,0.02957052300123297,-0.018435166951742882,0.032032430274385522,0.0012237251873608334,-0.00075083694690968516,0.0016482544859088421
16020557872,16.020557872000001,0.010764041205688284,stationary_final,0,39.641186463550099,14.811823474162725,0,0.011656089003319039,0.014707814700503134,0,0.90030803604823084,0,0,0.43525330581970029,0,0,-9.8066499999999994,0,0,0,0.23310719561902507,-0.1032929013004702,-10.073247238786035,0.0037047158404875579,-0.011208242501859884,-0.021671510992985428,0.029490197581419859,-0.018547199276564737,0.032001934950865701,0.0012139901730396868,-0.00075860340067672276,0.0016495832033676758
16031508185,16.031508185,0.010950313208183314,stationary_final,0,39.641314101375471,14.811984529340304,0,0.011656089003319039,0.014707814700503134,0,0.90030803604823084,0,0,0.43525330581970029,0,0,-9.8066499999999994,0,0,0,0.33145024472118528,0.40097483826394403,-9.5832559233559831,0.012234629782178097,0.022648819572991204,0.0082501565792524739,0.029654302763528598,-0.018432989617849654,0.032056779251744577,0.0012108783746986426,-0.00076564315318423297,0.0016542692491830669
16040052308,16.040052308,0.0085441226212222658,stationary_final,0,39.641413692429197,14.812110194712595,0,0.011656089003319039,0.014707814700503134,0,0.90030803604823084,0,0,0.43525330581970029,0,0,-9.8066499999999994,0,0,0,0.043375916290003223,-0.24200318039387189,-9.5054312742446641,0.010208837233829938,-0.0097140063270635315,0.023535957207426066,0.02965503702361778,-0.018530812342302215,0.031839510277504562,0.0012142793825625866,-0.0007652129148067046,0.0016573756993640189
16049255714,16.049255714000001,0.0092034062259457074,stationary_final,0,39.641520968151298,14.81224555670598,0,0.011656089003319039,0.014707814700503134,0,0.90030803604823084,0,0,0.43525330581970029,0,0,-9.8066499999999994,0,0,0,0.1174509479975098,-0.44921562798304115,-9.5688370882459211,-0.036950190218707976,0.031548046391762827,-0.027928314334728487,0.029615864162550291,-0.018522194692374597,0.031731992613820627,0.0012126180817916483,-0.0007625857571389341,0.0016578927473299696
16058994741,16.058994740999999,0.0097390273133001939,stationary_final,0,39.64163448712047,14.812388796515068,0,0.011656089003319039,0.014707814700503134,0,0.90030803604823084,0,0,0.43525330581970029,0,0,-9.8066499999999994,0,0,0,-0.28974130538575105,-0.19737277773025613,-10.075523058346898,-0.0097457731708521043,-0.0083154402771182974,0.0098123425111181582,0.029497509554973506,-0.018536076942562933,0.03184169453839901,0.0012117385617358403,-0.00076358185379738072,0.0016637038836822212
16069366638,16.069366638000002,0.010371897435937191,stationary_final,0,39.641755382880113,14.812541344460648,0,0.011656089003319039,0.014707814700503134,0,0.90030803604823084,0,0,0.43525330581970029,0,0,-9.8066499999999994,0,0,0,-0.10491985389461544,0.24414655267318627,-9.758797395579542,0.028121742746374901,-0.018763068485686783,-0.0060926750535881674,0.02951439110344254,-0.018572017284568459,0.031804815005266281,0.0012132565362625275,-0.00076707751842717349,0.0016654099561966768
16079460555,16.079460555000001,0.010093916633154894,stationary_final,0,39.641873038470784,14.81268980391609,0,0.011656089003319039,0.014707814700503134,0,0.90030803604823084,0,0,0.43525330581970029,0,0,-9.8066499999999994,0,0,0,-0.43571331668520713,-0.0046462112915214952,-9.622716697604206,0.027901603856213146,0.00248831530290421,-0.0013037104397612366,0.029572344711386218,-0.018587980226400954,0.031877531741562867,0.0012155979572329386,-0.00076156606497247345,0.0016700399432482719
16090059665,16.090059665000002,0.010599110374752561,stationary_final,0,39.641996582644666,14.812845693667471,0,0.011656089003319039,0.014707814700503134,0,0.90030803604823084,0,0,0.43525330581970029,0,0,-9.8066499999999994,0,0,0,-0.53346482719753519,-0.20291658671999413,-9.747870028607041,-0.019951033794704559,-0.016153134870017804,-0.017435018007730611,0.029543342109396152,-0.018647098009675865,0.031943889701752021,0.0012040544288494503,-0.00075931389527598568,0.0016636617538842292
16098327789,16.098327789000002,0.0082681237051355719,stationary_final,0,39.642092956630464,14.812967299698848,0,0.011656089003319039,0.014707814700503134,0,0.90030803604823084,0,0,0.43525330581970029,0,0,-9.8066499999999994,0,0,0,-0.41282724715279323,0.18306109645275553,-9.6008392165424628,0.017615992807396647,-0.0096545374228267852,-0.0041970402577548218,0.029487923640249925,-0.018615282787122652,0.031995912321298697,0.0012006154107634867,-0.00076290703750944028,0.0016602248199702294
16108509141,16.108509141000003,0.010181352304176092,stationary_final,0,39.642211631379098,14.813117045141938,0,0.011656089003319039,0.014707814700503134,0,0.90030803604823084,0,0,0.43525330581970029,0,0,-9.8066499999999994,0,0,0,0.041073461323948693,-0.11947175924079177,-9.6744871568034068,0.013281357319317028,0.014536595504619566,0.013299002529566501,0.029479507374171064,-0.018679200538523916,0.032007579923915244,0.0012026640790931415,-0.00076562296212500584,0.001660729130140899
16117814554,16.117814554000002,0.0093054133537272283,stationary_final,0,39.642320096105365,14.813253907437257,0,0.011656089003319039,0.014707814700503134,0,0.90030803604823084,0,0,0.43525330581970029,0,0,-9.8066499999999994,0,0,0,-0.14605965206538812,-0.69317183666146998,-9.8824706997810079,0.030091441556710882,0.032044951938337889,0.022391742585547155,0.02952426659110292,-0.018722447060581227,0.03205999315822862,0.0012058777301974617,-0.00076390095141097298,0.0016575795529575005
16128525983,16.128525982999999,0.010711429481005164,stationary_final,0,39.642444949480748,14.813411449157242,0,0.011656089003319039,0.014707814700503134,0,0.90030803604823084,0,0,0.43525330581970029,0,0,-9.8066499999999994,0,0,0,-0.019942523198105109,0.10245207112393342,-9.8376678435043416,0.0027633590234629134,-0.0011853173002858515,-0.010594526608005684,0.029357901905887437,-0.018822603392817945,0.032128340862651657,0.0012060756968333593,-0.00076252681450868904,0.0016590246067331171
16139552511,16.139552511000002,0.011026528425759331,stationary_final,0,39.642573475677473,14.813573625294117,0,0.011656089003319039,0.014707814700503134,0,0.90030803604823084,0,0,0.43525330581970029,0,0,-9.8066499999999994,0,0,0,-0.088513920293233017,-0.014626327214119951,-9.6890407900474766,0.0063989100571401857,-0.013969619183809205,-0.0053574190842421779,0.0294942301024727,-0.018754604881398334,0.032105670154535436,0.0012016219131646712,-0.00075593941271546701,0.0016675037889188667
16150969700,16.150969700000001,0.0114171891946414,stationary_final,0,39.642706555450893,14.813741547197193,0,0.011656089003319039,0.014707814700503134,0,0.90030803604823084,0,0,0.43525330581970029,0,0,-9.8066499999999994,0,0,0,-0.0096287325121441544,0.059331771387867882,-9.610741937210209,0.0074475340018918083,0.023385046256792132,0.024475263559106241,0.029536583825468414,-0.018840064892230359,0.032030778779475751,0.0011941572572821209,-0.00075179029936244836,0.0016690324125769678
16160068137,16.160068137,0.0090984369365450218,stationary_final,0,39.642812607641616,14.813875365321719,0,0.011656089003319039,0.014707814700503134,0,0.90030803604823084,0,0,0.43525330581970029,0,0,-9.8066499999999994,0,0,0,0.14156860572836508,-0.45579390976838097,-10.064189318860942,0.027935220279459876,-0.0074699387215026204,-0.01558453989016894,0.029662519795929772,-0.0187713043361704,0.032168890439266969,0.001195697727387405,-0.00075487114288054187,0.001664114474147445
16168736999,16.168736999,0.0086688623094971478,stationary_final,0,39.642913652672256,14.814002865342232,0,0.011656089003319039,0.014707814700503134,0,0.90030803604823084,0,0,0.43525330581970029,0,0,-9.8066499999999994,0,0,0,-0.09421507777353641,0.021322906117274196,-9.4967010643853609,-0.030261960900982876,-0.013724823969206617,-0.0039038176460309887,0.029775299450544392,-0.018637157124276566,0.032094589103459165,0.0012000324794552415,-0.00074912590439305535,0.0016639606930697881
16179926887,16.179926887000001,0.011189888464957108,stationary_final,0,39.643044083008142,14.814167444148294,0,0.011656089003319039,0.014707814700503134,0,0.90030803604823084,0,0,0.43525330581970029,0,0,-9.8066499999999994,0,0,0,-0.52788676156359127,0.48575509064861366,-9.6205149545284332,-0.0075670852602530165,-0.018141496974280902,0.016094705322015311,0.029748370504479923,-0.018659438348863848,0.032078087981412894,0.0011995060656529223,-0.00075368469573712743,0.001673326315782143
16187942990,16.18794299,0.0080161034769783909,stationary_final,0,39.643137519423732,14.814285343512854,0,0.011656089003319039,0.014707814700503134,0,0.90030803604823084,0,0,0.43525330581970029,0,0,-9.8066499999999994,0,0,0,0.20921930899823027,0.045754090913225326,-9.7154315271672775,-0.025918571374261387,0.022088902662849005,-0.012673645138451988,0.029731500707536128,-0.018828541950449178,0.032111774621725139,0.0012017480046622178,-0.00075771088726253469,0.0016795747096768035
16198369531,16.198369531000001,0.010426541154916546,stationary_final,0,39.643259052115432,14.814438695148127,0,0.011656089003319039,0.014707814700503134,0,0.90030803604823084,0,0,0.43525330581970029,0,0,-9.8066499999999994,0,0,0,-0.078262136657978029,-0.50609950724509001,-9.669513190031223,-0.017994122242623891,-0.018858669152139129,-0.015898287529415543,0.029744861311296399,-0.01877665167124894,0.032093137417938594,0.0012015772098939606,-0.00076058263311135283,0.0016854124029778122
16207179607,16.207179607,0.0088100760670657991,stationary_final,0,39.643361743146194,14.814568272114418,0,0.011656089003319039,0.014707814700503134,0,0.90030803604823084,0,0,0.43525330581970029,0,0,-9.8066499999999994,0,0,0,0.27492008948458785,0.29916950294901373,-9.9106506114238133,-0.0004281218110016847,-0.013801253360004076,-0.0058221458202708338,0.029873012744788138,-0.018744443134163579,0.032164926826822683,0.0011986347881668233,-0.00076260640274892165,0.0016862497190685492
16215722655,16.215722655,0.0085430481419974079,stationary_final,0,39.643461321675694,14.814693921683467,0,0.011656089003319039,0.014707814700503134,0,0.90030803604823084,0,0,0.43525330581970029,0,0,-9.8066499999999994,0,0,0,0.081669428540811717,0.076220192638096415,-9.6162646492460162,0.014357076264171105,-0.0085652724215983887,0.00042811782340648557,0.029753069717768213,-0.018803551641325338,0.032218062034879702,0.0011978685971055145,-0.00076589285271120558,0.001688716209241301
16223926262,16.223926262000003,0.0082036070599072371,stationary_final,0,39.643556943649735,14.81481457881598,0,0.011656089003319039,0.014707814700503134,0,0.90030803604823084,0,0,0.43525330581970029,0,0,-9.8066499999999994,0,0,0,-0.29485370929084614,0.41923788324212585,-9.7515827019685091,-0.022801553411336418,-0.0034910080434673264,0.028767304278950547,0.029791188624391444,-0.01863352919825138,0.032276396120687702,0.0011981581432168903,-0.00076409086692925943,0.0016944585909957422
16232657748,16.232657748000001,0.0087314864444428715,stationary_final,0,39.643658718632864,14.814942999900666,0,0.011656089003319039,0.014707814700503134,0,0.90030803604823084,0,0,0.43525330581970029,0,0,-9.8066499999999994,0,0,0,0.56755905890059077,-0.61228772263658582,-10.339310263248796,-0.030478589248345695,-0.016096508883643945,0.016703593014613251,0.029703018862627762,-0.01863482547465356,0.032170636450634886,0.0011987161753450994,-0.00076103056418589732,0.0016929801523656838
16242703829,16.242703829,0.010046080511026118,stationary_final,0,39.643775816641437,14.815090755791289,0,0.011656089003319039,0.014707814700503134,0,0.90030803604823084,0,0,0.43525330581970029,0,0,-9.8066499999999994,0,0,0,-0.21872827447055859,-0.22657401002970143,-9.8562842225070426,-0.002076480470051472,0.00058167056107905958,0.00036574411015066776,0.029727272666141488,-0.018544341874151733,0.032208924083782522,0.0012043168713408731,-0.00076695854798675177,0.0016887431610062501
16251026361,16.251026361000001,0.0083225319994367306,stationary_final,0,39.643872824815155,14.815213162049776,0,0.011656089003319039,0.014707814700503134,0,0.90030803604823084,0,0,0.43525330581970029,0,0,-9.8066499999999994,0,0,0,0.14691769157629614,0.35497225979101815,-9.7470441709828659,-0.0019510701003202207,0.018049846708309204,0.022749499045440439,0.029771794796135228,-0.018562577690446239,0.032140843618792908,0.0012071591822636863,-0.00076349566907370063,0.0016883181069020936
16261130781,16.261130781000002,0.010104420373057654,stationary_final,0,39.64399060283835,14.81536177599228,0,0.011656089003319039,0.014707814700503134,0,0.90030803604823084,0,0,0.43525330581970029,0,0,-9.8066499999999994,0,0,0,-0.22617518635580003,0.10799421212070168,-9.7802115644472583,-0.0086939434657685895,-0.01317304728943762,0.02668880792423339,0.029766227969099054,-0.018601764825703197,0.032104148662542353,0.0012051716823991226,-0.00076481774722315606,0.0016820610641721538
16272079923,16.272079923,0.010949141801566153,stationary_final,0,39.644118227009699,14.815522813941026,0,0.011656089003319039,0.014707814700503134,0,0.90030803604823084,0,0,0.43525330581970029,0,0,-9.8066499999999994,0,0,0,-0.39606938837927358,-0.15587228779533396,-9.9594375776257973,-0.0090625291612737701,0.011850512649086108,0.003044589261684656,0.029721037391681148,-0.018522738242414474,0.032089291678802263,0.0012035717889120636,-0.00076942616633856036,0.0016850575870419916
16283635596,16.283635596,0.011555672618165305,stationary_final,0,39.64425292095823,14.815692772632634,0,0.011656089003319039,0.014707814700503134,0,0.90030803604823084,0,0,0.43525330581970029,0,0,-9.8066499999999994,0,0,0,0.13121546581029914,-0.018449297713014391,-9.7581281024299287,0.0025904973827121707,-0.023857175746821366,0.0053737258834187923,0.029792587948396839,-0.018635232594875543,0.031918690829432633,0.0012076847493739534,-0.00076854082141521477,0.0016833780169549747
16292665681,16.292665681000003,0.0090300854877507688,stationary_final,0,39.644358176438381,14.815825585456718,0,0.011656089003319039,0.014707814700503134,0,0.90030803604823084,0,0,0.43525330581970029,0,0,-9.8066499999999994,0,0,0,0.084422037443971629,0.32340291415239841,-10.061116074925538,-0.0011272221019896728,-0.0010957111293703398,0.01714396773530967,0.02992633883076954,-0.018569205391738758,0.032032043836507526,0.0012023373314832416,-0.00077159772622340688,0.0016815963229165664
16300950973,16.300950973000003,0.0082852919269036669,stationary_final,0,39.6444547505385,14.815947443995119,0,0.011656089003319039,0.014707814700503134,0,0.90030803604823084,0,0,0.43525330581970029,0,0,-9.8066499999999994,0,0,0,-0.039252498205044631,-0.086485091295686073,-9.7605450263731619,-0.0032396557125818201,-0.006351218037449498,0.034997869985476257,0.02994195107649238,-0.018518078641793497,0.031987524316973104,0.0012008129360994609,-0.00076473694596277742,0.0016808873489758162
16310469925,16.310469925,0.0095189515084157621,stationary_final,0,39.644565704284503,14.816087446970048,0,0.011656089003319039,0.014707814700503134,0,0.90030803604823084,0,0,0.43525330581970029,0,0,-9.8066499999999994,0,0,0,-0.41458563556854622,0.25967116380712352,-9.834945446107584,-0.010015562244797016,0.0032301772978103366,0.004380249220791891,0.029956828946337645,-0.01855420057237659,0.03209920329508302,0.0011985803029142229,-0.00076882617663983624,0.0016796414674612212
16320392531,16.320392531,0.0099226062618458736,stationary_final,0,39.644681363066233,14.816233386824294,0,0.011656089003319039,0.014707814700503134,0,0.90030803604823084,0,0,0.43525330581970029,0,0,-9.8066499999999994,0,0,0,-0.26299087322568154,0.19104372812060247,-9.8860622734206682,0.0099450551255440868,0.010026375107915514,0.0010889032811264437,0.029931401885841476,-0.018519067131301682,0.03216425710605731,0.0011961399301093903,-0.0007775916594320206,0.00167054126193282
16330582194,16.330582194000002,0.010189663223003836,stationary_final,0,39.644800134687678,14.816383254502838,0,0.011656089003319039,0.014707814700503134,0,0.90030803604823084,0,0,0.43525330581970029,0,0,-9.8066499999999994,0,0,0,0.053224023963473241,-0.076024807649467008,-10.043855554138826,0.010255095624266703,0.0084424551498650142,-0.0068803225355826871,0.029812818579468409,-0.018408737321347741,0.032025816702476818,0.0011920667944301938,-0.00077280114386558561,0.0016737994910486149
16339044071,16.339044071,0.0084618770711432211,stationary_final,0,39.644898767079951,14.816507710222819,0,0.011656089003319039,0.014707814700503134,0,0.90030803604823084,0,0,0.43525330581970029,0,0,-9.8066499999999994,0,0,0,0.30514252871893804,0.55083652544697537,-9.4599158049166228,0.019745151505754434,0.00080791704009530577,0.040416376905733832,0.029731882066654527,-0.018488249012251268,0.032029750937752718,0.0011971653701250051,-0.00077466311641602426,0.0016769900463258611
16348673549,16.348673549000001,0.0096294778352944404,stationary_final,0,39.645011009130656,14.816649338798483,0,0.011656089003319039,0.014707814700503134,0,0.90030803604823084,0,0,0.43525330581970029,0,0,-9.8066499999999994,0,0,0,0.061730753335811378,0.43542108109627164,-10.069879089807236,0.0015112320022566718,0.016245004460334323,0.00054077558011232131,0.029658779615863422,-0.018450967249823206,0.032128269143644972,0.0011914320446866516,-0.00077292123499353123,0.001674403165889557
16357557729,16.357557729,0.0088841799470227509,stationary_final,0,39.645114563922839,14.816780005670909,0,0.011656089003319039,0.014707814700503134,0,0.90030803604823084,0,0,0.43525330581970029,0,0,-9.8066499999999994,0,0,0,0.18411903872876054,0.21524687431429437,-10.045526615205587,-0.0099882976538029494,0.024941858681667473,-0.013367090045967013,0.029579842841927627,-0.018347269715202546,0.032175998858795136,0.0011891805899825714,-0.00078113901145122346,0.0016764435262594775
16365577223,16.365577223000003,0.0080194944411723507,stationary_final,0,39.645208039863803,14.816897954909141,0,0.011656089003319039,0.014707814700503134,0,0.90030803604823084,0,0,0.43525330581970029,0,0,-9.8066499999999994,0,0,0,0.050678470728855375,0.49966329503913637,-10.157768945975572,-0.023273901714937806,-0.00018959141619442725,-0.0024287578198445348,0.029738145200555628,-0.018405937285587294,0.032158760298623731,0.0011911615840964605,-0.00078730267649759918,0.0016781347402854267
16376244456,16.376244456000002,0.010667233424140497,stationary_final,0,39.645332378086017,14.81705484660171,0,0.011656089003319039,0.014707814700503134,0,0.90030803604823084,0,0,0.43525330581970029,0,0,-9.8066499999999994,0,0,0,0.61201356965310894,0.1775242798646964,-9.5823978015591287,0.0075992105662167856,-0.023328432850322614,-0.019853106987103776,0.029733961977386973,-0.01843943593631699,0.032117448420199937,0.0011916834509518577,-0.00079355313009265497,0.0016785158649879194
16387395389,16.387395389000002,0.011150932906762551,stationary_final,0,39.645462354352446,14.817218852456641,0,0.011656089003319039,0.014707814700503134,0,0.90030803604823084,0,0,0.43525330581970029,0,0,-9.8066499999999994,0,0,0,-0.21433423135127283,0.23347128410482787,-9.568116413696778,-0.023209555443841963,0.008200433141848703,-0.013643703385522366,0.029683446592677697,-0.018465565606827557,0.032283658839628603,0.0011888254862321478,-0.00079951030150140589,0.0016813745933188112
16395865573,16.395865573000002,0.008470184485747741,stationary_final,0,39.645561083576688,14.817343430360536,0,0.011656089003319039,0.014707814700503134,0,0.90030803604823084,0,0,0.43525330581970029,0,0,-9.8066499999999994,0,0,0,0.24851911111742148,0.26377225496811185,-10.159449215409001,-0.0081225756065863471,0.0059726662198681894,0.005425087031754156,0.029743911078513607,-0.018456748695249516,0.032182863115693641,0.001189545239396771,-0.00080762871339182956,0.00168373470261447
16406000333,16.406000333000001,0.010134759952172941,stationary_final,0,39.645679215240719,14.817492490531947,0,0.011656089003319039,0.014707814700503134,0,0.90030803604823084,0,0,0.43525330581970029,0,0,-9.8066499999999994,0,0,0,-0.57936952856161428,0.041046309104731941,-9.4554550955366885,0.010241677988316485,0.0027837092346419609,-0.011846460409270612,0.029740398597584931,-0.018358928835642975,0.032161575332394776,0.0011873510751009503,-0.00080685910786806024,0.0016865610966032844
16415324196,16.415324196,0.0093238632777803143,stationary_final,0,39.645787895020938,14.817629624185329,0,0.011656089003319039,0.014707814700503134,0,0.90030803604823084,0,0,0.43525330581970029,0,0,-9.8066499999999994,0,0,0,0.004399867632127432,-0.71825269683702497,-9.0069647546431959,0.0035711229343263241,-0.0082483656783498508,-0.014608057189801293,0.029850407798034474,-0.018282551214161852,0.032302925754014208,0.0011838936929929364,-0.00081003278542650489,0.0016831277064434868
16423831889,16.423831889000002,0.0085076934860982868,stationary_final,0,39.645887061453422,14.817754753764651,0,0.011656089003319039,0.014707814700503134,0,0.90030803604823084,0,0,0.43525330581970029,0,0,-9.8066499999999994,0,0,0,0.012445397361676779,-0.33856386068928124,-9.6091331090366285,-0.011715346023265358,-0.0012468508114447309,0.031020657302105369,0.029942455995735917,-0.018331962208399038,0.03226517334794702,0.0011890253397949129,-0.00080520985836734973,0.0016893960295652451
16435234749,16.435234748999999,0.011402859873002073,stationary_final,0,39.646019974202993,14.817922464914719,0,0.011656089003319039,0.014707814700503134,0,0.90030803604823084,0,0,0.43525330581970029,0,0,-9.8066499999999994,0,0,0,0.53307139538387771,0.30742678445504834,-9.3913893139617848,0.014358377546489259,-0.011204403695623552,-0.0085633237899915889,0.029728386109945697,-0.018235853159875554,0.032049441713733084,0.0011831820381779413,-0.00080536588310237134,0.0016899565557155945
16446685965,16.446685965,0.011451215816848827,stationary_final,0,39.646153450593751,14.81809088727505,0,0.011656089003319039,0.014707814700503134,0,0.90030803604823084,0,0,0.43525330581970029,0,0,-9.8066499999999994,0,0,0,-0.17034382039858664,0.10083909316474002,-9.5771543217952182,0.012998012915703523,-0.00030384591746520631,-0.0036494203416955456,0.029731685317045901,-0.018052639661016626,0.032113982044914516,0.0011786447749851539,-0.00080358992214325309,0.0016870946000999015
16457279386,16.457279386,0.010593420790239103,stationary_final,0,39.646276928449332,14.818246693345078,0,0.011656089003319039,0.014707814700503134,0,0.90030803604823084,0,0,0.43525330581970029,0,0,-9.8066499999999994,0,0,0,-0.2748654804163263,0.080446172890662693,-9.6939472912065057,-0.01290601904411582,0.034680247841881187,0.0022252933578246889,0.029648332601274734,-0.018092604528893195,0.03209158473663036,0.0011691285927123703,-0.00080818514524091164,0.0016875474162130297
16466581812,16.466581812000001,0.0093024257381451869,stationary_final,0,39.646385358351679,14.8183835116991,0,0.011656089003319039,0.014707814700503134,0,0.90030803604823084,0,0,0.43525330581970029,0,0,-9.8066499999999994,0,0,0,0.11929317490381505,-0.16074238513970895,-9.6864696631086229,0.012730118562520168,-0.010934153848677909,0.027006936375294815,0.029516736494017697,-0.018107435984639667,0.032054244882297044,0.0011614041085049676,-0.00080124836584178954,0.0016862190709710646
16475213185,16.475213185000001,0.0086313725129609636,stationary_final,0,39.646485966397911,14.818510460326632,0,0.011656089003319039,0.014707814700503134,0,0.90030803604823084,0,0,0.43525330581970029,0,0,-9.8066499999999994,0,0,0,0.38352011662463126,0.32164159619787852,-9.7980112755689053,0.020860073748128358,-0.019324343894923053,-0.00036465387279010445,0.029587263057488447,-0.018078093332342619,0.031985673158594338,0.0011587230393535464,-0.00079350772241999355,0.0016834985623415482
16485874635,16.485874635000002,0.010661450367944013,stationary_final,0,39.646610237212307,14.818667266963082,0,0.011656089003319039,0.014707814700503134,0,0.90030803604823084,0,0,0.43525330581970029,0,0,-9.8066499999999994,0,0,0,0.1403699673688969,0.24658664102197916,-9.4544379454528453,0.027259626519351383,0.0014262747731522652,0.021164686774980755,0.029436993531321683,-0.018126356409666273,0.03193768661052343,0.0011547209207604791,-0.00079585018233300044,0.0016872552217063461
16497248562,16.497248561999999,0.01137392701612543,stationary_final,0,39.646742812717925,14.818834552574053,0,0.011656089003319039,0.014707814700503134,0,0.90030803604823084,0,0,0.43525330581970029,0,0,-9.8066499999999994,0,0,0,0.14312284859653057,0.018719339469844051,-9.7715919278839856,-0.010041362637864835,-0.0069103142113027902,0.0071289265141592792,0.029454021133307487,-0.018055967531882326,0.031833396891891803,0.0011558215847224729,-0.00080650454783830997,0.0016866934019055327
16508030480,16.508030480000002,0.010781918265452474,stationary_final,0,39.646868487716851,14.818993131030018,0,0.011656089003319039,0.014707814700503134,0,0.90030803604823084,0,0,0.43525330581970029,0,0,-9.8066499999999994,0,0,0,0.049069688349353602,-0.26654923909750394,-9.7976629446416084,-0.010615428600051524,-0.016934624224364505,0.01160343735417918,0.029462613722162131,-0.017964506314853464,0.031881453548912711,0.0011616111531518446,-0.00080686453827042532,0.001692154549238908
16517558391,16.517558391000001,0.0095279111765904072,stationary_final,0,39.646979545897544,14.819133265782085,0,0.011656089003319039,0.014707814700503134,0,0.90030803604823084,0,0,0.43525330581970029,0,0,-9.8066499999999994,0,0,0,0.11999330538050244,0.088286907074060367,-9.7065831370240829,-0.037940013009449575,-0.021535280509376996,-0.00074336373279359005,0.02955460563372464,-0.017951905451765161,0.031887656976182531,0.0011541216801440807,-0.00081209189843778058,0.0016929138287463457
16528469819,16.528469819000001,0.010911428221659596,stationary_final,0,39.647106730476047,14.819293749046487,0,0.011656089003319039,0.014707814700503134,0,0.90030803604823084,0,0,0.43525330581970029,0,0,-9.8066499999999994,0,0,0,-0.092148136082942478,-0.0027889877538737236,-9.7808649036064743,0.0030747869801355816,0.011542251557637925,-0.0051813148662138578,0.029502992999249193,-0.017966371862144059,0.031717291611024913,0.0011543637719428007,-0.00080537553364644072,0.001687843561123689
16537681718,16.537681718000002,0.009211899112901472,stationary_final,0,39.647214105191999,14.819429235951679,0,0.011656089003319039,0.014707814700503134,0,0.90030803604823084,0,0,0.43525330581970029,0,0,-9.8066499999999994,0,0,0,0.41080907086577817,-0.21131948992446623,-10.238804893130263,-0.025869325642988324,-0.023727946520542616,-0.00089678354396762307,0.02950239901720109,-0.017941376228837753,0.031662366996695612,0.0011564872984244738,-0.00080762115560200937,0.0016804701873357102
16549452995,16.549452994999999,0.011771277153637514,stationary_final,0,39.647351312246187,14.819602365714843,0,0.011656089003319039,0.014707814700503134,0,0.90030803604823084,0,0,0.43525330581970029,0,0,-9.8066499999999994,0,0,0,0.051228333122589204,-0.29561280665910888,-9.5993927750783872,-0.0093901910012637087,-0.022820739997565915,-0.0019432021400617022,0.029424015945942083,-0.017872945890810732,0.031718861389529271,0.0011533454284682805,-0.00080551229165574413,0.0016853592833703465
16559006364,16.559006364000002,0.009553368996761482,stationary_final,0,39.647462667165492,14.819742874895812,0,0.011656089003319039,0.014707814700503134,0,0.90030803604823084,0,0,0.43525330581970029,0,0,-9.8066499999999994,0,0,0,-0.2136494038694628,-0.4473237262740356,-9.6374556848914565,0.011573899867451505,0.0094047363693885878,0.03354335404206725,0.02934340192246792,-0.017810105737249646,0.031651795631999984,0.0011536450994102351,-0.00080679183590960277,0.0016875899355854212
16567497866,16.567497866,0.0084915018631522166,stationary_final,0,39.647561644866983,14.819867766331745,0,0.011656089003319039,0.014707814700503134,0,0.90030803604823084,0,0,0.43525330581970029,0,0,-9.8066499999999994,0,0,0,0.28382583358192992,0.11083005702179928,-10.07473790142844,-4.6681576122660886e-05,-0.013737386165558228,-0.011143191245894135,0.029376636885344521,-0.017700732442060784,0.031643717674028127,0.0011538668235087754,-0.00079956736956605901,0.0016870974943403415
16578440716,16.578440715999999,0.010942849957347369,stationary_final,0,39.647689195700032,14.820028711741212,0,0.011656089003319039,0.014707814700503134,0,0.90030803604823084,0,0,0.43525330581970029,0,0,-9.8066499999999994,0,0,0,-0.11208250994924812,-0.26295024199363448,-9.4598190656322831,-0.0079329409388397016,0.0097233435939200127,0.017299616125732425,0.029257360245301595,-0.017613719005412934,0.031614906456548415,0.0011524008411539853,-0.00080133004683571039,0.0016833174100432441
16588751304,16.588751304000002,0.010310588065721814,stationary_final,0,39.6478093768322,14.820180357959936,0,0.011656089003319039,0.014707814700503134,0,0.90030803604823084,0,0,0.43525330581970029,0,0,-9.8066499999999994,0,0,0,0.13334783605975181,0.013323885547848729,-9.6187147562085755,0.020711666562289271,-0.013840076333198644,0.014170836142363596,0.029274994808460651,-0.017682969201000952,0.031653332794863563,0.001151211969821818,-0.00079753831503604291,0.00167604561240366
16598882390,16.59888239,0.010131085721562553,stationary_final,0,39.647927465669071,14.820329364091444,0,0.011656089003319039,0.014707814700503134,0,0.90030803604823084,0,0,0.43525330581970029,0,0,-9.8066499999999994,0,0,0,-0.22992444583546798,-0.15762457039070912,-9.574728148243091,-0.009437919422719751,-0.021340514533559084,0.016067906101556693,0.029291338509394561,-0.017826973581407418,0.031713189950396514,0.0011479212057451341,-0.00079756878729751355,0.001679524453536052
16608567814,16.608567814000001,0.0096854238935503642,stationary_final,0,39.648040359832009,14.820471815511366,0,0.011656089003319039,0.014707814700503134,0,0.90030803604823084,0,0,0.43525330581970029,0,0,-9.8066499999999994,0,0,0,0.074088875583645991,0.21312730839687133,-9.6520540370879324,-0.0084339203288729195,-0.032291189120041051,0.0089742637993152248,0.029191096533909798,-0.0177499953441826,0.031729200626003935,0.001149795208618371,-0.00079658687061586679,0.0016754028729221036
16617834626,16.617834626,0.0092668116255501948,stationary_final,0,39.648148374613093,14.82060811005962,0,0.011656089003319039,0.014707814700503134,0,0.90030803604823084,0,0,0.43525330581970029,0,0,-9.8066499999999994,0,0,0,-0.20503978452526572,-0.58268850384589932,-9.9720246109934045,0.012577067544422681,0.012203045842565,-0.0017273191521680873,0.029225453511760199,-0.017820291159108673,0.031727867483242994,0.0011558599363589433,-0.00079683472244059482,0.0016751164246520032
16628110556,16.628110555999999,0.010275929639646223,stationary_final,0,39.648268151763567,14.820759246528635,0,0.011656089003319039,0.014707814700503134,0,0.90030803604823084,0,0,0.43525330581970029,0,0,-9.8066499999999994,0,0,0,0.18041755558511982,0.118202703669326,-9.7690612482195114,-0.0014953151683255767,-0.026229997309204795,-0.013719340794443143,0.029321705874176766,-0.017911563171902675,0.031728961042870679,0.0011581512098846622,-0.00079590883851687986,0.0016753943984423494
16638710327,16.638710327000002,0.010599771220082856,stationary_final,0,39.648391703640321,14.820915145999606,0,0.011656089003319039,0.014707814700503134,0,0.90030803604823084,0,0,0.43525330581970029,0,0,-9.8066499999999994,0,0,0,0.15134765067931932,-0.37179120424157719,-9.6652751356190585,-0.0014168274935690511,0.020366353655577013,-0.024896948455248372,0.029360870816856958,-0.01798009297937013,0.031672071122694566,0.001156471101143396,-0.00080224062102982605,0.0016705254871576143
16649649098,16.649649098000001,0.010938770863762021,stationary_final,0,39.648519206927098,14.821076031414522,0,0.011656089003319039,0.014707814700503134,0,0.90030803604823084,0,0,0.43525330581970029,0,0,-9.8066499999999994,0,0,0,0.24317109173030821,0.026759275594371912,-9.602047732016759,-0.012896887793032597,0.010757589486029999,0.0057160600474135716,0.029359321453760245,-0.017944602862895169,0.031653650924512181,0.0011577944399375959,-0.00079956228557627115,0.0016715068880177192
16659617629,16.659617629,0.0099685311599729889,stationary_final,0,39.648635401013529,14.82122264672366,0,0.011656089003319039,0.014707814700503134,0,0.90030803604823084,0,0,0.43525330581970029,0,0,-9.8066499999999994,0,0,0,-0.13270859661958753,0.048200073823678573,-9.0663393672555372,-0.021844153768292993,-0.011426763350147006,0.0019545272323793915,0.02933255535462179,-0.01795968215622596,0.031656404616361274,0.0011548452724682138,-0.0008032814507315404,0.0016754732253234045
16670213525,16.670213525000001,0.010595896369241228,stationary_final,0,39.648758907724677,14.821378489204045,0,0.011656089003319039,0.014707814700503134,0,0.90030803604823084,0,0,0.43525330581970029,0,0,-9.8066499999999994,0,0,0,0.34386334490429421,-0.56956424292209207,-10.047913250246896,-0.0018639528497898538,0.0077719780584325207,-0.010621819341043885,0.029100639935997361,-0.01788667341455711,0.031641481040457345,0.0011531906192729299,-0.00080613576507755896,0.0016711390348587804
16678980977,16.678980977000002,0.0087674522512168028,stationary_final,0,39.648861101928446,14.821507439267151,0,0.011656089003319039,0.014707814700503134,0,0.90030803604823084,0,0,0.43525330581970029,0,0,-9.8066499999999994,0,0,0,0.18475389600701905,-0.082836937272772332,-9.6759712374015603,0.017807024346714904,0.013852948647966514,0.0061751233360536019,0.028946117390637006,-0.017898293686470411,0.031653053503798934,0.0011621910292381745,-0.00080228184783224295,0.0016720321260812294
16689528447,16.689528447000001,0.010547470358396836,stationary_final,0,39.648984044181702,14.821662569506742,0,0.011656089003319039,0.014707814700503134,0,0.90030803604823084,0,0,0.43525330581970029,0,0,-9.8066499999999994,0,0,0,0.17723925063171236,-0.22890034211729859,-10.193200498345009,-0.016991269033615097,-0.015692069499091552,-0.0081065566907640371,0.029012351651715229,-0.017863993272364306,0.031592721913799651,0.0011560738909609995,-0.00079876540520032934,0.0016816365117842999
16698093912,16.698093912000001,0.0085654649176831292,stationary_final,0,39.64908388400314,14.821788548777574,0,0.011656089003319039,0.014707814700503134,0,0.90030803604823084,0,0,0.43525330581970029,0,0,-9.8066499999999994,0,0,0,0.01031018663302426,-0.34544353595716842,-10.25877798859274,-0.0080143580056459152,0.036965253643134292,0.0076345440421226839,0.028997977055457411,-0.017880194570132527,0.031653714157783064,0.0011634552855710866,-0.00080380625142851181,0.0016795437103743723
16708187390,16.708187390000003,0.01009347815125838,stationary_final,0,39.649201534482827,14.821937001783906,0,0.011656089003319039,0.014707814700503134,0,0.90030803604823084,0,0,0.43525330581970029,0,0,-9.8066499999999994,0,0,0,0.05283994529539926,-0.3607919376654084,-9.8722412232828169,-0.014249639467940715,0.0027290524721170226,-0.00086933536109773,0.029131414298702404,-0.017863028002703681,0.031574362187087333,0.0011653797046798562,-0.00080272788312464594,0.0016800340841575862
16719320945,16.719320945,0.011133555273105951,stationary_final,0,39.649331308194014,14.822100752051821,0,0.011656089003319039,0.014707814700503134,0,0.90030803604823084,0,0,0.43525330581970029,0,0,-9.8066499999999994,0,0,0,0.42311150591384206,0.14194086226663094,-9.7137953870501761,-0.013168695957184151,-0.00055236225080407199,-0.0020860890651337042,0.029124074221004104,-0.017948619084756819,0.031632165606425074,0.001164145854841657,-0.0008044656337930715,0.0016812864709389275
16730434860,16.730434860000003,0.011113914852301501,stationary_final,0,39.649460852974705,14.822264213452065,0,0.011656089003319039,0.014707814700503134,0,0.90030803604823084,0,0,0.43525330581970029,0,0,-9.8066499999999994,0,0,0,0.1433521927026746,-0.15582191395044834,-10.146052804622116,-0.028853788903142597,0.0050700751982543889,-0.0069564971411017647,0.029246101817817539,-0.017827187155439846,0.031615807398641109,0.001170488378900041,-0.00079848595173205486,0.0016732981270494998
16742049528,16.742049528000003,0.011614667587777142,stationary_final,0,39.649596234573849,14.822435039830754,0,0.011656089003319039,0.014707814700503134,0,0.90030803604823084,0,0,0.43525330581970029,0,0,-9.8066499999999994,0,0,0,0.18605567603913784,-0.090650874464530559,-9.5257517774025793,0.010473806133553571,-0.00010642278956300873,-0.0063421214501280226,0.029226848062855072,-0.017748339752882866,0.031666800931849183,0.0011657626108675036,-0.00080267069239056297,0.0016782254667434449
16752007080,16.752007080000002,0.0099575521978537106,stationary_final,0,39.64971230068852,14.822581493663352,0,0.011656089003319039,0.014707814700503134,0,0.90030803604823084,0,0,0.43525330581970029,0,0,-9.8066499999999994,0,0,0,-0.39004396119424833,0.2162284567895815,-10.300128692106934,0.0051955403921650498,-0.011241295257603093,0.035097349029068643,0.02922077301044982,-0.017671204689880177,0.031608456265201423,0.0011674467477446689,-0.00080167190984118232,0.0016794587561095007
16760439012,16.760439012000003,0.0084319318684863993,stationary_final,0,39.64981058403685,14.82270550895484,0,0.011656089003319039,0.014707814700503134,0,0.90030803604823084,0,0,0.43525330581970029,0,0,-9.8066499999999994,0,0,0,-0.2212322560688961,-0.17329324814508756,-9.9889721579812782,-0.028895892379799719,0.023037875147755914,0.008297750119873222,0.029328573662103591,-0.017691964097634849,0.03155548981912136,0.0011612641488119464,-0.00080437545191796038,0.0016734482055117247
16770637044,16.770637044000001,0.010198032373792951,stationary_final,0,39.649929453209857,14.822855499725303,0,0.011656089003319039,0.014707814700503134,0,0.90030803604823084,0,0,0.43525330581970029,0,0,-9.8066499999999994,0,0,0,0.14963355392212224,-0.27596281865711303,-9.9123933315868165,0.012938740565503523,0.0043994636598756048,-0.0064993760481439899,0.029330235347173328,-0.01778997688814082,0.031498175686046466,0.0011533980555296455,-0.00080769046375282739,0.001666553560172456
16782494112,16.782494112000002,0.011857068357542064,stationary_final,0,39.650067660253953,14.823029891289597,0,0.011656089003319039,0.014707814700503134,0,0.90030803604823084,0,0,0.43525330581970029,0,0,-9.8066499999999994,0,0,0,0.41767889262545627,-0.20207015286717614,-9.7675691193951621,0.0072989083344447798,-0.00027720149035836441,-0.0016219955701984286,0.029429087480057996,-0.017893304295591616,0.031440624386390406,0.0011528868778996326,-0.00080639779074797083,0.0016675810110706674
16790707358,16.790707358000002,0.0082132462837986031,stationary_final,0,39.650163394583643,14.823150690194028,0,0.011656089003319039,0.014707814700503134,0,0.90030803604823084,0,0,0.43525330581970029,0,0,-9.8066499999999994,0,0,0,-0.15490894120907442,-0.11502788412527143,-10.057954920022313,-0.0024386231031989945,-0.032255939600476388,-0.038108832204941594,0.029244686163067402,-0.018011688909620953,0.031470454716117369,0.0011506395825834801,-0.000805363888205905,0.0016666713915318673
16801603307,16.801603307000001,0.010895948664288934,stationary_final,0,39.650290398731052,14.823310945787968,0,0.011656089003319039,0.014707814700503134,0,0.90030803604823084,0,0,0.43525330581970029,0,0,-9.8066499999999994,0,0,0,0.15663225670331168,0.03417158079734673,-9.8244511799638268,0.016895972332772197,-0.0076574069480471628,-0.010525121612719048,0.029114016130425878,-0.018018391445604784,0.031577807856953251,0.0011483094799692626,-0.00080592959784723801,0.0016682403035019082
16810395040,16.81039504,0.0087917325309625118,stationary_final,0,39.650392875947929,14.82344025296093,0,0.011656089003319039,0.014707814700503134,0,0.90030803604823084,0,0,0.43525330581970029,0,0,-9.8066499999999994,0,0,0,0.19972697743783835,-0.31604492616958285,-9.7645720932373603,0.012487946149871804,-0.0012478631063873123,0.0088825006822434178,0.029134206878927617,-0.017896158358094334,0.031538215515194215,0.0011494082421338939,-0.00081205721447335892,0.001666205222229631
16819824348,16.819824348000001,0.0094293084195672429,stationary_final,0,39.650502784806108,14.823578937481919,0,0.011656089003319039,0.014707814700503134,0,0.90030803604823084,0,0,0.43525330581970029,0,0,-9.8066499999999994,0,0,0,0.17754118009930869,0.22046295207583574,-10.081350790633552,0.005974957762839214,0.0021869315267327204,-0.014965747285677804,0.028990715105269585,-0.017869320930705018,0.031567821700475084,0.0011498197146647101,-0.00081357926384590588,0.0016655710938856896
16828518602,16.828518602000003,0.0086942540239601102,stationary_final,0,39.650604125804826,14.823706810959063,0,0.011656089003319039,0.014707814700503134,0,0.90030803604823084,0,0,0.43525330581970029,0,0,-9.8066499999999994,0,0,0,-0.19184590929073553,-0.056553914084127431,-10.05395432636888,-0.0020319013696172422,0.004949978411527208,0.021899301876239181,0.029186887411571719,-0.017960449600689064,0.031607047959332363,0.0011488204624090015,-0.00081334042769457405,0.0016724300904319752
16837271902,16.837271902000001,0.0087533000300680317,stationary_final,0,39.65070615504905,14.823835552873923,0,0.011656089003319039,0.014707814700503134,0,0.90030803604823084,0,0,0.43525330581970029,0,0,-9.8066499999999994,0,0,0,0.028973270040359485,-0.38494961428157159,-9.9495144025582523,0.019580000553076422,0.0049976984209644292,-0.0040582972238474039,0.029179385856408564,-0.01795168231176595,0.031672732005014088,0.0011482222940929936,-0.00081464520754011304,0.0016758566372745687
16847482793,16.847482793000001,0.010210891065659498,stationary_final,0,39.650825174104114,14.823985732767644,0,0.011656089003319039,0.014707814700503134,0,0.90030803604823084,0,0,0.43525330581970029,0,0,-9.8066499999999994,0,0,0,-0.17824801980982047,-0.42109774910532016,-9.8617697923109535,0.031687515313746722,-0.0068756631358914749,0.0010450133653153513,0.029186748649284985,-0.017926951674923402,0.031612382065171182,0.0011570403179217014,-0.00082092337868111683,0.0016733877943726275
16857764355,16.857764355,0.010281562332786855,stationary_final,0,39.650945016909759,14.824136952081266,0,0.011656089003319039,0.014707814700503134,0,0.90030803604823084,0,0,0.43525330581970029,0,0,-9.8066499999999994,0,0,0,0.32658759090789669,-0.097614895950421721,-9.9194574736795733,-0.0038683567033497472,0.0097176860880592662,-0.016750463962771474,0.029193424327677738,-0.017919632300834397,0.031631001840129222,0.0011586859460626616,-0.00082370498652294696,0.0016714930464820522
16866257846,16.866257846,0.0084934907868460183,stationary_final,0,39.65104401779432,14.82426187276992,0,0.011656089003319039,0.014707814700503134,0,0.90030803604823084,0,0,0.43525330581970029,0,0,-9.8066499999999994,0,0,0,-0.021746923103434276,-0.10576640470254768,-9.6316251622907334,0.009861565580514698,0.0014999505963637218,0.016177565200599191,0.029151777819660767,-0.017967041219591487,0.031821686964127058,0.0011633010883093195,-0.00082108858221623777,0.0016681726750872139
16875472784,16.875472783999999,0.009214938237012818,stationary_final,0,39.651151427934572,14.824397404373986,0,0.011656089003319039,0.014707814700503134,0,0.90030803604823084,0,0,0.43525330581970029,0,0,-9.8066499999999994,0,0,0,-0.16789752487245932,-0.046491521533162189,-10.044392809934582,0.01586190042010489,-0.0081056016881347996,0.020429987919386626,0.029151353599010107,-0.017955164400802789,0.031749796329588152,0.0011658834723135274,-0.00081917598694578075,0.0016717872043955592
16883872198,16.883872198000002,0.0083994140076955517,stationary_final,0,39.651249332251822,14.824520941398804,0,0.011656089003319039,0.014707814700503134,0,0.90030803604823084,0,0,0.43525330581970029,0,0,-9.8066499999999994,0,0,0,0.071930499606028736,0.29724225648313002,-10.809104093447289,-0.0021771386144235883,0.042631916257361888,0.038289155228110217,0.029188642044440286,-0.018025590417501514,0.031717124344916164,0.001168486386273016,-0.00081806206331453411,0.0016719700770930462
16894083271,16.894083271,0.010211073221975946,stationary_final,0,39.651368353430115,14.824671123971646,0,0.011656089003319039,0.014707814700503134,0,0.90030803604823084,0,0,0.43525330581970029,0,0,-9.8066499999999994,0,0,0,-0.047082488514109413,0.11883111399817906,-9.6302609907949162,-0.0069812439434510081,0.008424698669843609,0.00243445027606611,0.029099710722780562,-0.018039489311602507,0.031686170531446685,0.0011721456714039679,-0.00082041923623044413,0.0016774358376117811
16905003569,16.905003569000002,0.010920298338369765,stationary_final,0,39.651495641399492,14.82483173769608,0,0.011656089003319039,0.014707814700503134,0,0.90030803604823084,0,0,0.43525330581970029,0,0,-9.8066499999999994,0,0,0,-0.20923476798875726,-0.20957388348399544,-10.135177710900743,0.0031824325072732163,-0.018207122185805794,-0.0041352706067614986,0.029139892532037463,-0.018021519996058107,0.031752598924679104,0.0011660602770403902,-0.0008203926068834405,0.001674982238197349
16915087884,16.915087884000002,0.010084314758567517,stationary_final,0,39.651613185069856,14.824980055928931,0,0.011656089003319039,0.014707814700503134,0,0.90030803604823084,0,0,0.43525330581970029,0,0,-9.8066499999999994,0,0,0,-0.069390718608206461,-0.3677727633612598,-9.9554637977358205,-0.010332131896759302,0.0017660239386664567,-0.013381763807540914,0.02917192900611144,-0.018203907639966401,0.031687754514741859,0.0011714302390046728,-0.00082269252215962942,0.0016676084132945571
16925808450,16.925808450000002,0.010720566301906383,stationary_final,0,39.651738144944837,14.825137732031584,0,0.011656089003319039,0.014707814700503134,0,0.90030803604823084,0,0,0.43525330581970029,0,0,-9.8066499999999994,0,0,0,-0.25403878813588321,0.17901228551096152,-9.9472840261802311,-0.0027935475860058727,-0.0034976971344549404,0.014488286590287639,0.029237562654989193,-0.018188883560932224,0.031732693181900452,0.0011685064237148986,-0.00081464550305329836,0.0016643442295428564
16933900840,16.93390084,0.0080923904452213664,stationary_final,0,39.651832470568117,14.825256753410736,0,0.011656089003319039,0.014707814700503134,0,0.90030803604823084,0,0,0.43525330581970029,0,0,-9.8066499999999994,0,0,0,0.40420387690838755,0.74555705338246958,-9.9848923253881914,0.0082174289789571191,0.02103856114538161,-0.021830631180572539,0.029178645144212766,-0.018186635983263141,0.031825912138444087,0.0011663980937213737,-0.00081333898021152733,0.0016693410144126846
16945713899,16.945713899000001,0.011813059467175223,stationary_final,0,39.651970164640666,14.825430497700426,0,0.011656089003319039,0.014707814700503134,0,0.90030803604823084,0,0,0.43525330581970029,0,0,-9.8066499999999994,0,0,0,0.074871747941243655,-0.35705377785859144,-9.7347566095307112,-0.011978880454032479,-0.01941230210245173,0.030543481188589492,0.029180291578475619,-0.018249673465999712,0.031805485421818165,0.0011719198049706281,-0.00081941007663549484,0.0016695944004482485
16954637022,16.954637022,0.0089231231981808812,stationary_final,0,39.652074173358848,14.825561737342975,0,0.011656089003319039,0.014707814700503134,0,0.90030803604823084,0,0,0.43525330581970029,0,0,-9.8066499999999994,0,0,0,0.084372653349602061,0.14316294475140051,-9.9165755762742229,-0.0033019309602374926,-0.0019443989123942849,0.023974239703692495,0.029137500523203509,-0.018367244489961694,0.0318561298454774,0.0011754688113202834,-0.00082255533865425241,0.001668751620274179
16963761762,16.963761762000001,0.0091247401868035979,stationary_final,0,39.652180532142594,14.825695942330832,0,0.011656089003319039,0.014707814700503134,0,0.90030803604823084,0,0,0.43525330581970029,0,0,-9.8066499999999994,0,0,0,0.32735488836369286,0.26354447448999285,-9.3132840632679521,-0.0061796878850270669,0.025227192564027206,-0.017468887913027868,0.029167942670495741,-0.0183136878328852,0.031925852944363113,0.0011795190136037945,-0.00082240538540387614,0.0016698572121075109
16971855241,16.971855241,0.0080934794610813283,stationary_final,0,39.652274870459536,14.825814979727028,0,0.011656089003319039,0.014707814700503134,0,0.90030803604823084,0,0,0.43525330581970029,0,0,-9.8066499999999994,0,0,0,-0.10808278622492054,0.010532485716429958,-10.238906688353566,-0.02790080795728643,-0.0017739221949076387,-0.006234717696624442,0.029191622226680029,-0.018396564369002597,0.031995336118402821,0.0011777280809666137,-0.00082410468953072579,0.001678287808499342
16982143516,16.982143516000001,0.010288275238849324,stationary_final,0,39.652394791511412,14.825966297772828,0,0.011656089003319039,0.014707814700503134,0,0.90030803604823084,0,0,0.43525330581970029,0,0,-9.8066499999999994,0,0,0,0.30023801450711296,-0.043252775130214929,-9.6606720969638129,-0.020950167251672754,-0.00527717113661291,-0.0046274967897873562,0.029223737920537715,-0.018443270460853881,0.031975159057745992,0.0011784032542530827,-0.00082553463701061629,0.0016808555019210498
16991993241,16.991993240999999,0.0098497253342128572,stationary_final,0,39.652509600786566,14.826111165707895,0,0.011656089003319039,0.014707814700503134,0,0.90030803604823084,0,0,0.43525330581970029,0,0,-9.8066499999999994,0,0,0,0.30594181903556777,0.47512874780993458,-9.6974566278160577,-0.013091296092502307,-0.0035952318008072607,0.0098515593055208683,0.029378791112509583,-0.018522072186105222,0.031984316354647581,0.0011772729083022336,-0.00082434835805899904,0.0016862530933030645
17001378948,17.001378948000003,0.0093857070623941073,stationary_final,0,39.652619001423446,14.826249208948202,0,0.011656089003319039,0.014707814700503134,0,0.90030803604823084,0,0,0.43525330581970029,0,0,-9.8066499999999994,0,0,0,0.15768266702143893,0.3615078191584617,-9.2940294844316682,0.020185414914770713,-0.00068944710962751544,0.00031790686078527267,0.029439289765766801,-0.018485046087292463,0.031838054458256194,0.0011765409154059282,-0.00082296479598440299,0.0016931037771012879
17011591535,17.011591535000001,0.010212586846398156,stationary_final,0,39.652738040244678,14.826399413783152,0,0.011656089003319039,0.014707814700503134,0,0.90030803604823084,0,0,0.43525330581970029,0,0,-9.8066499999999994,0,0,0,-0.036649117580844458,-0.36123726553634883,-9.6112082371605769,-0.014584821695759972,0.011225787817661344,-0.016954445347759268,0.02943955620567059,-0.018474084031510862,0.031768954201359265,0.0011718967684118814,-0.00082221056795507531,0.0016918305474161806
17022232953,17.022232953,0.010641418142588351,stationary_final,0,39.652862077561672,14.826555925789345,0,0.011656089003319039,0.014707814700503134,0,0.90030803604823084,0,0,0.43525330581970029,0,0,-9.8066499999999994,0,0,0,-0.26025155048143095,0.24297560567374218,-9.1285498045740585,-0.014986994301538508,0.0013755160965038859,0.017362840204391741,0.029501126657057123,-0.018424113981512093,0.031776088077598443,0.0011797687034356315,-0.00082212633740718656,0.0016924119138257325
17031752046,17.031752046000001,0.0095190925737687112,stationary_final,0,39.652973032951941,14.826695930839037,0,0.011656089003319039,0.014707814700503134,0,0.90030803604823084,0,0,0.43525330581970029,0,0,-9.8066499999999994,0,0,0,-0.20758447005994665,-0.12833021392508148,-9.5996924144559195,0.021837575078040863,0.013930855052006381,0.0010229067266681112,0.029469208888140187,-0.018469498578489063,0.031875665715204629,0.0011818164050051878,-0.00082148173893491184,0.0016918569188992909
17042736071,17.042736071,0.010984024592081917,stationary_final,0,39.6531010637202,14.826857481837402,0,0.011656089003319039,0.014707814700503134,0,0.90030803604823084,0,0,0.43525330581970029,0,0,-9.8066499999999994,0,0,0,0.15406572582738121,0.093162737279608582,-9.8953405134281329,-0.0058384178966963997,-0.018373208728004062,0.011543332076404485,0.029647315412416969,-0.018386472040882586,0.031938807635561957,0.0011781679450000564,-0.00082339339103547229,0.0016942317442506089
17051555209,17.051555209,0.0088191375491023689,stationary_final,0,39.653203860372408,14.826987192078294,0,0.011656089003319039,0.014707814700503134,0,0.90030803604823084,0,0,0.43525330581970029,0,0,-9.8066499999999994,0,0,0,-0.18616901167514718,-0.016348389603413161,-10.103887533858876,-0.016483282622015004,-0.020774684367649766,-0.0056152059935499982,0.029557271992462889,-0.018345334598844344,0.031921288501730816,0.001176316385535426,-0.00082698919786669219,0.0016943051394336208
17060086766,17.060086766000001,0.0085315565620183408,stationary_final,0,39.653303304955031,14.827112672631314,0,0.011656089003319039,0.014707814700503134,0,0.90030803604823084,0,0,0.43525330581970029,0,0,-9.8066499999999994,0,0,0,0.59069079873149677,0.26842166024559566,-9.8922584494629344,0.0073714121768242548,0.0092663241625964808,0.023699541858569036,0.029536786933798478,-0.018442995818362801,0.032117364087678187,0.0011716099209786374,-0.00083227030277919578,0.0016912763245023753
17069780974,17.069780974,0.0096942084168176283,stationary_final,0,39.653416301511157,14.827255253252376,0,0.011656089003319039,0.014707814700503134,0,0.90030803604823084,0,0,0.43525330581970029,0,0,-9.8066499999999994,0,0,0,0.069194515315098265,-0.19420711031712024,-9.3199966241025329,0.015350377190351339,-0.019041309958706017,-0.024768643888059012,0.029520250940800189,-0.018494090168470347,0.032222451966519752,0.0011656186735614184,-0.00083794172171040707,0.0016798930344199855
17077792326,17.077792326000001,0.0080113520287504944,stationary_final,0,39.653509682543444,14.827373082733516,0,0.011656089003319039,0.014707814700503134,0,0.90030803604823084,0,0,0.43525330581970029,0,0,-9.8066499999999994,0,0,0,-0.10329396858037303,-0.18574254220597028,-9.3848580841187221,0.021682432422171955,0.014693326283180043,-0.033500661723602158,0.029486608695340269,-0.01841609906822322,0.032167790520862716,0.0011649808785847691,-0.00083075163454000974,0.0016796435058285834
17088133089,17.088133088999999,0.010340762505089056,stationary_final,0,39.653630215391566,14.827525172752303,0,0.011656089003319039,0.014707814700503134,0,0.90030803604823084,0,0,0.43525330581970029,0,0,-9.8066499999999994,0,0,0,0.0065393913775370072,-0.63515763820162097,-9.5206075532560295,0.00047101414524968886,0.028763479626830207,-0.0019586000037982673,0.029440001233355117,-0.018404337563138834,0.032117175304639159,0.0011552611160926885,-0.00083045944574549095,0.0016754006617929842
17097089421,17.097089421,0.0089563320641122806,stationary_final,0,39.653734611195247,14.827656900824698,0,0.011656089003319039,0.014707814700503134,0,0.90030803604823084,0,0,0.43525330581970029,0,0,-9.8066499999999994,0,0,0,0.082443921225476752,0.025003393811540299,-9.3770609386875616,0.0063866001985898833,0.011444656698471336,-0.0081523418001425933,0.029329164250201895,-0.018504306712019712,0.032141738256728399,0.0011495766606871465,-0.00083004943499317551,0.0016706296539412569
17108339977,17.108339977,0.011250555639562095,stationary_final,0,39.65386574867312,14.827822371912323,0,0.011656089003319039,0.014707814700503134,0,0.90030803604823084,0,0,0.43525330581970029,0,0,-9.8066499999999994,0,0,0,0.26043998847258382,-0.32215106191539078,-9.7920681793365993,0.0087573641093545169,-0.0084230374186354644,0.0053293890121979678,0.029263850046766002,-0.018434600198325171,0.032029620431424349,0.0011450205111700308,-0.00082991527213797868,0.0016727856269638424
17118519919,17.118519919000001,0.010179942488008673,stationary_final,0,39.653984406988812,14.827972096620098,0,0.011656089003319039,0.014707814700503134,0,0.90030803604823084,0,0,0.43525330581970029,0,0,-9.8066499999999994,0,0,0,-0.26521278484032557,0.44033079692355753,-9.4283488114586795,0.021309094501539668,0.005975281830387754,-0.0026074186424027822,0.029330257082277642,-0.018357646068485559,0.03210432129810209,0.0011402486675292805,-0.00082707985231805217,0.0016731130539924326
17126723279,17.126723279,0.0082033600244495776,stationary_final,0,39.654080026083385,14.828092750119259,0,0.011656089003319039,0.014707814700503134,0,0.90030803604823084,0,0,0.43525330581970029,0,0,-9.8066499999999994,0,0,0,0.55158218555526739,-0.083111322044540942,-9.55210907281921,0.022056699250005123,0.011596907656175584,-0.030048851409469397,0.029335475383220878,-0.018560451129082313,0.032069004566627708,0.0011390350960931441,-0.00082372776174829835,0.0016745278222206883
17137515330,17.137515329999999,0.010792050718819453,stationary_final,0,39.654205819187091,14.828251477601469,0,0.011656089003319039,0.014707814700503134,0,0.90030803604823084,0,0,0.43525330581970029,0,0,-9.8066499999999994,0,0,0,0.20830986298345955,-0.19270550426129712,-9.9933628573029996,-0.022543219176248339,0.018494508768032089,0.0033767526317368436,0.0293288359971745,-0.018439001053750365,0.032036228588792286,0.0011366408981057583,-0.00081987412223461311,0.0016711135030492211
17145763175,17.145763175000003,0.0082478453694947249,stationary_final,0,39.654301956806805,14.828372785382843,0,0.011656089003319039,0.014707814700503134,0,0.90030803604823084,0,0,0.43525330581970029,0,0,-9.8066499999999994,0,0,0,0.26121529722189063,-0.26823231755298993,-10.40060783933939,-0.017057823610021269,0.015130927141808507,-0.019742967214296862,0.029215340736146539,-0.01842967764625153,0.032000980210940853,0.0011419205121880553,-0.00082022960926565172,0.0016709796340011939
17157547491,17.157547491000003,0.011784315873703349,stationary_final,0,39.654439315841472,14.828546106917086,0,0.011656089003319039,0.014707814700503134,0,0.90030803604823084,0,0,0.43525330581970029,0,0,-9.8066499999999994,0,0,0,-0.35154030127805846,0.084421365649012065,-9.533740152042343,0.018231401760766028,-0.010003729531510595,0.0038481026086313562,0.029272531924630044,-0.018484506911428843,0.03189406546840217,0.0011409975209542038,-0.00081687381623187817,0.0016671093211361443
17168972420,17.168972419999999,0.011424928799028306,stationary_final,0,39.65457248582841,14.828714142652828,0,0.011656089003319039,0.014707814700503134,0,0.90030803604823084,0,0,0.43525330581970029,0,0,-9.8066499999999994,0,0,0,0.11244143509532381,-0.31528017995124713,-9.8851030887602231,-0.0070024491897997393,-0.015022285185282048,-0.0057151462703327813,0.029325133778648097,-0.018698577893273644,0.031899414286503711,0.001147357613831427,-0.0008130690077501275,0.0016771123298328081
17178777496,17.178777496000002,0.0098050760994132721,stationary_final,0,39.654686774668107,14.828858353895223,0,0.011656089003319039,0.014707814700503134,0,0.90030803604823084,0,0,0.43525330581970029,0,0,-9.8066499999999994,0,0,0,-0.46163849997858813,-0.31468420187986235,-10.2007659804254,0.0038442575474141767,-0.0080853973590121545,-0.010850625313951029,0.029436363359816389,-0.018763271718074851,0.031812992806048233,0.0011484963401220166,-0.00081135394056667111,0.0016756173485077464
17189667388,17.189667388,0.010889892298439841,stationary_final,0,39.654813708221972,14.829018520413257,0,0.011656089003319039,0.014707814700503134,0,0.90030803604823084,0,0,0.43525330581970029,0,0,-9.8066499999999994,0,0,0,0.19835190154699336,0.41883962907195577,-9.0164392228719858,-0.016863815799348401,0.027848845581448369,0.020985077128440228,0.029262816436753651,-0.018719803511832868,0.031841031130257352,0.0011511645307558777,-0.00080960096469195127,0.0016763599038817126
17198830904,17.198830904000001,0.0091635162388387578,stationary_final,0,39.654920518982834,14.829153295712103,0,0.011656089003319039,0.014707814700503134,0,0.90030803604823084,0,0,0.43525330581970029,0,0,-9.8066499999999994,0,0,0,-0.63707466256998069,-0.72402091629391652,-10.245216159648621,0.013473059495628919,-0.0080922337305466604,0.011004270630274735,0.029162894549649248,-0.018609416934325759,0.031835481945013858,0.0011510054698763196,-0.00081132388241330873,0.0016792021064397191
17206945470,17.206945470000001,0.0081145659151795682,stationary_final,0,39.655015103085368,14.829272643243959,0,0.011656089003319039,0.014707814700503134,0,0.90030803604823084,0,0,0.43525330581970029,0,0,-9.8066499999999994,0,0,0,-0.00028439742809308402,0.12331959977736237,-9.6858911179763645,-0.034537191890991616,-0.0064465273001493096,0.0074017259704828873,0.02901845904106173,-0.01871340597296773,0.031881899243948048,0.0011505500389998907,-0.00081555291907464082,0.001678811619069343
17217764805,17.217764805000002,0.010819334851925017,stationary_final,0,39.655141214215362,14.829431772016143,0,0.011656089003319039,0.014707814700503134,0,0.90030803604823084,0,0,0.43525330581970029,0,0,-9.8066499999999994,0,0,0,-0.0078376283967287637,0.017670703257677823,-9.6168062781854875,0.0043182237051307771,-0.0017682332402601942,0.007154817179099297,0.028964727369359251,-0.018688845977200722,0.031979072214715819,0.0011451855484467357,-0.00081493458100429666,0.0016756974997239476
17227483693,17.227483693,0.0097188876210228502,stationary_final,0,39.655254498434488,14.829574715614369,0,0.011656089003319039,0.014707814700503134,0,0.90030803604823084,0,0,0.43525330581970029,0,0,-9.8066499999999994,0,0,0,0.048370387475082079,-0.2537894232716863,-9.7943548233709041,-0.004697469230727125,0.0058518107241706391,0.0066156048101733301,0.028938813571449361,-0.018754893046975064,0.031889146823296681,0.0011499043789148201,-0.00080986244531721448,0.0016691566002702246
17237083728,17.237083728000002,0.0096000353413613904,stationary_final,0,39.65536639730086,14.829715911155288,0,0.011656089003319039,0.014707814700503134,0,0.90030803604823084,0,0,0.43525330581970029,0,0,-9.8066499999999994,0,0,0,0.32944196372294365,-0.16843379361632818,-9.6628496983762435,0.010347891097227389,-0.011721974802930038,0.026782615653314999,0.028814590806700756,-0.018655559584704735,0.031847828242327895,0.0011509763405932706,-0.00081284459628773811,0.0016668365918907672
17246777280,17.24677728,0.009693552092061377,stationary_final,0,39.6554793862068,14.829858482123248,0,0.011656089003319039,0.014707814700503134,0,0.90030803604823084,0,0,0.43525330581970029,0,0,-9.8066499999999994,0,0,0,-0.16751937937306488,0.065591091577577601,-9.270026302672262,0.017084612109578887,6.0116926925958439e-05,-0.023576268273418695,0.028742844990647515,-0.018552863284697952,0.031907696231012757,0.0011531036127442513,-0.00081725808543289379,0.0016676653869739126
17257733717,17.257733717000001,0.0109564372437722,stationary_final,0,39.655607095414474,14.830019627372007,0,0.011656089003319039,0.014707814700503134,0,0.90030803604823084,0,0,0.43525330581970029,0,0,-9.8066499999999994,0,0,0,-0.068318312596373568,-0.45844543421391254,-9.8731357676890354,0.00084058056808666902,-0.014759630580210013,-0.0087415243642512581,0.028783555947635747,-0.018511416905568824,0.031915981786520491,0.0011556496926760119,-0.00081346698427683093,0.0016705312730341008
17269329562,17.269329561999999,0.011595844863924131,stationary_final,0,39.655742257614278,14.830190176909561,0,0.011656089003319039,0.014707814700503134,0,0.90030803604823084,0,0,0.43525330581970029,0,0,-9.8066499999999994,0,0,0,-0.19284236385964629,0.057265992876292679,-9.474433261273532,0.011499286729674426,0.0011062410378304627,0.021093352918599616,0.028852285214120553,-0.018495423464664599,0.031950345013879097,0.0011518850470985081,-0.00081937083278394807,0.0016677590137653563
17279264774,17.279264774000001,0.009935211728187985,stationary_final,0,39.655858063326448,14.830336302162669,0,0.011656089003319039,0.014707814700503134,0,0.90030803604823084,0,0,0.43525330581970029,0,0,-9.8066499999999994,0,0,0,0.12936701502700187,0.16472619818400183,-9.7362369465297505,-0.010201549843962465,0.013130367406167513,-0.0096658174225585595,0.02879937123933549,-0.018550861975612325,0.032001418959295522,0.0011512944175249942,-0.00082437311140138171,0.0016686044088717281
17287434597,17.287434597000001,0.0081698225773872493,stationary_final,0,39.655953291505554,14.830456462399273,0,0.011656089003319039,0.014707814700503134,0,0.90030803604823084,0,0,0.43525330581970029,0,0,-9.8066499999999994,0,0,0,-0.68898226261104656,-0.060738895232198345,-9.9869284472151882,-0.014058821803988097,-0.019686672529148876,-0.021128097200960063,0.028823812652521787,-0.018467480400271293,0.031992166983228716,0.0011541908503173647,-0.00082724363223611965,0.0016747505031878269
17298615044,17.298615044000002,0.011180447253871935,stationary_final,0,39.656083611793839,14.830620902345752,0,0.011656089003319039,0.014707814700503134,0,0.90030803604823084,0,0,0.43525330581970029,0,0,-9.8066499999999994,0,0,0,0.4389518929241738,0.25555807592505897,-9.8633017664165354,0.011634771255591647,0.0090657833830414519,-0.014244350808156633,0.028765616886726398,-0.018433013041942937,0.031977803529532604,0.0011539658278290994,-0.00082379836219116469,0.0016757283138202229
17307405582,17.307405582000001,0.008790537862776825,stationary_final,0,39.656186075085557,14.830750191947756,0,0.011656089003319039,0.014707814700503134,0,0.90030803604823084,0,0,0.43525330581970029,0,0,-9.8066499999999994,0,0,0,-0.2090889773498997,-0.17145484948409034,-10.110067748734307,-0.0026753243269498719,-0.0066237277169174172,0.0013168000858434824,0.028808469471196231,-0.01843251731754909,0.031954142705421594,0.0011503616560820267,-0.00082099871378215142,0.001669424016109864
17317252721,17.317252721000003,0.0098471394168166138,stationary_final,0,39.656300854219026,14.830895021849628,0,0.011656089003319039,0.014707814700503134,0,0.90030803604823084,0,0,0.43525330581970029,0,0,-9.8066499999999994,0,0,0,0.013077230334565912,0.16301592286727035,-9.2636447049475894,-0.029912214106133657,0.012389439958575006,0.0059547049148238485,0.02892019951215288,-0.018438316947700657,0.032006290172539802,0.0011476268951397172,-0.00082458376106829686,0.0016727475741640787
17328856561,17.328856561000002,0.011603840052199456,stationary_final,0,39.656436109611455,14.83106568897893,0,0.011656089003319039,0.014707814700503134,0,0.90030803604823084,0,0,0.43525330581970029,0,0,-9.8066499999999994,0,0,0,-0.1970352579365923,0.25996168107118217,-10.026697035587775,0.013248595512913835,0.027683753535227475,-0.013399167192834927,0.028983731124278388,-0.018523832605733724,0.032047077541026162,0.0011466863681273227,-0.00082542179628075738,0.0016822677978522954
17339452533,17.339452532999999,0.01059597205179624,stationary_final,0,39.656559617204771,14.831221532572439,0,0.011656089003319039,0.014707814700503134,0,0.90030803604823084,0,0,0.43525330581970029,0,0,-9.8066499999999994,0,0,0,-0.019732029437920805,-0.37631814098699895,-9.7660533835253354,0.0098000173324628674,-0.025530149944830605,-0.019685594550318673,0.028893625135829302,-0.018336530764074974,0.032084416575433053,0.0011345120816764246,-0.00082701469865141552,0.0016824620636822247
17348495037,17.348495037000003,0.0090425036388236957,stationary_final,0,39.656665017431997,14.831354528040388,0,0.011656089003319039,0.014707814700503134,0,0.90030803604823084,0,0,0.43525330581970029,0,0,-9.8066499999999994,0,0,0,0.23610462726088649,0.31068195974206864,-10.042510640405323,-0.0062919974810199562,0.030655001876619001,-0.010729959031460885,0.028750114519996883,-0.018235859153395394,0.031980194305753343,0.0011399929871413949,-0.00083406126032807397,0.0016853641548700616
17360079167,17.360079167000002,0.011584130456601345,stationary_final,0,39.656800043087628,14.83152490528461,0,0.011656089003319039,0.014707814700503134,0,0.90030803604823084,0,0,0.43525330581970029,0,0,-9.8066499999999994,0,0,0,0.052796345792883372,0.032255524039576419,-9.9886145932725086,-0.021184529623715521,0.023791191298869984,0.003267851296190661,0.028817969993103432,-0.018281549196916956,0.031991901564588372,0.0011377475519602669,-0.00083939478888734643,0.001690228849325959
17368814838,17.368814838000002,0.0087356709237808548,stationary_final,0,39.656901866845416,14.831653387913841,0,0.011656089003319039,0.014707814700503134,0,0.90030803604823084,0,0,0.43525330581970029,0,0,-9.8066499999999994,0,0,0,0.503448107379592,0.31473796485395267,-9.6441433284682372,-0.03410082359015193,-0.040008795555777285,9.4903271931745048e-05,0.028750033840245368,-0.018231913747137465,0.031929733821505747,0.0011334053528790247,-0.00084435845607062194,0.0016906948007475203
17380751704,17.380751704000001,0.011936866402623135,stationary_final,0,39.657041004022624,14.831828953132995,0,0.011656089003319039,0.014707814700503134,0,0.90030803604823084,0,0,0.43525330581970029,0,0,-9.8066499999999994,0,0,0,0.33172709986688093,-0.1044741851376213,-9.8869650195404866,0.0017486192714151125,0.012538777620666301,-0.015141368860455178,0.028762362541494769,-0.018187604382708278,0.031871340113012805,0.0011320521098245875,-0.00084603190848864045,0.0016889744895008944
17389886149,17.389886149000002,0.0091344453495821529,stationary_final,0,39.657147475930614,14.831963300862588,0,0.011656089003319039,0.014707814700503134,0,0.90030803604823084,0,0,0.43525330581970029,0,0,-9.8066499999999994,0,0,0,-0.13676973688327726,0.13441470681135556,-9.8737000397827757,0.0036955854054135325,-0.016155417756052774,-0.0064841636010733198,0.028721266411359213,-0.018310298109571434,0.031754927237116023,0.0011346035677810293,-0.00084779309171595927,0.0016893908482469172
17398993104,17.398993104000002,0.0091069551526682876,stationary_final,0,39.657253627410419,14.832097244271459,0,0.011656089003319039,0.014707814700503134,0,0.90030803604823084,0,0,0.43525330581970029,0,0,-9.8066499999999994,0,0,0,0.30296017872253372,-0.1265652328092669,-9.6221008515305186,-0.01192679709971076,-0.0071984115262626767,-0.020232678155477267,0.028834753135521588,-0.018294167040108805,0.031729915874137919,0.0011290855466500034,-0.00084444030478374166,0.0016853348531758313
17410097243,17.410097243000003,0.011104138735952682,stationary_final,0,39.65738305823983,14.832260561886397,0,0.011656089003319039,0.014707814700503134,0,0.90030803604823084,0,0,0.43525330581970029,0,0,-9.8066499999999994,0,0,0,0.1331822845679646,0.17751734051812421,-9.5801209438524726,0.011917425559873209,-0.0019040568413636579,-0.01960200138285538,0.02885139259570163,-0.01822089324452527,0.031858641948811203,0.001126224709202722,-0.00084049886495009588,0.0016850313957859405
17420240037,17.420240037000003,0.010142793553244538,stationary_final,0,39.657501283544228,14.832409740214523,0,0.011656089003319039,0.014707814700503134,0,0.90030803604823084,0,0,0.43525330581970029,0,0,-9.8066499999999994,0,0,0,0.051481086234987372,-0.0025024309015705057,-9.9488592318086582,0.034541554095720822,0.0059855007631420629,-0.0043185637424733138,0.028871655659258078,-0.018208455148792112,0.031732151961298173,0.0011353657305818662,-0.00084137612073785679,0.0016899474717205854
17429767588,17.429767588000001,0.0095275512873797923,stationary_final,0,39.657612337530018,14.832549869673407,0,0.011656089003319039,0.014707814700503134,0,0.90030803604823084,0,0,0.43525330581970029,0,0,-9.8066499999999994,0,0,0,0.11299376079421038,-0.41243505905294792,-10.069412689570877,-0.033677743176328295,-0.029211979194757199,0.021859705365792265,0.028873271639075011,-0.018253969156285885,0.031819135658713318,0.0011371062510420395,-0.00083793930507284481,0.0016882738961929785
17440619612,17.440619612000003,0.010852024202869848,stationary_final,0,39.65773882968999,14.832709479234509,0,0.011656089003319039,0.014707814700503134,0,0.90030803604823084,0,0,0.43525330581970029,0,0,-9.8066499999999994,0,0,0,0.057329845091198581,0.019788514141093266,-9.2454281764983488,0.0023501006760745183,-0.016211893565280508,0.01260912976552139,0.028893707184406314,-0.018302195533841419,0.03186718396610163,0.0011444654546840754,-0.00084527163494649499,0.0016856314134963469
17451104689,17.451104689000001,0.010485076729859657,stationary_final,0,39.65786104467756,14.832863691800172,0,0.011656089003319039,0.014707814700503134,0,0.90030803604823084,0,0,0.43525330581970029,0,0,-9.8066499999999994,0,0,0,0.16204835665691861,0.65961749353145294,-10.051939701699901,0.011169257435352914,-0.0068070901718108642,0.012229618594161523,0.028773470367629037,-0.018366892585149751,0.03191735504631097,0.0011474685564872094,-0.00084596796603924663,0.0016823353084578216
17460805523,17.460805523000001,0.0097008342524096819,stationary_final,0,39.657974118465013,14.833006369872797,0,0.011656089003319039,0.014707814700503134,0,0.90030803604823084,0,0,0.43525330581970029,0,0,-9.8066499999999994,0,0,0,0.15408829508155042,0.33086026085811704,-9.7708384359293792,0.0019869319108949887,-0.025583654184912499,0.012776058535677141,0.028635829015448262,-0.018363165476807528,0.031932837686836253,0.0011415160668544395,-0.00085257042674063814,0.0016816489100934626
17472173283,17.472173283,0.011367760480102285,stationary_final,0,39.658106622092937,14.833173564787497,0,0.011656089003319039,0.014707814700503134,0,0.90030803604823084,0,0,0.43525330581970029,0,0,-9.8066499999999994,0,0,0,0.26750117982343463,-0.096664680812012321,-10.103564590885282,0.00038640806111926566,-0.015299795651859885,-0.021251467829226253,0.028633073882758122,-0.018245367504607323,0.031937354161540775,0.001142354612138343,-0.00085224463170802079,0.0016797797220023723
17482926931,17.482926931000002,0.010753647827918133,stationary_final,0,39.658231967569129,14.833331727447105,0,0.011656089003319039,0.014707814700503134,0,0.90030803604823084,0,0,0.43525330581970029,0,0,-9.8066499999999994,0,0,0,0.11679580560010405,-0.66134942999163759,-10.353765110545794,0.019399872778226253,0.018211987751963775,-0.011420553173822295,0.02885348015458309,-0.018323437726136087,0.031897338864465122,0.0011379463270797261,-0.00084769992128598667,0.0016852587575815717
17494408820,17.49440882,0.011481889326895332,stationary_final,0,39.658365801493048,14.833500600947737,0,0.011656089003319039,0.014707814700503134,0,0.90030803604823084,0,0,0.43525330581970029,0,0,-9.8066499999999994,0,0,0,0.016374447276803192,0.16007448733311189,-9.567150454354703,-0.0045516003171859592,-0.0055451107258102155,0.026018158704115665,0.028896652325528665,-0.018332407447673886,0.031982309385375024,0.0011420644494241038,-0.00084848266182544028,0.001689395775616484
17503862904,17.503862904000002,0.0094540838561053241,stationary_final,0,39.658475999135916,14.833639649861256,0,0.011656089003319039,0.014707814700503134,0,0.90030803604823084,0,0,0.43525330581970029,0,0,-9.8066499999999994,0,0,0,0.082253621263890547,-0.43706804963351087,-9.6858280771149143,0.010627197003165084,0.0067404554544035957,-0.0076571128205751371,0.028893831883770513,-0.018353839489375735,0.031998561835759623,0.0011444858083707156,-0.00084017493730189827,0.0016969183019931485
17515625347,17.515625347,0.011762442959277789,stationary_final,0,39.658613103217945,14.833812649692726,0,0.011656089003319039,0.014707814700503134,0,0.90030803604823084,0,0,0.43525330581970029,0,0,-9.8066499999999994,0,0,0,-0.80282499159307052,0.38475452344159922,-10.108507316958963,-0.00015878788208004862,0.00075766798034854037,-0.003687249195727963,0.029058313811750117,-0.018291248206597131,0.032008531237754413,0.0011475530685305332,-0.00083114008112512773,0.001699620896977731
17524185237,17.524185237000001,0.0085598904896385854,stationary_final,0,39.658712878063348,14.833938546975904,0,0.011656089003319039,0.014707814700503134,0,0.90030803604823084,0,0,0.43525330581970029,0,0,-9.8066499999999994,0,0,0,-0.045237415593502472,0.010347686677797591,-9.3290065102787381,-0.0082014651601606293,0.00019624445417389591,0.0048824776995735142,0.029019444064195637,-0.018288246900420024,0.031985950003069336,0.0011441431026502655,-0.0008337384269983181,0.0017024552814889301
17536007564,17.536007564000002,0.01182232678619388,stationary_final,0,39.658850680156597,14.834112427567604,0,0.011656089003319039,0.014707814700503134,0,0.90030803604823084,0,0,0.43525330581970029,0,0,-9.8066499999999994,0,0,0,0.043878991291963154,-0.30904063703425222,-9.9716272679880955,-0.017289011637738109,0.0083308137101142619,0.0078186677995885235,0.028961026636795843,-0.018378998721834537,0.032006558019071069,0.0011494929773500058,-0.00083696678617108404,0.0017112053109188969
17545653355,17.545653355000002,0.0096457909291643232,stationary_final,0,39.658963112354172,14.83425429607323,0,0.011656089003319039,0.014707814700503134,0,0.90030803604823084,0,0,0.43525330581970029,0,0,-9.8066499999999994,0,0,0,0.6039650816037333,-0.2587333621247731,-9.8794606595958605,0.01069783831829726,0.028396251831010876,0.015232498478482697,0.02893855053952667,-0.01837456324884788,0.032009378008846845,0.0011517317706205706,-0.0008324082618732274,0.0017159433806806892
17555786051,17.555786051000002,0.010132696159649181,stationary_final,0,39.659081219962452,14.834403325890761,0,0.011656089003319039,0.014707814700503134,0,0.90030803604823084,0,0,0.43525330581970029,0,0,-9.8066499999999994,0,0,0,0.51109087661446451,-0.020048909122989476,-10.003731947446498,-0.009079698037142753,0.017403879165292121,-0.0043359951635509814,0.028954804671579099,-0.018459472187808145,0.032030148082709722,0.0011516845408779028,-0.00083231890056067364,0.001712292577092975
17566163826,17.566163826,0.01037777528974268,stationary_final,0,39.659202184234886,14.834555960286727,0,0.011656089003319039,0.014707814700503134,0,0.90030803604823084,0,0,0.43525330581970029,0,0,-9.8066499999999994,0,0,0,0.018395973500346847,0.33757820474946493,-9.9763065541584215,-0.019061124583151255,-0.01342451912785282,-0.0027530487816354015,0.029043267735448568,-0.018373509726795627,0.032088766079966219,0.0011527454644177301,-0.00083210697780081958,0.0017089085059146228
17577234203,17.577234203,0.011070377179858369,stationary_final,0,39.659331221536597,14.834718781342952,0,0.011656089003319039,0.014707814700503134,0,0.90030803604823084,0,0,0.43525330581970029,0,0,-9.8066499999999994,0,0,0,-0.42945686004580508,-0.3527111995565903,-9.5478959273286748,0.013228064413497796,-0.0026185506957415515,0.0049631342619166994,0.029097231464900997,-0.018422841026098327,0.032095956920793776,0.0011552483588792746,-0.00083457602277683485,0.0017062720815267051
17586647575,17.586647575000001,0.0094133716048927576,stationary_final,0,39.659440944633843,14.834857231468224,0,0.011656089003319039,0.014707814700503134,0,0.90030803604823084,0,0,0.43525330581970029,0,0,-9.8066499999999994,0,0,0,-0.11246572575715323,0.097474899716283883,-9.4349427524474851,-0.0051259872884630714,0.016231751102537991,-0.0088338627683161482,0.029095902144427855,-0.018431107984740309,0.032115154345664525,0.0011491865711732133,-0.00083589501847704598,0.0017132221317366471
17595132961,17.595132961000001,0.0084853862235345287,stationary_final,0,39.659539851050894,14.834982032956461,0,0.011656089003319039,0.014707814700503134,0,0.90030803604823084,0,0,0.43525330581970029,0,0,-9.8066499999999994,0,0,0,0.21238398911790546,0.19817984449646575,-9.8865338093510662,0.019494772342365782,-0.048893448354981113,0.0086423016948752214,0.029098333969957566,-0.018479024071533002,0.032034369748549008,0.0011494243650819367,-0.00083337409362359532,0.0017138374344947489
17606909061,17.606909061,0.011776099920672188,stationary_final,0,39.659677114319685,14.835155233651989,0,0.011656089003319039,0.014707814700503134,0,0.90030803604823084,0,0,0.43525330581970029,0,0,-9.8066499999999994,0,0,0,0.13718075426072424,0.12602838730661606,-9.6055949336859854,-0.015269593838334894,-0.010907509514206078,-0.012278419559689172,0.029101304593473862,-0.018398338028473713,0.032054760724567165,0.0011513613068325202,-0.00082741898408414101,0.0017052708669220503
17617667980,17.61766798,0.010758919347762717,stationary_final,0,39.659802521241183,14.835313473844133,0,0.011656089003319039,0.014707814700503134,0,0.90030803604823084,0,0,0.43525330581970029,0,0,-9.8066499999999994,0,0,0,0.1341106566667099,-0.42993789222455409,-10.003682890053819,0.025935843637525768,-0.0048922632705014398,-0.025012374850265733,0.028981644076570716,-0.018369158418640293,0.032123893334377887,0.0011459679114474938,-0.00083143350387556564,0.0017126695522418462
17629534766,17.629534766000003,0.011866786188487813,stationary_final,0,39.65994084155718,14.835488008336483,0,0.011656089003319039,0.014707814700503134,0,0.90030803604823084,0,0,0.43525330581970029,0,0,-9.8066499999999994,0,0,0,-0.59014682428284326,0.24803167851114963,-9.7497516120437897,0.010842065979935162,0.013342485204381534,-0.0006720186159744916,0.029043649882269262,-0.018336196665842491,0.032286387879242734,0.00114356513277792,-0.00082401229388398545,0.0017147443843436394
17639581719,17.639581719000002,0.010046953193438009,stationary_final,0,39.660057949737812,14.835635777062357,0,0.011656089003319039,0.014707814700503134,0,0.90030803604823084,0,0,0.43525330581970029,0,0,-9.8066499999999994,0,0,0,0.19883852355889847,-0.57523811806738556,-9.5589580470691722,0.010882300624744977,0.0077135382940891365,0.021423090201820007,0.028930938899342382,-0.018470390788497826,0.032376959735059885,0.001148582587989189,-0.00081935796960631738,0.0017123951489592911
17649897556,17.649897556000003,0.010315837217282287,stationary_final,0,39.660178192054559,14.83578750048463,0,0.011656089003319039,0.014707814700503134,0,0.90030803604823084,0,0,0.43525330581970029,0,0,-9.8066499999999994,0,0,0,0.051026329810038185,-0.1376736470698931,-9.863852690602112,-0.0016986366507152841,-0.010103308879877548,-0.012391591619762696,0.02900837449463245,-0.018627178504745455,0.032432734430674307,0.0011470719664976891,-0.00082022549175589214,0.0017125313479448498
17658567086,17.658567086000001,0.0086695297029368169,stationary_final,0,39.660279244864391,14.835915010321042,0,0.011656089003319039,0.014707814700503134,0,0.90030803604823084,0,0,0.43525330581970029,0,0,-9.8066499999999994,0,0,0,0.15130655405108362,-0.29556716900665408,-9.0749101116459965,0.015546356600529264,0.015202766253434051,0.0083590904810013564,0.028974015409909255,-0.018724074347987448,0.032361688881667121,0.0011474470460156425,-0.00082044547421613104,0.0017180624890725299
17668014398,17.668014398,0.0094473120550621001,stationary_final,0,39.660389363574545,14.836053959636166,0,0.011656089003319039,0.014707814700503134,0,0.90030803604823084,0,0,0.43525330581970029,0,0,-9.8066499999999994,0,0,0,0.17532834917247875,0.083621994213497114,-9.6808965426470444,0.0050777906124858541,-0.0019453448690543447,0.00058212926244532895,0.029106992411968763,-0.018808392203674477,0.032413494046627987,0.0011451728427197875,-0.00080987840309860158,0.0017176808511851905
17676800042,17.676800042,0.0087856443235652861,stationary_final,0,39.660491769826734,14.836183177264902,0,0.011656089003319039,0.014707814700503134,0,0.90030803604823084,0,0,0.43525330581970029,0,0,-9.8066499999999994,0,0,0,0.25873849722758574,0.069737763763163416,-9.9614397936726586,-0.010569182524111351,-0.012163456762599343,-0.01329587000133774,0.029080112167539349,-0.018921070804616243,0.032399507274082077,0.0011413194346067605,-0.00081106429747233887,0.0017223483066472348
17687430680,17.687430680000002,0.01063063817149508,stationary_final,0,39.660615681491421,14.836339530721276,0,0.011656089003319039,0.014707814700503134,0,0.90030803604823084,0,0,0.43525330581970029,0,0,-9.8066499999999994,0,0,0,0.2374527573935161,-0.072372993790787724,-10.016732762221116,0.00061536721660343508,-0.029135023112774192,-0.00065515084369914957,0.029208487748543583,-0.018931393042500293,0.032311873811410451,0.001141056086086263,-0.00081360225788224363,0.0017233564887746938
17696233005,17.696233005,0.0088023254284601542,stationary_final,0,39.660718282180049,14.836468993692611,0,0.011656089003319039,0.014707814700503134,0,0.90030803604823084,0,0,0.43525330581970029,0,0,-9.8066499999999994,0,0,0,0.35875661941340897,0.012444121698070382,-10.119400837921706,0.01886438346254353,0.02552789162494477,0.0094079293380043161,0.029243530061465253,-0.019041460410930314,0.032218202066954693,0.0011358433237513722,-0.00081590242237641127,0.0017289172100025648
17706894585,17.706894585000001,0.010661580414541069,stationary_final,0,39.660842554510275,14.836625802241763,0,0.011656089003319039,0.014707814700503134,0,0.90030803604823084,0,0,0.43525330581970029,0,0,-9.8066499999999994,0,0,0,-0.24553538827271076,-0.39961140010085872,-9.551014041588143,-0.019328762231069579,-0.013519036916498276,0.0076283628338615263,0.029232786596489303,-0.019103346775415513,0.032204171582860021,0.0011360119113436717,-0.00081942841837636846,0.0017232513413614416
17718332888,17.718332888000003,0.011438302971129622,stationary_final,0,39.660975880387753,14.836794034682351,0,0.011656089003319039,0.014707814700503134,0,0.90030803604823084,0,0,0.43525330581970029,0,0,-9.8066499999999994,0,0,0,-0.025442145997683709,0.29163140523465364,-9.6864334232006506,0.0025393162322588101,-0.013093715206787091,9.3662526454816371e-05,0.029325907091938514,-0.018956419231083946,0.032224877577888965,0.0011336265385504382,-0.00081322190977345886,0.0017197483374107364
17728257414,17.728257414000002,0.0099245264152291249,stationary_final,0,39.661091561550961,14.836940002777856,0,0.011656089003319039,0.014707814700503134,0,0.90030803604823084,0,0,0.43525330581970029,0,0,-9.8066499999999994,0,0,0,0.049247749688042138,0.13788525707942742,-9.5933224521095717,-0.0027229057517731475,-0.010743049285272931,-0.0053190615653401756,0.029265264200661157,-0.018854664267676086,0.032370761388676034,0.0011341583693518433,-0.00081726209424346755,0.001719685778295299
17739380430,17.739380430000001,0.01112301560382927,stationary_final,0,39.661221212410823,14.837103598030268,0,0.011656089003319039,0.014707814700503134,0,0.90030803604823084,0,0,0.43525330581970029,0,0,-9.8066499999999994,0,0,0,0.03959769084009436,-0.0045559042365362363,-9.4153828623493041,0.033296448709878856,-0.0077584097245012125,0.036824294637179449,0.029317630334253188,-0.018835724879400866,0.032435936396185257,0.0011321729273658706,-0.00081645172991357332,0.0017175608348196716
17750847993,17.750847993000001,0.011467562542049397,stationary_final,0,39.661354879340465,14.837272260815203,0,0.011656089003319039,0.014707814700503134,0,0.90030803604823084,0,0,0.43525330581970029,0,0,-9.8066499999999994,0,0,0,-0.1785240286149356,-0.10359032743891342,-9.3199934857611222,-0.012998454172305962,-0.0022057611075619577,-0.017961167755318534,0.029227676070073549,-0.018941904608015408,0.032389446214223801,0.0011275263569738305,-0.00081299616251988716,0.0017147221368548431
17760587510,17.760587510000001,0.0097395165990444635,stationary_final,0,39.661468404012794,14.837415507820614,0,0.011656089003319039,0.014707814700503134,0,0.90030803604823084,0,0,0.43525330581970029,0,0,-9.8066499999999994,0,0,0,-0.35238778222114348,-0.59551830166085507,-9.8265168275249462,0.026053388660225812,-0.0044237149985638475,0.011776737969563657,0.029245429300087174,-0.01886782524355653,0.032311562595203056,0.001130958473277483,-0.00081888931612591445,0.0017121797320847675
17768818869,17.768818869,0.0082313585935298913,stationary_final,0,39.66156434946118,14.837536573117541,0,0.011656089003319039,0.014707814700503134,0,0.90030803604823084,0,0,0.43525330581970029,0,0,-9.8066499999999994,0,0,0,-0.0044568768056164436,0.15127284831354476,-9.8049578475807415,-0.023079789328299235,0.021373268460627124,-0.017318293458772439,0.02930795703598332,-0.018841020777356832,0.03234062321468277,0.0011316937164326038,-0.00082374570742632528,0.0017050247713976364
17779410636,17.779410636000001,0.010591766899054321,stationary_final,0,39.661687808038856,14.837692354862444,0,0.011656089003319039,0.014707814700503134,0,0.90030803604823084,0,0,0.43525330581970029,0,0,-9.8066499999999994,0,0,0,0.49453424574560884,0.34722261634734353,-9.9883986478307971,0.011430879980219185,-0.020015214539867179,0.0016365493767632844,0.029342761574794218,-0.01898326985266939,0.032220376400332686,0.0011361559181234488,-0.00082847173073543831,0.0017023053114022563
17790485252,17.790485252,0.011074615575992774,stationary_final,0,39.661816894743687,14.837855238256214,0,0.011656089003319039,0.014707814700503134,0,0.90030803604823084,0,0,0.43525330581970029,0,0,-9.8066499999999994,0,0,0,-0.27893612882374114,0.19632100985098117,-9.4954295322540982,0.0063437231138543416,-0.0085493598954776966,-0.0032877191682053439,0.02932148687074565,-0.019183381270195747,0.03218003755349462,0.0011327085125895507,-0.00082549153847860678,0.00170831796715902
17800729744,17.800729744000002,0.010244492063434779,stationary_final,0,39.661936305454972,14.838005912347183,0,0.011656089003319039,0.014707814700503134,0,0.90030803604823084,0,0,0.43525330581970029,0,0,-9.8066499999999994,0,0,0,0.15714791898869554,-0.13900252997998386,-9.6937387220357909,0.010722028850783279,-0.01837957053284512,-0.0052401610712143323,0.02945019690027223,-0.019353467410568429,0.032289294935244899,0.0011319885953699914,-0.00082240432995613262,0.0017042208934636607
17809257385,17.809257385000002,0.0085276414843116644,stationary_final,0,39.662035704403102,14.838131335317968,0,0.011656089003319039,0.014707814700503134,0,0.90030803604823084,0,0,0.43525330581970029,0,0,-9.8066499999999994,0,0,0,0.28987636272807094,-0.088121502146035313,-9.8069834388482224,0.02024014997917473,0.019902588204609724,0.024356134704201352,0.029455579435868479,-0.019353249939285163,0.032297463196981194,0.0011354535428132286,-0.00081998247592162733,0.0017032789309594514
17819059045,17.819059044999999,0.0098016602070672733,stationary_final,0,39.662149953426855,14.838275496320051,0,0.011656089003319039,0.014707814700503134,0,0.90030803604823084,0,0,0.43525330581970029,0,0,-9.8066499999999994,0,0,0,-0.37083120487726634,-0.10805431335891942,-9.5019103389829951,0.01156938164624027,-0.0005294629799278154,-0.0096041419749753245,0.029481876187189601,-0.019377263478066689,0.032177536616854775,0.0011361323768925072,-0.00082188054732171452,0.0017014003646984857
17831058627,17.831058627000001,0.011999582344153884,stationary_final,0,39.662289821626658,14.838451983953652,0,0.011656089003319039,0.014707814700503134,0,0.90030803604823084,0,0,0.43525330581970029,0,0,-9.8066499999999994,0,0,0,0.13095429360681565,0.054301099966004254,-9.4952987701835099,0.00017401102147609191,-0.018104226264032616,0.011458443429691488,0.029497356208010965,-0.019373681672406957,0.032164911963885927,0.0011367135195066672,-0.00082773333389503628,0.0017011432760263719
17840669734,17.840669734000002,0.0096111070536895812,stationary_final,0,39.662401849545894,14.838593342335264,0,0.011656089003319039,0.014707814700503134,0,0.90030803604823084,0,0,0.43525330581970029,0,0,-9.8066499999999994,0,0,0,0.45107409515356689,-0.0016046818605523865,-9.9346124664449498,-0.016730714955948401,0.0094348761951435836,-4.0624005757364376e-05,0.029426123662431403,-0.019381172037673013,0.032232964975168379,0.0011292580359641038,-0.00083620302284913208,0.0017070880016842587
17852488921,17.852488921000003,0.011819187339729796,stationary_final,0,39.662539615045475,14.838767176752567,0,0.011656089003319039,0.014707814700503134,0,0.90030803604823084,0,0,0.43525330581970029,0,0,-9.8066499999999994,0,0,0,0.12769563478927146,-0.1188019787047329,-9.4692287247614733,-0.0033840162295864407,-0.0053761227108740798,0.003211712789192708,0.02957067089309327,-0.019519080269861568,0.032259343333030731,0.0011293456919706734,-0.00083147696743186427,0.0017051972573069469
17861192318,17.861192318000001,0.0087033969301497406,stationary_final,0,39.662641062614725,14.838895184701881,0,0.011656089003319039,0.014707814700503134,0,0.90030803604823084,0,0,0.43525330581970029,0,0,-9.8066499999999994,0,0,0,-0.48624404409402155,-0.15913233028329252,-10.072199951307899,0.011107648864297836,-0.017266762030524518,-0.0087983929250587834,0.029606203821329034,-0.019509777318021931,0.032255933094209183,0.0011332040758946188,-0.00083538206532351598,0.0016993455074826632
17871355916,17.871355916000002,0.010163597630995825,stationary_final,0,39.662759530413304,14.839044669012528,0,0.011656089003319039,0.014707814700503134,0,0.90030803604823084,0,0,0.43525330581970029,0,0,-9.8066499999999994,0,0,0,0.15666382173131752,-0.023234298342486744,-9.8105689653522887,-0.012461344093606075,-0.017741456590945313,0.0030655325067890896,0.029620585090384923,-0.019451396297108001,0.032241825409275254,0.0011336094954957434,-0.00083657177752108824,0.0016966311166599997
17880587577,17.880587577,0.0092316613038641773,stationary_final,0,39.662867135479111,14.839180446576364,0,0.011656089003319039,0.014707814700503134,0,0.90030803604823084,0,0,0.43525330581970029,0,0,-9.8066499999999994,0,0,0,0.35013854311580311,-0.038343670142037156,-9.6891479709883104,0.020231017492065084,-0.021927606672893094,-0.021091914605624269,0.029588605403282699,-0.019528143751190139,0.032303552272348809,0.0011355491388735505,-0.0008293605325619969,0.0016965563225923277
17890805098,17.890805098000001,0.010217520792847419,stationary_final,0,39.662986231810862,14.839330723978884,0,0.011656089003319039,0.014707814700503134,0,0.90030803604823084,0,0,0.43525330581970029,0,0,-9.8066499999999994,0,0,0,-0.015848750738461297,0.35912957795948613,-10.068505563799903,-0.0082150342067750601,0.016415092200051971,0.0018182449254669037,0.02961818123819129,-0.019478657609049897,0.032438369804623925,0.001140322122949482,-0.00082949307884279681,0.0017013457674152444
17901216163,17.901216163000001,0.010411065108206378,stationary_final,0,39.663107584112382,14.83948384799533,0,0.011656089003319039,0.014707814700503134,0,0.90030803604823084,0,0,0.43525330581970029,0,0,-9.8066499999999994,0,0,0,0.81450068150909172,0.019179377164424045,-10.372994241929222,-0.0085082414893684864,-0.014787133492351228,0.0088175212444506074,0.029679349829450384,-0.019541167498571339,0.032532151999133702,0.0011417255128023051,-0.00082667955332361759,0.0017009707270764043
17910888212,17.910888212,0.0096720491021411586,stationary_final,0,39.663220322377562,14.839626102701299,0,0.011656089003319039,0.014707814700503134,0,0.90030803604823084,0,0,0.43525330581970029,0,0,-9.8066499999999994,0,0,0,-0.040351867447820364,-0.44124952443055554,-9.9734704436128983,0.0025262577860876391,-0.026657482585909598,0.011402128632741638,0.029576924450163172,-0.019422644368696864,0.032563691894584877,0.0011422411350115822,-0.00083054337812339956,0.0017027351581648887
17919284960,17.919284960000002,0.0083967482877122177,stationary_final,0,39.663318195622942,14.839749600519202,0,0.011656089003319039,0.014707814700503134,0,0.90030803604823084,0,0,0.43525330581970029,0,0,-9.8066499999999994,0,0,0,-0.42824806353431322,0.11316547405688288,-9.7296342449574365,0.0010942214619808761,0.0031034543673935941,0.0077892288514485996,0.029449958983181271,-0.019436992705677811,0.03252381504266267,0.0011351179873335042,-0.00083125706437161954,0.0017026218238543336
17928185471,17.928185471000003,0.008900511275661346,stationary_final,0,39.663421940774548,14.839880507589784,0,0.011656089003319039,0.014707814700503134,0,0.90030803604823084,0,0,0.43525330581970029,0,0,-9.8066499999999994,0,0,0,-0.71301231111720942,-0.25246588230618261,-9.5835344403823957,0.018444196772259037,-0.0061640438301726608,-0.0047771673724292894,0.029408587341726626,-0.019446171546797727,0.032534723349948592,0.0011364937340866278,-0.0008306029343122099,0.0017022000981258343
17936705173,17.936705173,0.0085197019198676137,stationary_final,0,39.663521247178409,14.840005813786926,0,0.011656089003319039,0.014707814700503134,0,0.90030803604823084,0,0,0.43525330581970029,0,0,-9.8066499999999994,0,0,0,-0.15006933017338417,0.022827470440454783,-9.8936130720292255,0.0055420871142438655,0.015317476091933927,-0.0046367789823942617,0.029332330613236566,-0.019314843002208312,0.032575111378103545,0.001138432222383816,-0.00083660057459799934,0.0017016581007538705
17947810018,17.947810018000002,0.011104844533622496,stationary_final,0,39.663650686234661,14.840169141782605,0,0.011656089003319039,0.014707814700503134,0,0.90030803604823084,0,0,0.43525330581970029,0,0,-9.8066499999999994,0,0,0,0.6646675411005617,0.018846772624035356,-9.6825823684235495,0.0071693382486340699,-0.018811298021747386,-0.0048364388854988827,0.029284869570857266,-0.019308917883720023,0.032630612478747739,0.001150996053232726,-0.00083461402105007272,0.0017004821355346784
17955856420,17.95585642,0.0080464021513347098,stationary_final,0,39.663744475814291,14.840287486774452,0,0.011656089003319039,0.014707814700503134,0,0.90030803604823084,0,0,0.43525330581970029,0,0,-9.8066499999999994,0,0,0,0.24469778586512483,0.28783854520236379,-9.4692016132536807,0.0097035199153640405,-0.017248559693407717,-0.0069169223751621659,0.029460816548599496,-0.019281731892791143,0.03240197590346023,0.001146622970802537,-0.0008319674829795707,0.0017003533537082345
17965444492,17.965444492,0.0095880717304800897,stationary_final,0,39.663856235231748,14.840428506356799,0,0.011656089003319039,0.014707814700503134,0,0.90030803604823084,0,0,0.43525330581970029,0,0,-9.8066499999999994,0,0,0,0.39362991136827663,0.015017544994448725,-9.4309602431044848,0.0025346515438441383,-0.025299015118161346,-0.0083300593456936411,0.029467211762500008,-0.019335247184672145,0.032435275564913588,0.001147060716436507,-0.00083096294964344188,0.0017041187463883109
17975990183,17.975990183,0.010545691181447088,stationary_final,0,39.663979156746763,14.840583610428585,0,0.011656089003319039,0.014707814700503134,0,0.90030803604823084,0,0,0.43525330581970029,0,0,-9.8066499999999994,0,0,0,0.087495848360071238,0.017526630669826432,-10.157810079198349,0.012935667854929672,0.0056314197310033693,0.022024201486765788,0.029287563330869282,-0.019403576336364303,0.03249922188171455,0.0011401041558605465,-0.00082981258070525925,0.0016985065898057279
17986744552,17.986744552000001,0.010754369431298523,stationary_final,0,39.664104510634026,14.8407417837014,0,0.011656089003319039,0.014707814700503134,0,0.90030803604823084,0,0,0.43525330581970029,0,0,-9.8066499999999994,0,0,0,0.1978865210740233,0.467785328089032,-9.857361883916397,0.011226648754873508,0.023358645413175949,0.013248094138900372,0.029216970577611211,-0.019339195603273653,0.032412171049690651,0.0011455606273982101,-0.00082519488738301561,0.001701922277928468
17994801473,17.994801473000003,0.008056920745736702,stationary_final,0,39.664198422819332,14.840860283398785,0,0.011656089003319039,0.014707814700503134,0,0.90030803604823084,0,0,0.43525330581970029,0,0,-9.8066499999999994,0,0,0,0.35992437214980422,0.36411007574475623,-9.3873799192441449,0.0068739950750396281,-0.010916353751159163,0.012286457535508066,0.029191020584260288,-0.019461968300556749,0.032364985997127067,0.0011433008107926467,-0.00083061193835946921,0.0017072920044729899
18000000000,18,0.0051985269999974548,stationary_final,0,39.66425901731273,14.840936742370616,0,0.011656089003319039,0.014707814700503134,0,0.90030803604823084,0,0,0.43525330581970029,0,0,-9.8066499999999994,0,0,0,0.22423224411164094,0.29915963206785401,-9.5059654757762786,-0.013299604931286476,-0.014579430587806792,-0.034534989771970545,0.029273980806384822,-0.019670577689984314,0.03240091091490651,0.0011447459009452292,-0.00082820581242464063,0.0017052715872181087
